:020000040000FA
:0800000000000000D9EF00F040
:0200080008D01E
:02000A000000F4
:0200180085D091
:06001A008988E9CF03F321
:10002000EACF04F348BC3DD09EA813D09DA811D0C0
:10003000040100917C2F02D09D980BD0040104EEA6
:1000400001F07E51EBCFADFF7E2B7B0E7E19D8B435
:100050007E6B9DAA61D09EAA5FD0AECFFDF4060E46
:100060000F01AB1419E1040100B956D000A302D06E
:10007000008952D004EE7FF00095FA2B7B0EFA191E
:1000800009E0FB51FDC4EBFFFB2B7B0EFB19D8B441
:10009000FB6B42D0008340D0AB98AB880401008753
:1000A0003BD0A4A813D0A3A811D0050100917C2FA8
:1000B00002D0A3980BD0050105EE01F07E51EBCFE5
:1000C00073FF7E2B7B0E7E19D8B47E6BA3AA24D03F
:1000D000A4AA22D074CFFEF5060E711419E1050111
:1000E00000B91AD000A302D0008916D005EE7FF027
:1000F0000095FB2B7C0EFB1909E0FC51FEC5EBFFC4
:10010000FC2B7C0EFC19D8B4FC6B06D0008304D009
:10011000719871880501008704C3EAFF03C3E9FFF2
:1001200089981100D8CF01F3E8CF00F3E0CF02F3B4
:100130009DA009D09EA007D00001342E02D04C848F
:100140009D909E902FD0A0A20AD0A1A208D000011D
:10015000352E03D04D80100E356EA19223D0F2A61D
:1001600009D0F2A007D0F2900001CFEC03F081504B
:10017000000018D0F2AA0AD0F2A408D0000102525E
:10018000D8B44882D8A40206F2940CD07DA209D03B
:100190007EA207D00001362E02D049887D927E9241
:1001A00001D000D002C3E0FF00C3E8FF01C3D8FFC5
:1001B0001000000000000F01896AC00E386FC00EE9
:1001C000926E000E396FF00E936E616E626EF19E4C
:1001D000F00E8A6E8B6A000E3A6FAE0E946E8C6AC9
:1001E000000E3B6FA00E956E8D6A000E3C6F000EE8
:1001F000966E0F01F26AD08EF290F296F190F2981C
:10020000F292F09CF090F096F09EF092F098F19CB3
:10021000F19AF198D76AD66AD59ED59CD59AD59889
:10022000D596D584D582D580F29AF194F294CF6A8E
:10023000CE6ACD80CC9CCC98CD92CD8ACD883F9192
:10024000CC9ECC92CC90CD9ECD9CCD96CD949F90C3
:100250009D90A3909E90B36AB26AB1803F95B49E80
:10026000B49CB498B492B490B182B18AB188B19E72
:10027000B19CB196B194A292A092A392A192506B1C
:100280004F6B4E814D9D4D994D934D914E834E8BAD
:100290004E893F994D9F4E9F4E9D4E974E957F9212
:1002A0007D92A3947E929F889F8AA588A58AB896FE
:1002B0007096B06A766AAC6A726A00018B8C8C8C1C
:1002C000046A036A026A296A080E0D6E2C6A476A7C
:1002D0004780486A496A4A6A4B6A4D6A4E6A4C6A64
:1002E0004F6A086A376A4C844468FF0EE8CF02F60A
:1002F000020EE8CF27F6000EE8CF05F2546A000E92
:10030000E8CF5CF8E8CF5EF855EC39F08988489C76
:10031000D3EC45F024B0488CCAEC05F00DEC05F0A8
:100320000DEC05F048BCB6EC02F048ACADEC02F0C8
:10033000F290F286F2949E90A1927E928998F28E2B
:10034000F28CE9EC04F0C6EC02F024EC21F0DAECDB
:1003500002F02E6AC6EC02F020503B6E7D927E9237
:1003600000014996E5EC02F049BE0DD017EE00F011
:100370002C5009C0E3FF2C2AFD0E096204D04C82E8
:10038000E2EC22F0EED74DA005D049B603D03B2ECB
:1003900001D0D9D749B8D1EC06F04DB0ACEC22F081
:1003A00065EC04F048A633D0F29AD59E0001A2EC89
:1003B00004F047AAB2EC04F047A003D07DEC25F08E
:1003C0001DD047A203D0BFEC2AF018D047A803D015
:1003D000D2EC2BF013D047A603D018EC30F00ED09F
:1003E00047AC03D0E4EC34F009D047AA03D093EC37
:1003F00040F004D047A40BD009EC03F07EEC04F0ED
:10040000046A489681500000F290F2860001A9D754
:100410000F01AC8A9D989D8AAB6AAB8EAB880401B4
:100420007C6B7E6B7D6B0401FA6BFC6BFB6B0401D8
:10043000006B000112000F01728AA398A38A716AEF
:10044000718E718805017C6B7E6B7D6B0501FB6B8A
:10045000FD6BFC6B0501006B0001120048BC15D060
:100460000401FA5102E10085000C04EE7FF0FC511A
:10047000EBCFFEF4FC2B7B0EFC19D8B4FC6BFA0717
:1004800000930099FEC4E8FF12000501FB5102E150
:100490000085000C05EE7FF0FD51EBCFFFF5FD2B45
:1004A0007C0EFD19D8B4FD6BFB0700930099FFC5C6
:1004B000E8FF120048BC20D00401FE6F00B11AD042
:1004C0007C5107E1FEC4ADFF7E2B7B0E7E19D8B4B4
:1004D0007E6B04EE01F07D51FEC4EBFF7D2B7B0EA5
:1004E0007D19D8B47D6B7C2B7B0E7C19D8A401D0F0
:1004F00000819D88000112000501FF6F00B11AD034
:100500007C5107E1FFC573FF7E2B7B0E7E19D8B4AB
:100510007E6B05EE01F07D51FFC5EBFF7D2B7B0E61
:100520007D19D8B47D6B7C2B7B0E7C19D8A401D0AF
:100530000081A38812000F0148BC07D0B896AC9484
:10054000110EAF6E000EB06E06D070967294110E42
:10055000756E000E766E00011200729A7198A39863
:10056000A39A0DEC05F008EC02F01200AC9AAB98DF
:100570000DEC05F01BEC02F012004C98E650DE6228
:1005800003D02F2EFBD701D04C881200A092100E62
:10059000356E4D90B36AB26AA192A08212001DC05E
:1005A00036F04998000EE8CF50FFE8CF4FFF7E921B
:1005B0007D8212002C6A7B0E48BC7C0E276E17EEE3
:1005C00000F0E66A272EFDD71200498E48BC0CD0F9
:1005D000040100B514D00401FA5111E02EEC02F030
:1005E000499EE8CF09F00BD0050100B508D0050100
:1005F000FB5105E02EEC02F0499EE8CF09F0000126
:1006000012000900F550D8B412005AEC02F0F9D7E4
:100610001200036A000EFB6E060EFA6E0444016EB1
:100620002A0E0124D8B0FA2AF96EB0D0AFD0AED0DD
:100630000DD0ACD0ABD0AAD016D0A8D0A7D0A6D021
:100640001ED037D0A3D085D089D012000F2A0F50EA
:10065000160AD8B40F6A4888C1EC41F0489857ECA4
:1006600004F0256A98D00F06150E0F600F6E4888AB
:10067000C1EC41F0489857EC04F0256A8CD08DEC21
:1006800004F04ABE06D04982C1EC41F057EC04F0B8
:1006900082D0F5EC45F0000EF86E8E0EF76E620E0D
:1006A000F66EC1EC05F0476A4780F29AD59E256A3E
:1006B00072D02552D8B46AD0000EF86E8F0EF76E45
:1006C000E80EF66EC1EC05F0AC84230EAF6E010EA1
:1006D000B06EADEC02F0489C7EEC04F0046A4896E3
:1006E00081500000F290F286E5EC02F049BE11D094
:1006F000C10E0962F9D7A2EC04F0000EF86E900E5C
:10070000F76E100EF66EC1EC05F0320E5CEC05F0E3
:10071000FF0048A6E9D7F29AD59E4890A2EC04F0D3
:10072000B2EC04F0000EF86E8D0EF76E440EF66E0D
:10073000C1EC05F0320E5CEC05F0000EF86E8F0E89
:10074000F76E640EF66EC1EC05F0320E5CEC05F04F
:10075000FF002552D8B41AD08EEF06F08DEC04F0CD
:100760004ABE06D04980C1EC41F057EC04F013D0EA
:10077000000EF86E8E0EF76E780EF66EC1EC05F078
:10078000476A4780F29AD59E256A05D0E0EC04F0CE
:1007900057EC04F000D049924990046A1200056AAF
:1007A000052E01D07CD0066A062E01D0F9D7811C17
:1007B000006EF00BF9E0FE0E8A6EDEEF03F0E0EF64
:1007C00003F0E2EF03F0E4EF03F0811CF00B10E024
:1007D0000F0E046E00B866D00B0E046E00BA62D025
:1007E000070E046E00BC5ED0030E046E00BE5AD02D
:1007F000FD0E8A6EFBEF03F0FDEF03F0FFEF03F059
:1008000001EF04F0811CF00B10E00E0E046E00B836
:1008100049D00A0E046E00BA45D0060E046E00BC24
:1008200041D0020E046E00BE3DD0FB0E8A6E18EF62
:1008300004F01AEF04F01CEF04F01EEF04F0811C2A
:10084000F00B10E00D0E046E00B82CD0090E046EF3
:1008500000BA28D0050E046E00BC24D0010E046E30
:1008600000BE20D0F70E8A6E35EF04F037EF04F0AB
:1008700039EF04F03BEF04F0811CF00B10E00C0E9C
:10088000046E00B80FD0080E046E00BA0BD0040E30
:10089000046E00BC07D0000E046E00BE03D0046AD4
:1008A000489602D04886F296F00E8A6E120048A44E
:1008B0000BD0D76AD66AD584D592D5804880489225
:1008C0001AC002F0F28AD58E120048A0120048A287
:1008D00012004890036A256A4B944B964B98086A1D
:1008E0004B9A476A4780000EF86E8E0EF76E440EE4
:1008F000F66EC1EC05F0F29AD59E1200F00E8A1643
:10090000000000005BEC05F0811CF00BFBE15BECF0
:1009100005F0811CF00BFBE112004A9EF00E8A16D6
:1009200000000000320E056E5BEC05F0811CF00B40
:1009300008E0052EF9D7D2EC04F0070E5CEC05F0C8
:100940004A8E1200180E92EC05F0200E92EC05F083
:1009500012002C0E92EC05F0200E92EC05F091ECBA
:1009600005F0120047BA1DD047A410D00F50090A55
:100970000DE104500B0A01E105D004500F0AD8A480
:1009800005D000D01952D8A40CD003D0196601D0DC
:1009900008D0000EF86E8D0EF76EB20EF66EC1EC3A
:1009A00005F0120019520BE0000EF86E8D0EF76E76
:1009B000C00EF66EC1EC05F0080E5CEC05F01200FE
:1009C000000EF86E8D0EF76ECE0EF66EC1EC05F0D1
:1009D000120048BC0AD000D0000EF86E8F0EF76EE1
:1009E000060EF66EC1EC05F008D0000EF86E8F0E04
:1009F000F76E0E0EF66EC1EC05F0120048BC06D084
:100A00000401006BFA6BFB6BFC6B05D00501006BFE
:100A1000FB6BFC6BFD6B0001120048BC09D07B0E28
:100A2000276E040114EE7FF0E66A272EFDD708D06A
:100A30007C0E276E050115EE7FF0E66A272EFDD7A6
:100A4000000112005490E8CF0AF22F0807E006E2F6
:100A50000AC2E8FF3B0802E001E354800AC2E8FF53
:100A6000120002010E510C5F0D51D8A00D3D0B5F1D
:100A70000001120002010C1F0B1F0C3D0B070B2B7A
:100A80000C6F0B110001120003011151146FD8906B
:100A9000143714371427143712511427136B000E10
:100AA000106507D0D890640E1427D8B0132B100708
:100AB000F6D700011200010EE8CF05F3200EE8CFB3
:100AC00006F362EF05F064EF05F066EF05F068EFFE
:100AD00005F06AEF05F00000F50EE8CF07F300001F
:100AE000000007C3E8FFE806E8CF07F3FAE10000DB
:100AF00006C3E8FFE806E8CF06F3EEE105C3E8FF2A
:100B0000E806E8CF05F305E085EF05F087EF05F08F
:100B1000D5D712000E6E92EC05F091EC05F00E5058
:100B200012000D0E0D2E03D082B6FED70D86F29E5A
:100B3000F29C0A6E0C0E0B6E8B90090E0C6E0B2E37
:100B40009FEF05F00C0E0B6E0C2E12D00000000073
:100B500000000000000000008B800D0E0B6E0B2EBD
:100B6000AFEF05F00000F28EF28C0A320A5012004C
:100B700000000A32D8A003D000008B80E0D78B9011
:100B8000DED70900F550D8B4120082B6FED792EC39
:100B900005F0F7D7320E5CEC05F091EC05F0230E72
:100BA0005CEC05F01E0E92EC05F0010E92EC05F0E7
:100BB000400E92EC05F091EC05F0010E92EC05F080
:100BC000330E92EC05F04B0E92EC05F091EC05F033
:100BD00091EC05F00FC026F0160E0F6E0F06C1EC5B
:100BE00041F05BEC05F00F50F9E126C00FF0000E6C
:100BF000F86E8C0EF76E2A0EF66EC1EC05F0120040
:100C00001200E8CF15F3F00BE83818EC06F092EC80
:100C100005F0200E92EC05F015C3E8FF0F0B18EC61
:100C200006F092EC05F091EC05F015C3E8FF120018
:100C3000016E000EFB6E0C0EFA6E0144016E480E42
:100C40000124D8B0FA2AF96E300C310C320C330C76
:100C5000340C350C360C370C380C390C410C420C6A
:100C6000430C440C450C460C1200E8CF15F34DEC38
:100C700006F0300F92EC05F015C3E8FF62EC06F0C9
:100C8000300F92EC05F015C3E8FF78EC06F0300F5A
:100C900092EC05F015C3E8FF1200E8CF11F3000E47
:100CA000E8CF12F312C3E8FFE82AE8CF12F311C32A
:100CB000E8FF9C0FE8CF11F3D8B0F4D712C3E8FFD8
:100CC000E8061200E8CF11F3000EE8CF12F312C3CA
:100CD000E8FFE82AE8CF12F311C3E8FFF60FE8CFE8
:100CE00011F3D8B0F4D712C3E8FFE80678EF06F0A6
:100CF000E8CF12F312C3E8FFF60FE8CF12F3D8B033
:100D0000F9D712C3E8FF0A0F1200000EF86E900E1A
:100D1000F76E4C0EF66EC1EC05F01200330E92EC3D
:100D200005F091EC05F0640E5CEC05F0320E92ECEF
:100D300005F091EC05F0640E5CEC05F0310E92ECE0
:100D400005F091EC05F0640E5CEC05F0000EF86E19
:100D50008F0EF76E640EF66EC1EC05F0FA0E5CECC9
:100D600005F0FF0012005488000EF86E8F0EF76E2B
:100D7000780EF66EC1EC05F057EC04F01200000E90
:100D8000F86E8D0EF76E580EF66EC1EC05F012007F
:100D9000000EF86E8D0EF76E640EF66EC1EC05F067
:100DA0001200AFEC07F057EC08F04FA22BD009C7A8
:100DB00015F608C716F607C717F606C718F605C7CB
:100DC00019F6060115511A630ED016511B630BD08C
:100DD00017511C6308D018511D6305D019511E63AB
:100DE00002D000010FD0000115C61AF616C61BF678
:100DF00017C61CF618C61DF619C61EF6A2EC04F09E
:100E00002EEC23F0499812004F9217EE00F0FA0EE4
:100E10002C6EE6CF43F043505AEC02F04350FD0AEB
:100E20000CE02C06D8A4F5D7000EF86E900EF76EE5
:100E30008A0EF66EC1EC05F01BD073EC07F04CAED9
:100E400017D000C743F0B0C1E8FF43180DE101C758
:100E500043F0B1C1E8FF431807E102C743F0B3C153
:100E6000E8FF431801E103D0DAEC02F0E6D74F8245
:100E700012007EEC04F04F9211EEB0F0200E2C6EBA
:100E8000E6CF43F043505AEC02F04350FD0A0CE029
:100E90002C06D8A4F5D7000EF86E900EF76E8A0EC9
:100EA000F66EC1EC05F01ED073EC07F04CAE1AD014
:100EB0004FBE6CEC40F000C743F0B0C1E8FF4318F0
:100EC0000DE101C743F0B1C1E8FF431807E102C7D4
:100ED00043F0B3C1E8FF431801E103D0DAEC02F0BC
:100EE000E3D74F82120065EC40F04C9E2C6A2050F4
:100EF0003B6E2C6604D065EC04F048B615D0E5ECEA
:100F000002F049BE09D017EE00F02C5009C0E3FFF3
:100F10002C2A0950FD0A21E04DA0EBD73B06D8B49E
:100F20000ED0C6EC02F0E5D7A2EC04F0000EF86E8D
:100F30008E0EF76E440EF66EC1EC05F00FD0A2ECEB
:100F400004F0000EF86E8E0EF76EF60EF66EC1EC23
:100F500005F020503B6E4D8001D04C8E1200C6EC47
:100F600002F05BEC05F00DEC05F01200AFEC07F0C1
:100F700046A03EEC3BF046B067EC3BF04FA219D0E8
:100F8000A1EC1EF046A203D00BEC40F012D057ECBF
:100F900008F04FA20ED0A2EC04F02EEC23F01F526A
:100FA00008E061EC08F04FA204D000C63AF048EC2B
:100FB00024F02C6A1200AFEC07F057EC08F04FA2B7
:100FC00056D0B9EC1EF0FF0A46E0549CA2EC04F0A7
:100FD0002EEC23F01F524BE061EC08F04FA247D0FB
:100FE00000C63AF048EC24F052A441D05BEC05F086
:100FF000F2EC1EF0070EE66ED20EE66EFD0EE66E09
:1010000039EC07F04FA233D0A1EC1EF046B22DD040
:10101000B9EC1EF0E852D8B4410ED8A4420E92ECBE
:1010200005F091EC05F05BEC05F0F2EC1EF00F0E14
:10103000E66EFD0EE66E39EC07F04FA218D0B9EC63
:101040001EF0E85214E0010A12E1530E92EC05F092
:1010500091EC05F00CD0548C000EF86E940EF76EE7
:10106000520EF66EC1EC05F002D014EC40F02C6A82
:101070001200AFEC07F061EC08F04FA206D000C6FA
:101080003AF0A2EC04F0BAEC24F02C6A1200AFECB7
:1010900007F061EC08F04FA208D000C622F601C6A6
:1010A00023F6A2EC04F05FEC25F02C6A1200F2ECBF
:1010B0001EF0030EE66EFD0EE66E39EC07F02C6AAC
:1010C0001200F2EC1EF0040EE66EFD0EE66E39EC38
:1010D00007F04FA208D0C2EC1EF0E8CF00F6B9EC42
:1010E0001EF0E8CF01F62C6A1200AFEC07F0F2EC2C
:1010F0001EF01A0EE66E060EE66EFD0EE66E39EC7A
:1011000007F04FA250D0C2EC1EF0E852D8A42AD06B
:10111000AFEC07F0F2EC1EF01A0EE66E060E51B6BA
:10112000040EE66E010EE66E50B609D050BC07D034
:1011300050BE05D051BA03D001C6E8FFE66EFD0EE1
:10114000E66E39EC07F04FA22ED0A1EC1EF046B2AD
:101150002AD0000EF86E920EF76E640EF66EC1EC99
:1011600005F021D0AFEC07F0F2EC1EF01A0EE66E9F
:10117000060E51B6040EE66E000EE66E50B608D0AE
:1011800050BC06D050BE04D051BA02D0000EE66E5C
:10119000FD0EE66E39EC07F04FA205D0A1EC1EF073
:1011A00046B201D000D02C6A1200AFEC07F061EC1F
:1011B00008F04FA229D024C6E8FF120A02E000C6B8
:1011C0003AF024C6E8FF150A02E001C623F60A0E2B
:1011D0005CEC05F0F2EC1EF0060EE66E3A50E66EA0
:1011E000060AD8A423C6E8FFD8B4010EE66EFD0EA9
:1011F000E66E39EC07F04FA207D0A1EC1EF046B224
:1012000001D002D014EC40F02C6A1200AFEC07F0D1
:10121000000EF86E950EF76E3E0EF66EC1EC05F000
:10122000F2EC1EF0160EE66E120EE66EFD0EE66E87
:1012300039EC07F04FA27AD0A1EC1EF046B274D080
:1012400006C7E8FF000A2EE006C7E8FF010A2DE006
:1012500050B618D050BA16D050BC14D050BE12D0D0
:1012600006C7E8FF000A52BC32E051B20BD051B4BD
:1012700009D051B807D051BE05D052B403D052B8EE
:1012800001D009D006C7E8FF020A18E006C7E8FF48
:10129000030A1DE004D006C7E8FF020A18E041EC8B
:1012A00040F044D0BFEC06F041D0000EF86E900E36
:1012B000F76E220EF66EC1EC05F011D0000EF86E3E
:1012C000950EF76E460EF66EC1EC05F008D0000ED6
:1012D000F86E900EF76E300EF66EC1EC05F00A0E49
:1012E0005CEC05F0F2EC1EF01A0EE66E040EE66EF3
:1012F000FD0EE66E39EC07F04FA218D0A1EC1EF0FF
:1013000046B214D0A9EC04F006C7E8FFF00BE838A9
:10131000300F92EC05F006C7E8FF0F0B300F92EC90
:1013200005F091EC05F002D014EC40F02C6A1200AC
:10133000AFEC07F00450310A06E00450320A06E030
:10134000030E006E05D0010E006E02D0020E006E7C
:10135000F2EC1EF0160EE66E120EE66E0050E66E11
:10136000FD0EE66E39EC07F04FA207D0A1EC1EF09F
:1013700046B203D006EC09F000D0036A1200AFECCD
:1013800007F0000EF86E930EF76EF20EF66EC1ECDB
:1013900005F0F2EC1EF0150EE66E130EE66EFD0E75
:1013A000E66E39EC07F04FA230D0A1EC1EF046B249
:1013B0002AD0000EE8CF0EF3E8CF0FF306C7E8FF00
:1013C000E8CF10F307C7E8FFF00BE838E8CF11F3D8
:1013D00007C7E8FF0F0BE8CF12F364EC3EF014C32D
:1013E000E8FF72EC3FF0006E52A402D0D8900032B9
:1013F000005035EC06F01B5203E0250E92EC05F090
:1014000091EC05F002D014EC40F02C6A1200AFEC25
:1014100007F0000EF86E910EF76E7C0EF66EC1ECC2
:1014200005F0F2EC1EF0120EE66EFD0EE66E39ECE3
:1014300007F04FA287D005C7E8FF000A0CE106C7F6
:10144000E8FFFD0A3BE006C7E8FF000A3BE006C7ED
:10145000E8FF010A3BE005C7E8FF010A0CE106C707
:10146000E8FFFD0A37E006C7E8FF000A37E006C7D5
:10147000E8FF010A37E005C7E8FF020A0CE106C7EA
:10148000E8FFFD0A33E006C7E8FF000A33E006C7BD
:10149000E8FF010A33E005C7E8FF030A0CE106C7CD
:1014A000E8FFFD0A2FE006C7E8FF000A2FE006C7A5
:1014B000E8FF010A2FE014EC40F044D0310E92EC2A
:1014C00005F03ED0310E92EC05F028D0310E92ECB2
:1014D00005F02DD0320E92EC05F032D0320E92ECA7
:1014E00005F01CD0320E92EC05F021D0330E92ECB8
:1014F00005F026D0330E92EC05F010D0330E92ECAE
:1015000005F015D0340E92EC05F01AD0340E92ECA2
:1015100005F004D0340E92EC05F009D0000EF86E00
:10152000950EF76E580EF66EC1EC05F00BD0000E5E
:10153000F86E950EF76E4C0EF66EC1EC05F002D00B
:1015400091EC05F02C6A1200AFEC07F0000EF86E7B
:10155000970EF76E060EF66EC1EC05F0F2EC1EF07B
:10156000160EE66E320EE66EFD0EE66E39EC07F0F4
:101570004FA234D0A1EC1EF046B22BD006C7E8FF34
:10158000000A0FE006C7E8FF010A0EE006C7E8FF01
:10159000020A11E006C7E8FF030A14E041EC40F03C
:1015A0001DD0BFEC06F01AD0000EF86E940EF76E48
:1015B000620EF66E11D0000EF86E950EF76E460EA6
:1015C000F66E0AD0000EF86E940EF76E5A0EF66E96
:1015D00003D014EC40F002D0C1EC05F02C6A1200EC
:1015E000AFEC07F0000EF86E980EF76E6E0EF66E0A
:1015F000C1EC05F0F2EC1EF01C0EE66E010EE66E7C
:10160000FD0EE66E39EC07F04FA29CD7A1EC1EF060
:1016100046B21ED0B9EC1EF0000A0BE0B9EC1EF089
:10162000010A0AE0B9EC1EF0020A09E00BEC40F0F6
:1016300011D0BFEC06F00ED0C8EC06F00BD0000EB7
:10164000F86E980EF76E7E0EF66EC1EC05F002D0C5
:1016500014EC40F02C6A1200AFEC07F0000EF86EAC
:10166000920EF76E1C0EF66EC1EC05F0F2EC1EF059
:10167000110EE66EFD0EE66E39EC07F04FA21ED09D
:10168000B9EC1EF0000A07E0B9EC1EF0010A06E012
:1016900085EC3FF00BD0BFEC06F010D04F0E92EC73
:1016A00005F06E0E92EC05F00D0E06D0440E92EC95
:1016B00005F0420E92EC05F091EC05F02C6A120058
:1016C000AFEC07F0E1EC0BF04FA279D061EC08F041
:1016D0004FA275D000C622F601C623F6B5EC0EF077
:1016E00039EC07F04FA26BD0A1EC1EF046B265D0EA
:1016F00045C002F7E00EE8CF03F717EE08F015C675
:10170000E6FF16C6E6FF17C6E6FF18C6E6FF19C6CF
:10171000E6FF22C6E6FF23C6E6FF04EC07F04FA271
:101720004ED0A1EC1EF046B248D0B2EC0DF0B5ECB4
:101730000EF039EC07F04FA242D0A1EC1EF046B2F9
:101740003CD00DC722F60EC723F60A0E5CEC05F05E
:10175000F2EC1EF0050EE66E08C7E8FFE66E09C75C
:10176000E8FFE66E0AC7E8FFE66E0BC7E8FFE66E25
:101770000CC7E8FFE66EFD0EE66E39EC07F04FA2EF
:101780001ED0A1EC1EF046B218D00A0E5CEC05F09B
:10179000F2EC1EF0060EE66E22C6E8FFE66E23C6E9
:1017A000E8FFE66EFD0EE66E39EC07F04FA207D0BB
:1017B000A1EC1EF046B201D002D014EC40F02C6A2D
:1017C000120057EC08F04FA2CCD105C715F606C79A
:1017D00016F607C717F608C718F609C719F609C796
:1017E000E8FFF00B100AD8B451D109C7E8FF0F0B7E
:1017F000E8CF0EF308C7E8FFF00BE838E8CF0FF3A7
:1018000008C7E8FF0F0BE8CF10F307C7E8FFF00B9E
:10181000E838E8CF11F307C7E8FF0F0BE8CF12F362
:101820004A9005C700F006C7E8FF0026D8B44A80F2
:1018300064EC3EF013C30DF214C30EF2000EE8CFB9
:101840000BF2C80EE8CF0CF289EC3EF00CE2000E71
:10185000E8CF0BF2B40EE8CF0CF289EC3EF0D8A042
:101860005FD1010E5ED1010EE8CF0BF29A0EE8CFE8
:101870000CF289EC3EF00CE2010EE8CF0BF2540EB4
:10188000E8CF0CF289EC3EF0D8A04AD1020E49D143
:10189000020EE8CF0BF2EE0EE8CF0CF289EC3EF030
:1018A0000CE2020EE8CF0BF2B20EE8CF0CF289EC9C
:1018B0003EF0D8A035D1030E34D1040EE8CF0BF2A0
:1018C0001A0EE8CF0CF289EC3EF00CE2030EE8CFE2
:1018D0000BF2DE0EE8CF0CF289EC3EF0D8A020D15E
:1018E000040E1FD1050EE8CF0BF2AA0EE8CF0CF2C2
:1018F00089EC3EF00CE2050EE8CF0BF26E0EE8CF5D
:101900000CF289EC3EF0D8A00BD1050E0AD1070EDF
:10191000E8CF0BF23A0EE8CF0CF289EC3EF00CE285
:10192000060EE8CF0BF2FE0EE8CF0CF289EC3EF08B
:10193000D8A0F6D0060EF5D0080EE8CF0BF2660E52
:10194000E8CF0CF289EC3EF00CE2080EE8CF0BF287
:101950002A0EE8CF0CF289EC3EF0D8A0E1D0070EB9
:10196000E0D0090EE8CF0BF2CE0EE8CF0CF289ECF6
:101970003EF00CE2090EE8CF0BF2880EE8CF0CF235
:1019800089EC3EF0D8A0CCD0080ECBD00B0EE8CF1F
:101990000BF2B80EE8CF0CF289EC3EF00DE00FE24E
:1019A0000A0EE8CF0BF2F00EE8CF0CF289EC3EF015
:1019B000D8A0B6D0090EB5D04AA001D0FBD7150EDD
:1019C000E8CF0BF2180EE8CF0CF289EC3EF00DE0F8
:1019D0000FE2130EE8CF0BF2880EE8CF0CF289EC81
:1019E0003EF0D8A09DD0100E9CD04AA001D0FBD7CD
:1019F000390EE8CF0BF2D00EE8CF0CF252A806D089
:101A0000430EE8CF0BF2F80EE8CF0CF289EC3EF073
:101A100017E019E2380EE8CF0BF2400EE8CF0CF2D7
:101A200052A806D02A0EE8CF0BF2300EE8CF0CF207
:101A300089EC3EF0D8A074D0110E52BA010E71D0CC
:101A40004AA001D0F9D7AF0EE8CF0BF2C80EE8CF0D
:101A50000CF252A806D0BB0EE8CF0BF2800EE8CFF6
:101A60000CF289EC3EF00FE05BE2A40EE8CF0BF243
:101A7000100EE8CF0CF289EC3EF0D8A051D0120E37
:101A800052BA020E4ED04AA001D0F9D752BA02D0B3
:101A900052A846D0000EE8CF0EF309C7E8FFF00BBE
:101AA000E838E8CF0FF309C7E8FF0F0BE8CF10F3D2
:101AB00008C7E8FFF00BE838E8CF11F308C7E8FFE4
:101AC0000F0BE8CF12F34A9005C700F006C7E8FFF6
:101AD000002607C7E8FF0026D8B44A8064EC3EF031
:101AE00013C30DF214C30EF2050EE8CF0BF2280E4D
:101AF00052BA140EE8CF0CF289EC3EF00EE010E280
:101B0000040EE8CF0BF2D80EE8CF0CF289EC3EF0D1
:101B100007E3130E52BA030E04D04AA001D0F9D73E
:101B2000000EE8CF39F6E8661CD0110EE8CF39F682
:101B3000560E45180BE050B609D051BA07D051B235
:101B400009D051B407D052B809D00BD0120EE8CF4B
:101B500039F607D0130EE8CF39F603D0140EE8CFCC
:101B600039F61200000E04180BE1010E006E000E93
:101B7000F86E930EF76E860EF66E52BAC1D0EED0A6
:101B8000010E04180BE1020E006E000EF86E930EAB
:101B9000F76E8C0EF66E52BADAD0E0D0020E041850
:101BA00011E1030E006E000EF86E930EF76E980EA4
:101BB000F66E52AAD3D0000EF86E930EF76EE20EB8
:101BC000F66ECCD0040E041809E1040E006E000E6F
:101BD000F86E930EF76E9E0EF66EC0D0050E0418CA
:101BE00009E1050E006E000EF86E930EF76EA40E5E
:101BF000F66EB4D0060E041809E1060E006E000E53
:101C0000F86E930EF76EAA0EF66EA8D0080E0418A2
:101C100009E1070E006E000EF86E930EF76EB00E1F
:101C2000F66E9CD0090E041809E1080E006E000E35
:101C3000F86E930EF76EB60EF66E90D00A0E04187C
:101C400009E1090E006E000EF86E930EF76EBC0EE1
:101C5000F66E84D00D0E041814E1100E006E000E06
:101C6000F86E930EF76EC20EF66E51B201D076D0BA
:101C7000110E006E000EF86E930EF76EC60EF66E25
:101C80006DD00C0E041823E1110E006E000EF86EDC
:101C9000930EF76EEC0EF66E50B610D051B205D022
:101CA00051B40FD052B810D059D0100E006E000EA3
:101CB000F86E930EF76EC20EF66E50D0120E006ED6
:101CC0004DD0130E006E4AD0140E006E47D00E0E8B
:101CD00004181DE1110E006E000EF86E930EF76EE3
:101CE000C60EF66E51B203D052B80AD00FD0120E03
:101CF000006E000EF86E930EF76ED20EF66E2ED0BA
:101D0000000EF86E930EF76ECA0EF66E27D00B0E0D
:101D100004180BE1000EF86E930EF76EE20EF66EED
:101D200052B800D0130E006E19D00F0E04181CE12B
:101D3000000EF86E930EF76ED20EF66E51B402D00E
:101D400052B803D0120E006E09D0120E006E000EB3
:101D5000F86E930EF76EDA0EF66E00D000C039F60C
:101D60001B52D8A4C1EC05F01200F2EC1EF01A0EC2
:101D7000E66E010EE66E39C6E8FFE66E010EE66E0F
:101D8000FD0EE66E1200549050B01DD050B61BD020
:101D900050BA19D050BC17D050BE15D051B213D084
:101DA00051B411D051B60FD051B80DD051BA0BD09B
:101DB00051BC09D052B207D052B405D052B803D0AA
:101DC00052BA01D001D054801200AFEC07F0000EDF
:101DD000F86E910EF76E920EF66EC1EC05F0F2EC15
:101DE0001EF0160EE66E440EE66EFD0EE66E39EC43
:101DF00007F04FA22FD0B9EC1EF0000A07E0B9ECB3
:101E00001EF0010A06E041EC40F024D0BFEC06F0E1
:101E100021D0F2EC1EF0FDEC1EF0FD0EE66E39EC6A
:101E200007F04FA217D0A1EC1EF046B211D034C675
:101E3000E8FF010A03E195EC3FF00CD034C6E8FF5F
:101E4000020A03E1B4EC3FF005D085EC3FF002D08C
:101E5000C8EC06F02C6A1200AFEC07F0000EF86E2A
:101E6000910EF76E920EF66EC1EC05F0F2EC1EF0DC
:101E7000150EE66E140EE66EFD0EE66E39EC07F0FA
:101E80004FA22FD0A1EC1EF046B229D0000EE8CF11
:101E90000EF3E8CF0FF306C7E8FFE8CF10F307C74C
:101EA000E8FFF00BE838E8CF11F307C7E8FF0F0BA6
:101EB000E8CF12F364EC3EF014C3E8FFD890E832A8
:101EC000D890E832D890E83235EC06F0440E92EC27
:101ED00005F0420E92EC05F091EC05F002D014EC06
:101EE00040F02C6A1200AFEC07F0F2EC1EF0150E79
:101EF000E66E150EE66EFD0EE66E39EC07F04FA2AB
:101F0000A0D1A1EC1EF046B29AD1000EE8CF0EF39C
:101F1000E8CF0FF306C7E8FFE8CF10F307C7E8FFE5
:101F2000F00BE838E8CF11F307C7E8FF0F0BE8CF55
:101F300012F364EC3EF051BE6ED0548014C300F036
:101F400000504C0FD8B003D05490E81EE82A276EFA
:101F50000301136B146B275206E00D0E1427D8B043
:101F6000132B272EFAD7120EE8CF09F3C00EE8CFB5
:101F700008F354A009D008C3E8FF1427D8B0132BE6
:101F800009C3E8FF13270ED009C30BF208C30CF2F4
:101F900013C30DF214C30EF231EC05F00BC213F3B0
:101FA0000CC214F30001000EE8CF0AF313C309F3C7
:101FB00014C308F3640EE8CF0BF391EC3EF052B477
:101FC00005D008C3E8FFE10FE8CF08F308C3E8FF36
:101FD0004DEC06F0300F92EC05F008C3E8FF62EC20
:101FE00006F0300F92EC05F008C3E8FF78EC06F03D
:101FF000300F92EC05F02E0E92EC05F00CC3E8FFCA
:1020000062EC06F0300F92EC05F0560E92EC05F003
:1020100091EC05F054D014C327F0980E276030D00F
:10202000000EE8CF0AF3E8CF09F314C308F30F0E4C
:10203000E8CF0BF391EC3EF008C3E8FF62EC06F04A
:10204000300F92EC05F008C3E8FF78EC06F0300F93
:1020500092EC05F02E0E92EC05F0030E276E0CC3E9
:10206000E8FF006ED8900032D89000320026272E6C
:10207000FAD70030300F92EC05F091EC05F01FD04C
:10208000640E006E970E275E010E0026272EFCD7E9
:1020900000504DEC06F0300F92EC05F0005062EC71
:1020A00006F0300F92EC05F02E0E92EC05F0005089
:1020B00078EC06F0300F92EC05F091EC05F0A9EC0D
:1020C00004F0F2EC1EF0150EE66E160EE66EFD0E36
:1020D000E66E39EC07F04FA2B4D0A1EC1EF046B288
:1020E000AED0000EE8CF0EF3E8CF0FF306C7E8FF3F
:1020F000E8CF10F307C7E8FFF00BE838E8CF11F39B
:1021000007C7E8FF0F0BE8CF12F364EC3EF051BEB7
:1021100043D014C300F0190E006421D0002A320EFF
:1021200000641DD0002A4B0E006419D0002A780EDE
:10213000006415D0002AA10E006411D0002AB10E4F
:1021400000640DD0002AC10E006409D0002AD10E0F
:10215000006405D0002AE10E006401D0002A00507E
:102160004DEC06F0300F92EC05F000C0E8FF62EC99
:1021700006F0300F92EC05F02E0E92EC05F000C048
:10218000E8FF78EC06F0300F92EC05F0410E92EC8F
:1021900005F091EC05F055D0016A006A14C327F0F0
:1021A000A60E27601BD04E0E276009D0275224E0D0
:1021B000820E0026D8B0012A272EFAD71DD0270E6E
:1021C000016E100E006E14C327F0B30E2726730E97
:1021D0000026D8B0012A272EFAD70ED04E0E016E57
:1021E000200E006E14C327F05B0E2726850E0026F6
:1021F000D8B0012A272EFAD701C013F300C014F378
:10220000D3EC3FF00EC3E8FF300F92EC05F00FC3A4
:10221000E8FF300F92EC05F02E0E92EC05F010C3A3
:10222000E8FF300F92EC05F011C3E8FF300F92EC9D
:1022300005F0410E92EC05F091EC05F002D014ECA3
:1022400040F02C6A1200AFEC07F0000EF86E970E0B
:10225000F76E3E0EF66EC1EC05F0F2EC1EF0070EC6
:10226000E66E51A003D0C00EE66E04D0C20EE66E3C
:10227000000EE66EFD0EE66E39EC07F04FA209D0B7
:10228000A1EC1EF046B203D0BFEC06F002D014EC75
:1022900040F02C6A1200AFEC07F0000EF86E970EBB
:1022A000F76E3E0EF66EC1EC05F0F2EC1EF0070E76
:1022B000E66E51A003D0C10EE66E04D0C20EE66EEB
:1022C000010EE66EFD0EE66E39EC07F04FA209D066
:1022D000A1EC1EF046B203D0C8EC06F002D014EC1C
:1022E00040F02C6A1200AFEC07F0000EF86E950E6D
:1022F000F76EA40EF66EC1EC05F03AC600F0020EC1
:10230000006403D0006A00C03AF60050020A1FE0E1
:102310000050010A0BE0BFEC06F0F2EC1EF00F0ECD
:10232000E66E100EE66EFD0EE66E22D0000EF86E22
:10233000940EF76E000EF66EC1EC05F0F2EC1EF096
:102340000F0EE66E110EE66EFD0EE66E11D0000E5B
:10235000F86E930EF76EFA0EF66EC1EC05F0F2EC25
:102360001EF00F0EE66E120EE66EFD0EE66E00D04B
:1023700039EC07F04FA212D0A1EC1EF046B20CD0FF
:10238000050E5CEC05F0A9EC04F03AC600F0005232
:10239000D8A4D3EC15F002D014EC40F03AC6E8FF14
:1023A000E82AE8CF3AF62C6A1200AFEC07F00450A6
:1023B000320A09E0000E006E000EF86E960EF76EFF
:1023C000F20EF66E0ED0010E006E030E50BC006EC3
:1023D000030E50BE006E000EF86E960EF76EFA0EEB
:1023E000F66EC1EC05F0F2EC1EF00CEC1FF00050A4
:1023F000E66EFD0EE66E39EC07F04FA207D0A1ECB9
:102400001EF046B201D002D014EC40F01200AFEC46
:1024100007F0000EF86E910EF76EB60EF66EC1EC78
:1024200005F0F2EC1EF01A0EE66E030E51B6020E27
:10243000E66E24C6E8FF140A03E133C6E8FFE66E41
:10244000FD0EE66E39EC07F04FA293D0A1EC1EF022
:1024500046B28DD024C6E8FF140A03E1E8CF24F683
:10246000E0D7006A06C7E8FFE85013E0F00B07E08A
:10247000276E273AE86A0A0F272EFDD7006E06C797
:10248000E8FF0F0B06E0276EE86A010F272EFDD745
:10249000002600C038F6050E5CEC05F061EC08F093
:1024A0004FA25CD000C6E8FF020A19E0000EE8CF98
:1024B00013F3320EE8CF14F338C627F0275222E088
:1024C000006A2750F60FD8A0320ED8B0640E030170
:1024D0001427D8B0132B0001272EF3D713D0000EEA
:1024E000E8CF13F3C80EE8CF14F338C627F027520D
:1024F00009E0006AC80E03011427D8B0132B0001AD
:10250000272EF8D7D3EC3FF00EC3E8FF300F92EC44
:1025100005F00FC3E8FF300F92EC05F010C3E8FFA1
:10252000300F92EC05F011C3E8FF300F92EC05F08C
:1025300012C3E8FF300F92EC05F01B5209E0200EA9
:1025400092EC05F0480E92EC05F07A0E92EC05F054
:1025500091EC05F00ED091EC05F00BD0000EF86E6A
:102560008E0EF76EE00EF66EC1EC05F002D014ECA4
:1025700040F02C6A1200AFEC07F0000EF86E910EDE
:10258000F76ED00EF66EC1EC05F0F2EC1EF0140EF4
:10259000E66E0C0EE66EFD0EE66E39EC07F04FA20D
:1025A00010D0A1EC1EF046B20AD0B4EC3FF01B52A2
:1025B00003E0250E92EC05F091EC05F002D014EC4E
:1025C00040F02C6A120051B4250E51B8450E51BE90
:1025D000510E52BA590E426E33C6E8FF010A07E0A7
:1025E00033C6E8FF020A0DE0000E006E15D0006A47
:1025F00035EC13F04FA223D0010E006E20EC13F047
:102600001ED0010E006E35EC13F04FA218D0010E53
:10261000006E20EC13F013D0006A35EC13F04FA2DB
:102620000ED0006A20EC13F04FA209D0010E006E0C
:1026300035EC13F04FA203D0006A20EC13F0120027
:10264000050E5CEC05F0AFEC07F0F2EC1EF0160E98
:10265000E66E500EE66E0050FF0A02E00050E66E95
:10266000FD0EE66E39EC07F01200050E5CEC05F08D
:10267000AFEC07F0F2EC1EF01A0EE66E050EE66EF9
:10268000000EE66E4250E66E0050FF0A02E0005077
:10269000E66EFD0EE66E39EC07F0120033C6E8FF79
:1026A000010A0DE033C6E8FF020A09E0000EF86EE9
:1026B000980EF76E9C0EF66EC1EC05F01AD000680D
:1026C00035EC13F04FA229D0B9EC1EF0010A09E055
:1026D000000EF86E980EF76EA20EF66EC1EC05F0C5
:1026E00008D0000EF86E980EF76EA80EF66EC1ECCC
:1026F00005F0006820EC13F04FA2A1D7B9EC1EF052
:10270000010A03E0BFEC06F008D0000EF86E980E48
:10271000F76EB00EF66EC1EC05F01200AFEC07F0EC
:10272000000EF86E980EF76E860EF66EC1EC05F090
:1027300054AE38D0F2EC1EF00E0EE66E000EE66ED1
:10274000FD0EE66E39EC07F04FA253D0A1EC1EF05F
:1027500046B24DD0140E5CEC05F0F2EC1EF0F2EC3B
:102760001EF00A0EE66EFD0EE66E39EC07F04FA283
:1027700040D0A1EC1EF046B23AD0140E5CEC05F04D
:10278000F2EC1EF0070EE66EFD0EE66E39EC07F079
:102790004FA22FD0A1EC1EF046B229D0549EBFEC20
:1027A00006F027D0F2EC1EF0080EE66EFD0EE66E87
:1027B00039EC07F04FA21DD0A1EC1EF046B217D0A5
:1027C000140E5CEC05F0F2EC1EF00E0EE66E220E1E
:1027D000E66EFD0EE66E39EC07F04FA20AD0A1ECD2
:1027E0001EF046B204D0548EC8EC06F002D014ECB1
:1027F00040F02C6A1200AFEC07F0000EF86E910E5C
:10280000F76EC40EF66EC1EC05F0F2EC1EF0140E7D
:10281000E66E0B0EE66EFD0EE66E39EC07F04FA28B
:1028200010D0A1EC1EF046B20AD0B4EC3FF01B521F
:1028300003E0250E92EC05F091EC05F002D014ECCB
:1028400040F02C6A1200AFEC07F0000EF86E910E0B
:10285000F76EDE0EF66EC1EC05F0F2EC1EF0160E11
:10286000E66E450EE66EFD0EE66E39EC07F04FA201
:1028700030D0A1EC1EF046B226D0B9EC1EF0000A12
:1028800007E0B9EC1EF0010A06E041EC40F021D06F
:10289000BFEC06F01ED0F2EC1EF02BEC1FF0FD0E8C
:1028A000E66E39EC07F04FA214D0A1EC1EF046B250
:1028B0000DD0B4EC3FF01B5203E0250E92EC05F076
:1028C00091EC05F006D014EC40F003D0C8EC06F013
:1028D00000D02C6A1200AFEC07F0000EF86E920EDA
:1028E000F76E000EF66EC1EC05F0F2EC1EF0160E5F
:1028F000E66E220EE66EFD0EE66E39EC07F04FA294
:1029000029D0B9EC1EF0000A07E0B9EC1EF0010A6C
:1029100006E041EC40F01ED0BFEC06F01BD0F2EC1C
:102920001EF050EC1FF0FD0EE66E39EC07F04FA2E2
:1029300011D0A1EC1EF046B20AD0B4EC3FF01B520D
:1029400003E0250E92EC05F091EC05F003D0C8EC05
:1029500006F000D02C6A1200AFEC07F0000EF86E03
:10296000920EF76EC60EF66EC1EC05F0F2EC1EF09C
:10297000160EE66E410EE66EFD0EE66E39EC07F0C1
:102980004FA299D0A1EC1EF046B28DD0B9EC1EF04A
:10299000000A10E0B9EC1EF0010A03E041EC40F03F
:1029A00009D0000EF86E900EF76E1A0EF66EC1EC9E
:1029B00005F07CD0F2EC1EF0160EE66E480EE66EC8
:1029C000FD0EE66E39EC07F04FA275D0B9EC1EF0A3
:1029D000000A07E0B9EC1EF0010A06E041EC40F005
:1029E0006AD0BFEC06F067D0000EF86E920EF76E5C
:1029F000EC0EF66EC1EC05F00A0E5CEC05F0F2ECA4
:102A00001EF0140EE66E0D0EE66EFD0EE66E39EC4F
:102A100007F04FA250D0A1EC1EF046B247D0B4EC64
:102A20003FF01B5203E0250E92EC05F091EC05F00F
:102A30000A0E5CEC05F0F2EC1EF051A604D01A0E62
:102A4000E66E060E03D0160EE66E570EE66EFD0E0F
:102A5000E66E39EC07F04FA22ED0A1EC1EF046B284
:102A600025D006C7E8FF000A09E006C7E8FF010A0B
:102A70000CE006C7E8FF020A0FE015D0000EF86E62
:102A8000940EF76E620EF66E14D0000EF86E950E70
:102A9000F76E460EF66E0DD0000EF86E940EF76EC1
:102AA0005A0EF66E06D014EC40F005D0C8EC06F0D5
:102AB00002D0C1EC05F02C6A1200AFEC07F0045014
:102AC000310A06E00450320A06E0020E006E05D01C
:102AD000000E006E02D0010E006EF2EC1EF051A648
:102AE00004D01A0EE66E060E03D0160EE66E570ED2
:102AF000E66E0050E66EFD0EE66E39EC07F04FA272
:102B000007D0A1EC1EF046B203D0ACEC14F000D01C
:102B1000036A1200AFEC07F0000EF86E920EF76E2B
:102B2000B40EF66EC1EC05F0F2EC1EF0160EE66E79
:102B3000400EE66EFD0EE66E39EC07F04FA231D086
:102B4000A1EC1EF046B228D0B9EC1EF0000A07E056
:102B5000B9EC1EF0010A06E041EC40F022D0BFECD7
:102B600006F01FD0F2EC1EF0140EE66E060EE66EB6
:102B7000FD0EE66E39EC07F04FA213D0A1EC1EF06B
:102B800046B20DD0B4EC3FF01B5203E0250E92ECA0
:102B900005F091EC05F005D014EC40F002D0C8EC43
:102BA00006F02C6A1200AFEC07F0000EF86E980EDB
:102BB000F76E940EF66EC1EC05F0F2EC1EF00C0E02
:102BC000E66EFD0EE66E39EC07F04FA209D0A1ECDF
:102BD0001EF046B203D0FDEC23F002D014EC40F01E
:102BE0002C6A1200AFEC07F0F2EC1EF00D0EE66E50
:102BF00033C1E8FFD00FE838E66E31C1E8FFD00FEF
:102C0000E838006E32C1E8FFD00F0024E66E30C114
:102C1000E8FFD00FE66EFD0EE66E39EC07F04FA22E
:102C200007D0A1EC1EF046B201D002D014EC40F067
:102C30002C6A1200AFEC07F0000EF86E910EF76EE2
:102C4000EE0EF66EC1EC05F0F2EC1EF0160EE66E1E
:102C5000020EE66EFD0EE66E39EC07F04FA202D0D2
:102C6000D4EC1EF02C6A1200AFEC07F00450310ACD
:102C700006E00450320A06E0000E006E05D0010E98
:102C8000006E02D0020E006EF2EC1EF0160EE66E22
:102C9000020EE66E0050E66EFD0EE66E39EC07F0B1
:102CA0004FA209D0A1EC1EF046B203D01AEC16F0E8
:102CB00002D014EC40F01200AFEC07F0000EF86EFA
:102CC000910EF76EF80EF66EC1EC05F0F2EC1EF008
:102CD000140EE66E0A0EE66EFD0EE66E39EC07F097
:102CE0004FA210D0A1EC1EF046B20AD0B4EC3FF0D7
:102CF0001B5203E0250E92EC05F091EC05F002D09A
:102D000014EC40F02C6A1200AFEC07F0000EF86EE5
:102D1000950EF76EC00EF66EC1EC05F0F2EC1EF0EB
:102D200085EC1FF0FD0EE66E39EC07F04FA246D0A1
:102D3000A1EC1EF046B23BD0A9EC04F0B9EC1EF0B9
:102D4000006E000E001809E0010E001807E0020EE8
:102D5000001809E041EC40F031D008D050B80DD057
:102D600051B00BD00AD050B80FD00ED0000EF86E74
:102D7000900EF76E1A0EF66E17D0000EF86E950EC6
:102D8000F76ED00EF66E10D0520E92EC05F0460E95
:102D900092EC05F02B0E92EC05F0000EF86E950EFD
:102DA000F76ED00EF66E00D0C1EC05F007D051A042
:102DB00003D038EC40F002D014EC40F02C6A120042
:102DC000AFEC07F0F2EC1EF0160EE66E550EE66E56
:102DD000FD0EE66E39EC07F04FA242D0A1EC1EF0DA
:102DE00046B238D0000EF86E970EF76E0E0EF66EE5
:102DF000C1EC05F006C7E8FF000A52B81DE011E07B
:102E000006C7E8FF010A14E006C7E8FF020A52B845
:102E100008E012E006C7E8FF030A12E041EC40F0C8
:102E20001FD0310E92EC05F0350E92EC05F013D068
:102E3000360E92EC05F00FD0330E92EC05F00BD06D
:102E4000310E92EC05F02E0E92EC05F0320E92EC63
:102E500005F001D005D04B0E92EC05F091EC05F099
:102E60002C6A1200AFEC07F0000EF86E920EF76EAF
:102E70003A0EF66EC1EC05F0F2EC1EF00F0EE66EA7
:102E8000000E46BA010EE66EFD0EE66E39EC07F056
:102E90004FA20ED0A1EC1EF046B208D046AA03D035
:102EA000C8EC06F005D0BFEC06F002D014EC40F000
:102EB000467A2C6A1200AFEC07F0530E92EC05F044
:102EC000F2EC1EF0150EE66E020EE66EFD0EE66EDC
:102ED00039EC07F04FA269D1000EE8CF0EF3E8CF2E
:102EE0000FF3C2EC1EF0E8CF10F3B9EC1EF0F00BBC
:102EF000E838E8CF11F3B9EC1EF00F0BE8CF12F36E
:102F000064EC3EF014C300F050B249D050B415EF59
:102F100018F0070E0064CFD0150E0064D0D0240E38
:102F20000064D1D0300E0064D2D03D0E0064D3D006
:102F30004A0E0064D4D0570E0064D5D0640E0064ED
:102F4000D6D0720E0064D7D0860E0064D8D0390E69
:102F500092EC05F02B0E92EC05F08F0E0064D3D0AE
:102F6000960E0064D4D0A00E0064D8D0A90E0064E0
:102F7000DCD0B40E0064E0D0BF0E0064E4D0C90E13
:102F80000064E8D0D30E0064ECD0DD0E0064F0D015
:102F9000E70E0064F4D0F20E0064F8D0FED0350ED7
:102FA000006489D0400E00648AD04B0E00648BD040
:102FB000530E00648CD05C0E00648DD0660E0064ED
:102FC0008ED0720E00648FD07B0E006490D0830E82
:102FD000006491D08A0E006492D0390E92EC05F014
:102FE0002B0E92EC05F0910E00648DD0970E0064CC
:102FF0008ED09E0E006492D0A40E006496D0AA0ECD
:1030000000649AD0AF0E00649ED0B50E0064A2D0CA
:10301000BB0E0064A6D0C10E0064AAD0C60E006428
:10302000AED0CD0E0064B2D0B8D0200E006443D034
:103030002D0E006444D03B0E006445D0490E006460
:1030400046D0540E006447D05F0E006448D0680E2E
:10305000006449D0770E00644AD0840E00644BD0DF
:103060008A0E00644CD0390E92EC05F02B0E92ECD7
:1030700005F0910E006447D0990E006448D0A20E6E
:1030800000644CD0AA0E006450D0B20E006454D03C
:10309000BB0E006458D0C50E00645CD0CD0E006439
:1030A00060D0D60E006464D0DE0E006468D0E70EF7
:1030B00000646CD072D0300E92EC05F074D0310EFA
:1030C00092EC05F070D0320E92EC05F06CD0330E1D
:1030D00092EC05F068D0340E92EC05F064D0350E19
:1030E00092EC05F060D0360E92EC05F05CD0370E15
:1030F00092EC05F058D0380E92EC05F054D0390E11
:1031000092EC05F050D0350E92EC05F04CD0310E1B
:1031100092EC05F0300E92EC05F045D0310E92ECB9
:1031200005F0350E92EC05F03ED0320E92EC05F033
:10313000300E92EC05F037D0320E92EC05F0350EE1
:1031400092EC05F030D0330E92EC05F0300E92EC9C
:1031500005F029D0330E92EC05F0350E92EC05F017
:1031600022D0340E92EC05F0300E92EC05F01BD01C
:10317000340E92EC05F0350E92EC05F014D0350EBD
:1031800092EC05F0300E92EC05F00DD0350E92EC7D
:1031900005F0350E92EC05F006D0360E92EC05F0F7
:1031A000300E92EC05F091EC05F02C6A1200AFECB9
:1031B00007F0000EF86E910EF76EF80EF66EC1EC89
:1031C00005F0F2EC1EF0150EE66E110EE66EFD0E29
:1031D000E66E39EC07F04FA210D0A1EC1EF046B21B
:1031E0000AD0B4EC3FF01B5203E0250E92EC05F040
:1031F00091EC05F002D014EC40F02C6A1200AFEC18
:1032000007F0000EF86E970EF76E300EF66EC1ECFA
:1032100005F051BE03D052B401D038D0F2EC1EF00C
:103220001A0EE66E050EE66E000EE66E130EE66EE4
:10323000FD0EE66E39EC07F04FA228D0420E92EC5C
:1032400005F0200E92EC05F0B9EC1EF04AEC19F0F6
:103250000A0E5CEC05F0F2EC1EF01A0EE66E050E9E
:10326000E66E000EE66E140EE66EFD0EE66E39ECAE
:1032700007F04FA20BD0540E92EC05F0200E92EC0A
:1032800005F0B9EC1EF04AEC19F002D014EC40F055
:103290002C6A1200006E000A21E00050010A25E0AD
:1032A0000050020A29E00050030A2DE00050040AF1
:1032B00031E00050050A35E00050060A36E00050C3
:1032C000070A3AE00050080A3EE00050090A42E0CE
:1032D00000500A0A46E041EC40F04BD02D0E92EC33
:1032E00005F0350E92EC05F042D02D0E92EC05F073
:1032F000340E92EC05F03BD02D0E92EC05F0330E1F
:1033000092EC05F034D02D0E92EC05F0320E92ECDA
:1033100005F02DD02D0E92EC05F0310E92EC05F05B
:1033200026D0300E92EC05F022D02B0E92EC05F058
:10333000310E92EC05F01BD02B0E92EC05F0320E04
:1033400092EC05F014D02B0E92EC05F0330E92ECBB
:1033500005F00DD02B0E92EC05F0340E92EC05F03A
:1033600006D02B0E92EC05F0350E92EC05F091ECA8
:1033700005F012004FB465EC40F0AFEC07F0000E22
:10338000F86E900EF76E420EF66EC1EC05F050B27C
:103390001AEF1BF050B41AEF1BF0F2EC1EF0140EF3
:1033A000E66E0A0EE66EFD0EE66E39EC07F04FA2F1
:1033B00044D106C71FF607C720F6050E5CEC05F0E2
:1033C000F2EC1EF01C0EE66E010EE66EFD0EE66ED1
:1033D00039EC07F04FA231D104C721F604C7E8FF4A
:1033E000FA0A02E006C721F6050E5CEC05F061EC76
:1033F00008F04FA222D100C622F601C623F6050E20
:103400005CEC05F0F2EC1EF01C0EE66E010EE66EB2
:10341000000EE66EFD0EE66E39EC07F04FA20DD100
:10342000050E5CEC05F0F2EC1EF0140EE66E0A0ED2
:10343000E66E50A005D0010EE66E7F0EE66E04D05B
:10344000000EE66E260EE66EFD0EE66E39EC07F017
:103450004FA2F3D0050E5CEC05F0F2EC1EF01C0E52
:10346000E66E000EE66E010EE66EFD0EE66E39ECBF
:1034700007F04FA2E2D0050E5CEC05F0F2EC1EF076
:10348000060EE66E050EE66E020EE66EFD0EE66EAA
:1034900039EC07F04FA2D1D0320E5CEC05F04FA40E
:1034A0000CD0000EF86E980EF76E560EF66EC1EC4C
:1034B00005F05BEC05F048A6FCD7F2EC1EF0150E0B
:1034C000E66E120EE66EFD0EE66E39EC07F04FA2C8
:1034D000B4D0000EE8CF0EF3E8CF0FF306C7E8FF35
:1034E000E8CF10F307C7E8FFF00BE838E8CF11F397
:1034F00007C7E8FF0F0BE8CF12F364EC3EF014C3EC
:10350000E8FF72EC3FF0E8CF14F314C3E8FF640F58
:10351000E8CF13F3640E006E14C3E8FFD890005C8C
:10352000E8CF14F3000EE8CF0AF3E8CF09F313C392
:1035300008F314C30BF391EC3EF008C3E8FF62EC10
:1035400006F0300F92EC05F008C3E8FF78EC06F0C7
:10355000300F92EC05F02E0E92EC05F00CC3E8FF54
:1035600078EC06F0300F92EC05F01B5209E0540E97
:1035700092EC05F06F0E92EC05F0310E92EC05F036
:1035800091EC05F00A0E5CEC05F0F2EC1EF01C0E5E
:10359000E66E000EE66E000EE66EFD0EE66E39EC8F
:1035A00007F04FA24AD0140E5CEC05F0F2EC1EF0CE
:1035B0001C0EE66E000EE66E000EE66EFD0EE66E6A
:1035C00039EC07F04FA239D00A0E5CEC05F0F2ECB2
:1035D0001EF0140EE66E0A0EE66E1FC6E6FF20C64B
:1035E000E6FFFD0EE66E39EC07F04FA226D00A0E7C
:1035F0005CEC05F0F2EC1EF01C0EE66E010EE66EC1
:1036000021C6E6FFFD0EE66E39EC07F04FA215D09D
:10361000140E5CEC05F0F2EC1EF0060EE66E22C60F
:10362000E6FF23C6E6FFFD0EE66E39EC07F04FA27B
:1036300004D00BD014EC40F008D0000EF86E8E0EC3
:10364000F76EE00EF66EC1EC05F01200000EF86E9B
:10365000970EF76E1E0EF66EC1EC05F0F2EC1EF042
:10366000C6EC1FF0FD0EE66E39EC07F04FA232D02B
:10367000A1EC1EF046B22CD0A9EC04F0B9EC1EF07F
:10368000000A0BE0B9EC1EF0010A10E0B9EC1EF0E4
:10369000020A15E041EC40F01DD0000EF86E940EC9
:1036A000F76E620EF66EC1EC05F014D0000EF86EE7
:1036B000950EF76E460EF66EC1EC05F00BD0000EBF
:1036C000F86E940EF76E5A0EF66EC1EC05F002D04D
:1036D00014EC40F02C6A1200AFEC07F0000EF86E0C
:1036E000970EF76E000EF66EC1EC05F0F2EC1EF0D0
:1036F0001A0EE66EF1EC1FF0FD0EE66E39EC07F0E7
:103700004FA22CD0A1EC1EF046B226D0C2EC1EF087
:10371000006EF00BE838300F92EC05F000500F0B04
:10372000300F92EC05F0200E92EC05F0B9EC1EF093
:10373000006EF00BE838300F92EC05F00050F00B03
:10374000200ED8B492EC05F000500F0B300F92EC25
:1037500005F091EC05F002D014EC40F02C6A120058
:10376000AFEC07F0F2EC1EF01A0EE66EF1EC1FF073
:1037700030C1E8FFD00FE838006E31C1E8FFD00F4C
:103780000024E66E32C1E8FFD00FE838006E33C186
:10379000E8FFD00F0024E66EFD0EE66E39EC07F070
:1037A0004FA207D0A1EC1EF046B201D002D014EC1B
:1037B00040F02C6A1200AFEC07F0000EF86E950E88
:1037C000F76EAC0EF66EC1EC05F02C0E92EC05F027
:1037D000200E92EC05F0F2EC1EF0160EE66E420E94
:1037E000E66EFD0EE66E39EC07F04FA26ED0A1EC4E
:1037F0001EF046B267D006C7E8FF000A0CE006C715
:10380000E8FF010A5CE150B254D0010EE8CF25F682
:1038100030EC3AF05AD0F2EC1EF0160EE66E430E83
:10382000E66EFD0EE66E39EC07F04FA24ED0A1EC2D
:103830001EF046B247D006C7E8FF000A14E006C7EC
:10384000E8FF010A3CE1000EF86E950EF76EDA0E05
:10385000F66EC1EC05F050B22CD0020EE8CF25F682
:1038600030EC3AF032D0F2EC1EF0160EE66E4B0E53
:10387000E66EFD0EE66E39EC07F04FA226D0A1EC05
:103880001EF046B219D006C7E8FF000A15E006C7C9
:10389000E8FF010A14E1030EE8CF25F6000EF86EEA
:1038A000950EF76EF40EF66EC1EC05F030EC3AF0C2
:1038B0000CD0C8EC06F009D0BFEC06F006D041EC05
:1038C00040F003D026EC40F000D02C6A1200AFECA0
:1038D00007F0000EF86E960EF76E100EF66EC1EC45
:1038E00005F02C0E92EC05F0200E92EC05F0F2ECB7
:1038F0001EF0160EE66E5B0EE66EFD0EE66E39EC01
:1039000007F04FA231D0A1EC1EF046B22AD006C774
:10391000E8FF000A20E006C7E8FF020A0DE006C73C
:10392000E8FF010A1BE1000EF86E960EF76E340EEA
:10393000F66EC1EC05F009D0000EF86E960EF76E2B
:10394000280EF66EC1EC05F00FD0040EE8CF25F678
:1039500030EC3AF009D0BFEC06F006D041EC40F074
:1039600003D026EC40F000D02C6A1200AFEC07F038
:10397000000EF86E950EF76EB20EF66EC1EC05F005
:10398000F2EC1EF0100EE66EFD0EE66E39EC07F05E
:103990004FA2E6D0A1EC1EF046B2DBD0B9EC1EF08F
:1039A000006E000E001827E0010E001825E0020E40
:1039B000001827E0030E001829E0040E00182BE081
:1039C000050E00182FE0060E001831E0070E001853
:1039D00033E0080E001835E0090E001837E0100E2D
:1039E00000183BE0110E001839E0120E001837E005
:1039F00041EC40F0B5D034D050B852D051B069D07D
:103A000041D050B851D052BA47D04AD050B85DD00A
:103A100052BA46D049D050B85CD051B449D052BA0D
:103A200043D053D051B451D052BA42D052D051B4F5
:103A300050D052BA4ED054D051B452D052BA50D0C5
:103A40005CD051B45AD052BA58D05ED051B45CD088
:103A500052B85AD052BA58D065D05DD063D06CD02D
:103A6000310E92EC05F0A9EC04F06F0E92EC05F02B
:103A7000520E92EC05F0310E92EC05F0300E92EC05
:103A800005F064D0310E92EC05F0300E92EC05F0AA
:103A9000300E92EC05F05AD0350E92EC05F0F5D7C9
:103AA000310E92EC05F04FD0350E92EC05F04BD074
:103AB000360E92EC05F02E0E92EC05F0320E92ECE2
:103AC00005F0350E92EC05F03ED0390E92EC05F083
:103AD0003AD0310E92EC05F0300E92EC05F033D076
:103AE000310E92EC05F0320E92EC05F02E0E92ECB7
:103AF00005F0350E92EC05F026D0320E92EC05F072
:103B0000300E92EC05F01FD0320E92EC05F0350E1F
:103B100092EC05F018D0350E92EC05F0300E92ECD8
:103B200005F011D0310E92EC05F0300E92EC05F05C
:103B3000300E92EC05F007D0310E92EC05F04D0EF0
:103B400092EC05F003D04B0E92EC05F091EC05F0F1
:103B500007D051A003D038EC40F002D014EC40F074
:103B60002C6A1200AFEC07F0000EF86E960EF76E9E
:103B7000EC0EF66EC1EC05F0F2EC1EF0160EE66EE1
:103B8000460EE66EFD0EE66E39EC07F04FA278D0D9
:103B9000B9EC1EF0000A06E02D50010A06E041ECE7
:103BA00040F06ED0BFEC06F06BD0F2EC1EF034ECBF
:103BB00020F0FD0EE66E39EC07F04FA261D0A1ECCB
:103BC0001EF046B25BD0000EF86E950EF76E660ED4
:103BD000F66EC1EC05F0B4EC3FF01B5205E0250E8B
:103BE00092EC05F091EC05F0F2EC1EF076EC20F092
:103BF000FD0EE66E39EC07F04FA242D0A1EC1EF0AC
:103C000046B23ED0000EF86E950EF76E6E0EF66E52
:103C1000C1EC05F0B4EC3FF01B5203E0250E92EC32
:103C200005F091EC05F0F2EC1EF0B8EC20F04FA29C
:103C300027D0FD0EE66E39EC07F04FA221D0A1ECA3
:103C40001EF046B21DD0000EF86E950EF76E9A0E5D
:103C5000F66EC1EC05F0B9EC1EF0F00BE838300F51
:103C600092EC05F02E0E92EC05F0B9EC1EF00F0B65
:103C7000300F92EC05F091EC05F002D0C8EC06F0A4
:103C80002C6A1200AFEC07F0000EF86E950EF76E7E
:103C90007C0EF66EC1EC05F0F2EC1EF0160EE66E30
:103CA000470EE66EFD0EE66E39EC07F04FA247D0E8
:103CB000B9EC1EF0000A0BE0B9EC1EF0010A0AE0B4
:103CC000B9EC1EF0020A0FE041EC40F038D0BFEC36
:103CD00006F035D0000EF86E950EF76E8A0EF66E71
:103CE000C1EC05F008D0000EF86E950EF76E920E3E
:103CF000F66EC1EC05F0F2EC1EF0140EE66E0F0E3F
:103D0000E66EFD0EE66E39EC07F04FA218D0A1EC7E
:103D10001EF046B212D0000EF86E950EF76E9A0E97
:103D2000F66EC1EC05F0B4EC3FF01B5203E0250E3B
:103D300092EC05F091EC05F002D0C8EC06F02C6A8C
:103D4000120046922CC02EF017EE00F02E50FE0FFF
:103D5000E350FA0AD8B44682120046922CC02EF0E4
:103D600017EE00F02E50FE0FE350FB0AD8B4468247
:103D700012002CC02EF017EE00F02E50FE0FE35074
:103D80002D6E12002CC02EF017EE00F02E50FD0FFD
:103D9000E3502D6E12002CC02EF017EE00F02E50C6
:103DA000FC0FE3502D6E1200B9EC1EF0000A0BE080
:103DB000B9EC1EF0010A0AE006C7E8FF020A0CE0AF
:103DC00041EC40F00ED0BFEC06F00BD0310E92EC7F
:103DD00005F091EC05F005D0320E92EC05F091EC77
:103DE00005F0120011EEB0F0FE0EE66EFE0EE66E6D
:103DF0004550E66EE00EE66E1200000E50B005D0A3
:103E000050B6000E51B201D0010EE8CF34F6140EB8
:103E1000E66E0E0EE66E120050B607D050BC0AD009
:103E200050BE08D051B20DD011D01A0EE66E080E59
:103E3000E66E10D01A0EE66E050EE66E640EE66EA5
:103E400009D01A0EE66E070EE66E04D0160EE66E68
:103E5000560EE66E120050B607D050BC0CD050BEC5
:103E60000AD051B20FD017D01A0EE66E050EE66ECC
:103E7000770EE66E14D01A0EE66E050EE66E030E91
:103E8000E66E0DD01A0EE66E050EE66E000EE66EBC
:103E9000460EE66E04D0140EE66E150EE66E1200A7
:103EA00050B009D050B60ED050BE13D051B218D079
:103EB00051B61FD025D01A0EE66E030EE66E170E11
:103EC000E66E22D01A0EE66E050EE66E720EE66EF5
:103ED0001BD01A0EE66E050EE66E690EE66E14D065
:103EE0001A0EE66E050EE66E010EE66E120EE66E18
:103EF0000BD01A0EE66E030EE66E500EE66E04D080
:103F0000140EE66E120EE66E1200000EE8CF34F6C6
:103F10001A0EE66E050EE66E000EE66E50B615D071
:103F200050BC17D050BE15D051B217D051B418D0D4
:103F300051B619D051B81ED051BA07D051BC1DD0BE
:103F400051BE1ED052B81FD018D0080EE8CFB6F11F
:103F50001CD0220EE8CFB6F118D0510EE66E15D067
:103F6000070EE66E12D0030EE8CFB5F1160EE8CFBD
:103F7000B6F10BD0250EE66E08D0080EE66E05D021
:103F8000280EE66E02D0090EE66E120050B61ED064
:103F900050BC1CD050BE1AD051B213D051B41BD05B
:103FA00051B819D051BA12D051BC15D051BE13D04E
:103FB00052B411D052B80FD052BA0DD0FF0EE66EE7
:103FC0000FD01A0EE66E060EE66E0AD01A0EE66ED8
:103FD000070EE66E05D0160EE66E580EE66E00D0A1
:103FE000120050BC11D050BE0FD051B212D051B4FB
:103FF00017D051B81CD051BE21D052B426D052BADD
:104000002BD0FF0EE66E2FD0050EE66E160EE66E76
:104010002AD0050EE66E000EE66E410EE66E23D047
:10402000050EE66E010EE66E210EE66E1CD0050E44
:10403000E66E000EE66E950EE66E15D0050EE66E87
:10404000010EE66E590EE66E0ED0050EE66E000EFF
:10405000E66E960EE66E07D0050EE66E010EE66E73
:10406000800EE66E00D0120050B00BD050B610D0CB
:1040700050BE15D051B21AD051B421D052B828D068
:1040800030D01A0EE66E030EE66E090EE66E2DD0E7
:104090001A0EE66E050EE66E730EE66E26D01A0E4A
:1040A000E66E050EE66E580EE66E1FD01A0EE66E30
:1040B000050EE66E010EE66E150EE66E16D01A0EB1
:1040C000E66E050EE66E010EE66E630EE66E0DD030
:1040D0001A0EE66E050EE66E010EE66E250EE66E13
:1040E00004D0140EE66E160EE66E120050B00BD021
:1040F00050B610D050BE15D051B21AD051B421D004
:1041000052B828D030D01A0EE66E030EE66E100EAE
:10411000E66E2DD01A0EE66E050EE66E740EE66E95
:1041200026D01A0EE66E050EE66E590EE66E1FD00C
:104130001A0EE66E050EE66E010EE66E160EE66EC1
:1041400016D01A0EE66E050EE66E010EE66E640ED1
:10415000E66E0DD01A0EE66E050EE66E010EE66EE8
:10416000260EE66E04D0140EE66E170EE66E1200F2
:104170004F821A0EE66E50B017D050B61AD050BC0F
:104180001DD050BE1BD051B21ED051B423D051B659
:1041900028D051B82BD051BC30D051BE33D052B4FE
:1041A00038D052B8D7D741D0030EE66E110EE66E66
:1041B0003DD0050EE66E750EE66E38D0050EE66E45
:1041C000600EE66E33D0050EE66E010EE66E170E3B
:1041D000E66E2CD0050EE66E010EE66E650EE66EFE
:1041E00025D0030EE66E550EE66E20D0050EE66E67
:1041F000010EE66E910EE66E19D0000EE66E890E87
:10420000E66E14D0050EE66E020EE66E920EE66EB7
:104210000DD0030EE66E090EE66E08D0050EE66EB2
:10422000010EE66E270EE66E01D04F92120051B6D7
:1042300001D005D01A0EE66E020EE66E04D01A0EFC
:10424000E66E030EE66E1200FF0EE8CF13F6200EA8
:10425000E8CF0FF29BEC02F048BC04D08B9821C051
:1042600045F003D08C9422C045F0FF0EE8CF28F62D
:10427000FEEC04F00DEC05F0DAEC02F02C6AFE0E18
:104280005AEC02F0FE0E5AEC02F0000E5AEC02F06C
:10429000E00E5AEC02F0190E5AEC02F0000E5AEC45
:1042A00002F0FD0E5AEC02F02C6604D065EC04F02E
:1042B00048B651D1E5EC02F049BE26D017EE00F029
:1042C0002C5009C0E3FF2C2AFD0E09621DD0080EF8
:1042D0002C180AE0060E2C1807E0070E2C18C8E16F
:1042E0002C6ADAEC02F0E0D700C743F0FE0E431868
:1042F000BFE101C743F0FE0E4318BAE102C743F025
:10430000E00E431805E0B4D74DA0CED74D90B0D7FE
:1043100006C745F0060E2C18D8B403C745F05BEC71
:1043200005F0000EF86E940EF76E8E0EF66EC1EC70
:1043300005F04550F00BE83818EC06F092EC05F06B
:1043400045500F0B18EC06F092EC05F091EC05F0DF
:10435000215048BC2250A00A06E048AC21C045F0DC
:1043600048BC22C045F0506A516A526A536A680ECE
:104370004518D8B45080580E4518D8B450825E0EF7
:104380004518D8B45084560E4518D8B45086660ED9
:104390004518D8B45086500E4518D8B450885C0ED5
:1043A0004518D8B4508A640E4518D8B4508C6E0E97
:1043B0004518D8B4508E460E4518D8B45180600EBA
:1043C0004518D8B4528C700E4518D8B45182880E56
:1043D0004518D8B45184760E4518D8B45186940E39
:1043E0004518D8B45188660E4518D8B4518A800E45
:1043F0004518D8B4518C7A0E4518D8B4508E980E02
:104400004518D8B4518E6A0E4518D8B452828E0E13
:104410004518D8B452847C0E4518D8B45288A20EE0
:104420004518D8B4528A5492650EE8CF06F22D0E84
:10443000E8CF07F2090EE8CF08F20E0EE8CF09F236
:1044400050A004D0690EE8CF06F27DD050A204D06F
:104450006B0EE8CF06F277D050A604D0660EE8CFF8
:1044600006F271D051A204D0660EE8CF06F26BD0EE
:1044700051A41DD054826D0EE8CF06F2680EE8CF2D
:1044800007F2100EE8CF08F20F0EE8CF09F203C2D0
:1044900000F00052010ED8B4E8CF03F2050E03C2BB
:1044A00000F0006450D0010EE8CF03F24CD051A6CA
:1044B00004D0C90EE8CF06F246D051B806D053B0AA
:1044C00004D051BE02D052A407D0250EE8CF07F287
:1044D0000A0EE8CF08F237D052A816D054826A0EDE
:1044E000E8CF06F2680EE8CF07F2090EE8CF08F22F
:1044F0000F0EE8CF09F2030E03C200F0006423D0D0
:10450000000EE8CF03F21FD052AA1DD054826B0ECA
:10451000E8CF06F2390EE8CF07F2100EE8CF08F226
:104520000F0EE8CF09F203C200F00052010ED8B41A
:10453000E8CF03F2030E03C200F0006404D0010EC2
:10454000E8CF03F200D0AFEC07F061EC08F04FA227
:1045500002D000C63AF0120051B404D052B802D0D2
:1045600052AA03D0170E3A1813E0FE0E5AEC02F0CE
:10457000FE0E5AEC02F0000E5AEC02F0E00E5AEC7D
:1045800002F0190E5AEC02F0000E5AEC02F015D0AF
:10459000FE0E5AEC02F0FE0E5AEC02F0000E5AEC3F
:1045A00002F0E00E5AEC02F0200E5AEC02F0010E7E
:1045B0005AEC02F0020E5AEC02F0FD0E5AEC02F038
:1045C0004D90120017EE00F000C743F0FE0E4318A6
:1045D0000EE101C743F0FE0E431809E102C743F0A4
:1045E000E00E431804E1498620503B6E20D00B0EAC
:1045F0002C1A1CE100C743F0FE0E431817E101C757
:1046000043F0FE0E431812E102C743F0000E4318B8
:104610000DE104C743F0000E431808E11DC036F059
:104620001C5204E07DA2CFEC02F0000111D004C7BF
:10463000E8FF200A0DE105C7E8FF010A09E106C706
:10464000E8FF020A05E11B52D8A440EC38F000D084
:104650002C6A2E6A4C92B36AB26A120009C715F628
:1046600008C716F607C717F606C718F605C719F6DE
:10467000300EE8CF02F715C6E8FFF00BE838300F30
:10468000E8CF03F715C6E8FF0F0B300FE8CF04F7AC
:1046900016C6E8FFF00BE838300FE8CF05F716C66E
:1046A000E8FF0F0B300FE8CF06F717C6E8FFF00B57
:1046B000E838300FE8CF07F717C6E8FF0F0B300FC9
:1046C000E8CF08F718C6E8FFF00BE838300FE8CF5E
:1046D00009F718C6E8FF0F0B300FE8CF0AF719C625
:1046E000E8FFF00BE838300FE8CF0BF719C6E8FF0A
:1046F0000F0B300FE8CF0CF754AE02D01C527CE009
:10470000499A17EE02F0300EE66209D0E6620BD04D
:10471000E6620DD0E6620FD0E66211D014D002C777
:10472000E8FF92EC05F003C7E8FF92EC05F004C740
:10473000E8FF92EC05F005C7E8FF92EC05F006C72C
:10474000E8FF92EC05F02E0E92EC05F007C7E8FFAB
:1047500092EC05F008C7E8FF92EC05F009C7E8FF06
:1047600092EC05F017EE0CF0300EE56205D0E56234
:104770001FD0E56232D03ED0640E92EC05F06F0E91
:1047800092EC05F0740E92EC05F00AC7E8FF92EC8B
:1047900005F0200E92EC05F00BC7E8FF92EC05F057
:1047A000200E92EC05F00CC7E8FF92EC05F022D049
:1047B000640E92EC05F06F0E92EC05F0740E92EC24
:1047C00005F00AC7E8FF92EC05F0200E92EC05F028
:1047D0000BC7E8FF92EC05F00DD0640E92EC05F0EB
:1047E0006F0E92EC05F0740E92EC05F00AC7E8FF2C
:1047F00092EC05F0A9EC04F0120007C7E8FFF00BFB
:10480000E838300FE8CF00F707C7E8FF0F0BD8B440
:10481000200ED8A4300FE8CF01F706C7E8FFF00B51
:10482000E838300FE8CF02F706C7E8FF0F0B300F6C
:10483000E8CF03F705C7E8FFF00BE838300FE8CF03
:1048400004F705C7E8FF0F0B300FE8CF05F701C7E6
:10485000E8FF92EC05F02E0E92EC05F002C7E8FF9F
:1048600092EC05F003C7E8FF92EC05F004C7E8FFFF
:1048700092EC05F091EC05F04D0E92EC05F0480E2F
:1048800092EC05F07A0E92EC05F091EC05F0120036
:10489000000E3A1804E14C0E92EC05F068D0010EBF
:1048A0003A1804E1550E92EC05F061D0020E3A1868
:1048B00004E1410E92EC05F05AD0030E3A1804E1DF
:1048C000430E92EC05F053D0040E3A1804E1520E58
:1048D00092EC05F04CD0050E3A1804E1460E92EC2D
:1048E00005F045D0060E3A1804E1570E92EC05F09B
:1048F0003ED0070E3A180AE1430E92EC05F0200E66
:1049000092EC05F0520E92EC05F031D0080E3A18F8
:104910000AE1520E92EC05F0200E92EC05F0520ED8
:1049200092EC05F024D0110E3A1804E1530E92ECEB
:1049300005F01DD0120E3A1804E1500E92EC05F06D
:1049400016D0130E3A180AE1500E92EC05F0200E24
:1049500092EC05F0520E92EC05F009D0170E3A18C1
:1049600006E1440E92EC05F0560E92EC05F091EC47
:1049700005F01200000EF86E920EF76E480EF66EFD
:10498000C1EC05F0000E3A1809E1000EF86E920E27
:10499000F76E880EF66EC1EC05F090D0010E3A1855
:1049A00009E1000EF86E920EF76E800EF66EC1EC05
:1049B00005F084D0020E3A1809E1000EF86E920E4E
:1049C000F76E420EF66EC1EC05F078D0030E3A1881
:1049D00009E1000EF86E920EF76E500EF66EC1EC05
:1049E00005F06CD0040E3A1809E1000EF86E940E32
:1049F000F76E960EF66EC1EC05F060D0050E3A1813
:104A000009E1000EF86E920EF76E7A0EF66EC1ECAA
:104A100005F054D0060E3A1809E1000EF86E940E17
:104A2000F76EA60EF66EC1EC05F048D0070E3A18E8
:104A300009E1000EF86E920EF76E560EF66EC1EC9E
:104A400005F03CD0080E3A1809E1000EF86E940EFD
:104A5000F76EB00EF66EC1EC05F030D0110E3A18BC
:104A600009E1000EF86E940EF76EC20EF66EC1EC00
:104A700005F024D0120E3A1809E1000EF86E920EDD
:104A8000F76EAE0EF66EC1EC05F018D0130E3A18A4
:104A900009E1000EF86E940EF76ED40EF66EC1ECBE
:104AA00005F00CD0170E3A1809E1000EF86E940EBE
:104AB000F76EE20EF66EC1EC05F000D01200000EAB
:104AC000F86E920EF76E2A0EF66EC1EC05F023C654
:104AD000E8FF010A0BE023C6E8FF020A07E023C64D
:104AE000E8FF030A03E041EC40F006D023C6E8FFEC
:104AF00035EC06F091EC05F012008DEC04F0000EA0
:104B0000FB6E4B0EFA6E0444016E140E0124D8B0F5
:104B1000FA2AF96E10D057D0A3D0EED036D18FD16B
:104B200013D271D2C8D2FAD252D3C1D309D209D288
:104B300009D209D212004BB8B0EF2AF04ABE2BD0EE
:104B40004BB627D04BB40BD04BBA05D04690B6EC41
:104B500007F0B8EF2AF0E8EC3AF0B8EF2AF04BBAD9
:104B600004D0B2EC1DF0B8EF2AF0130EE8CF24F613
:104B7000030EE8CF26F6476A478638EC40F0000E71
:104B8000F86E960EF76EEC0EF66EC1EC05F0B3EF14
:104B90002AF0B6EF2AF04BB8B6EF2AF04BB611D098
:104BA0004BB40BD04BBA05D04680B6EC07F0B8EF4B
:104BB0002AF0E8EC3AF0B8EF2AF042EC1EF0B8EF39
:104BC0002AF0B6EF2AF04BB8B0EF2AF04ABE24D054
:104BD0004BB620D04BB404D0DBEC07F0B8EF2AF092
:104BE0004BBA04D0B6EC1CF0B8EF2AF01B0EE8CF9D
:104BF00024F6020EE8CF26F6476A478638EC40F0E6
:104C0000000EF86E950EF76EB20EF66EC1EC05F062
:104C1000B3EF2AF0B6EF2AF04BB620D04BB404D055
:104C20008EEC13F0B8EF2AF04BBA04D084EC16F0F7
:104C3000B8EF2AF01C0EE8CF24F6010EE8CF26F6D6
:104C4000476A478638EC40F0000EF86E950EF76E16
:104C5000C00EF66EC1EC05F0B3EF2AF0B6EF2AF005
:104C60004BB8B0EF2AF04ABE2ED04BB62AD04BB488
:104C700004D032EC17F0B8EF2AF051B01ED051BE7C
:104C80001CD052B41AD04BBA04D073EC11F0B8EF68
:104C90002AF01E0EE8CF24F6040EE8CF26F6476A67
:104CA000478638EC40F0000EF86E980EF76E940EC2
:104CB000F66EC1EC05F0B3EF2AF023EC11F0B8EF7B
:104CC0002AF0B6EF2AF04BBAB6EF2AF04BB612D064
:104CD0004BB404D01FEC3BF0B8EF2AF051B006D033
:104CE00051BE04D052B402D0B6EF2AF04BEC11F012
:104CF000B8EF2AF0B6EF2AF04BB8B6EF2AF04ABE6A
:104D00002BD04BA40DD000D04B944B96000EF86ED8
:104D10008E0EF76ED40EF66EC1EC05F0BCEF2AF0E5
:104D20004B844B96000EF86E8E0EF76EC20EF66E2A
:104D3000C1EC05F057EC04F0BCEF2AF04B864B9425
:104D4000000EF86E8E0EF76ECA0EF66EC1EC05F010
:104D500057EC04F0BCEF2AF04BBAB6EF2AF04BB494
:104D6000B6EF2AF04BB6B6EF2AF049820FC000F03A
:104D7000000E0F6E48884784C1EC41F04898479474
:104D800000C00FF04992B8EF2AF04BB8B0EF2AF00C
:104D90004ABE37D04BB634D04BB419D04BBA04D03E
:104DA0001AEC16F0B8EF2AF0170EE8CF24F6000E32
:104DB000E8CF26F6476A478638EC40F0000EF86EDA
:104DC000910EF76EEE0EF66EC1EC05F0CCD34BBA39
:104DD00004D02CEC0BF0B8EF2AF0180EE8CF24F634
:104DE000020EE8CF26F6476A478638EC40F0000E00
:104DF000F86E920EF76E1C0EF66EC1EC05F0B3D392
:104E0000B5D34BB61BD04BB419D04BBA04D006EC7B
:104E100009F0B8EF2AF0190EE8CF24F6020EE8CF19
:104E200026F6476A478638EC40F0000EF86E950E7D
:104E3000F76E3E0EF66EC1EC05F095D397D34BB8E6
:104E4000B0EF2AF04ABE43D04BB640D04BB422D08C
:104E50004BBA0AD051BE05D052B403D0DBEC1BF0E4
:104E600087D3E5EC0EF084D3060EE8CF24F6040ECB
:104E7000E8CF26F6FF0EE8CF28F6476A478638ECDB
:104E800040F0000EF86E950EF76EAC0EF66EC1ECAB
:104E900005F069D34BBA01D069D3080EE8CF24F6E8
:104EA000030EE8CF26F6FF0EE8CF28F6000EE8CF77
:104EB00029F6476A478638EC40F0000EF86E950EEA
:104EC000F76EF40EF66EC1EC05F04DD34FD34BB632
:104ED00036D04BB419D04BBA01D048D3070EE8CF27
:104EE00024F6040EE8CF26F6FF0EE8CF28F6476A30
:104EF000478638EC40F0000EF86E950EF76EDA0E2D
:104F0000F66EC1EC05F02FD34BBA03D067EC1CF062
:104F10002FD3090EE8CF24F6020EE8CF26F6FF0EB7
:104F2000E8CF28F6476A478638EC40F0000EF86E66
:104F3000960EF76E100EF66EC1EC05F014D316D374
:104F400006D223D259D2B0D24BB80AD34ABE3AD0F5
:104F50004BB637D04BB418D04BBA03D007EC12F095
:104F600007D3140EE8CF24F6020EE8CF26F6476AE0
:104F7000478638EC40F0000EF86E910EF76EB60ED4
:104F8000F66EC1EC05F0EFD24BBA08D047EC08F052
:104F90000A0E5CEC05F0E0EC16F0EAD2150EE8CF54
:104FA00024F6010EE8CF26F6476A478638EC40F033
:104FB000000EF86E920EF76E2A0EF66EC1EC05F03A
:104FC000D2D2D4D24BB61ED04BB403D0A4EC0AF04C
:104FD000CFD24BBA03D026EC1BF0CAD21D0EE8CFBD
:104FE00024F6010EE8CF26F6476A478638EC40F0F3
:104FF000000EF86E970EF76E1E0EF66EC1EC05F001
:10500000B3EF2AF0B3D24ABE3DD04BB63AD04BB440
:1050100028D04BB803D04BBA0BD01BD04B98000E06
:10502000F86E8D0EF76E6A0EF66EC1EC05F0A0D22A
:10503000C3EC0EF054A0F2D74B9A4B88000EF86EDA
:10504000930EF76E760EF66EC1EC05F057EC04F099
:1050500093D2469446964B8A38EC40F057EC04F0D5
:105060008BD24F7E000EF86E980EF76EC40EF66E61
:10507000C1EC05F04FBEC8EC06F04FAEBFEC06F039
:1050800077D274D24BB872D24BBA70D24BB612D020
:105090004BB40FD049800FC000F0000E0F6E48884F
:1050A0004784C1EC41F04898479400C00FF0499004
:1050B0005FD25CD25BD24BB853D24ABE22D04BB641
:1050C0001FD04BB418D04BBA03D06BEC14F050D2B5
:1050D000100EE8CF24F6030EE8CF26F6476A47867F
:1050E00038EC40F0000EF86E920EF76E000EF66E81
:1050F000C1EC05F038D24BBA39D207EC0AF038D2FD
:1051000035D24BBA33D24BB608D04BB403D0F0EC07
:105110000AF02ED273EC0FF02BD228D24BB820D24B
:105120004ABE35D04BB632D04BB418D04BBA03D0B0
:105130008AEC15F01DD2110EE8CF24F6030EE8CF4D
:1051400026F6476A478638EC40F0000EF86E920E5D
:10515000F76EB40EF66EC1EC05F005D24BBA03D073
:10516000BBEC12F005D20B0EE8CF24F6030EE8CF0D
:1051700026F6476A478638EC40F0000EF86E910E2E
:10518000F76ED00EF66EC1EC05F0EDD1EFD14BB657
:105190001DD04BB418D04BBA03D0FBEC13F0E8D1C0
:1051A0000C0EE8CF24F6030EE8CF26F6476A4786B2
:1051B00038EC40F0000EF86E910EF76EC40EF66EED
:1051C000C1EC05F0D0D1FFEC18F0D2D1CFD14BB863
:1051D000C7D14ABE36D04BB633D04BB419D04BBA38
:1051E00003D0ACEC14F0C4D11A0EE8CF24F6030EB1
:1051F000E8CF26F64698476A478638EC40F0000E1E
:10520000F86E920EF76ECE0EF66EC1EC05F0ABD1D5
:105210004BBA03D0E5EC0EF0ABD10E0EE8CF24F67E
:10522000020EE8CF26F6476A478638EC40F0000EBB
:10523000F86E910EF76E920EF66EC1EC05F093D1FA
:1052400095D14BB632D04BB418D04BBA03D05CECEE
:1052500016F08ED10D0EE8CF24F6030EE8CF26F619
:10526000476A478638EC40F0000EF86E910EF76EF4
:10527000F80EF66EC1EC05F076D14BBA03D023ECF4
:1052800014F076D10F0EE8CF24F6030EE8CF26F601
:10529000476A478638EC40F0000EF86E910EF76EC4
:1052A000DE0EF66EC1EC05F05ED160D161D14BA887
:1052B00005D052B855D152AA59D152D14ABE2ED09A
:1052C0004BBA54D14BB629D04BB410D049800FC043
:1052D00000F00C0E0F6E48884784C1EC41F04898EE
:1052E000479400C00FF04990499A42D151B03ED145
:1052F000000EF86E940EF76E080EF66EC1EC05F017
:10530000320E54BA92EC05F054BA91EC05F0476AAB
:105310004788000EE8CF05F22BD128D14BBA26D111
:105320004BB614D04BB40FD0000EF86E8E0EF76E45
:105330004E0EF66EC1EC05F0476A47844888C1EC12
:1053400041F0489810D1548AD1D710D10FD14BB821
:1053500007D14ABE0DD04BBA09D14BB608D04BB4D9
:1053600003D05BEC17F004D12CEC0FF001D1FED090
:105370004BBAFCD04BB608D04BB403D0D7EC18F0E6
:10538000F7D0BFEC09F0F4D0F1D04BB8E9D04ABE69
:1053900023D04BB620D04BB418D04BBA03D039EC45
:1053A00008F0E6D0120EE8CF24F6020EE8CF26F67B
:1053B000476A478638EC40F0000EF86E920EF76EA2
:1053C000480EF66EC1EC05F0CED04BBACFD04F846C
:1053D000BAEC19F0CDD0CAD04BBAC8D04BB60BD06E
:1053E0004BB405D039EC08F075EC08F0C1D04F94FF
:1053F000BAEC19F0BDD0BAD04BB8B2D04ABE34D056
:105400004BBAB4D04BB62FD04BB422D027C6E8FF4E
:10541000010A0BE027C6E8FF020A0EE0000EF86E54
:10542000910EF76E6A0EF66E0DD0000EF86E910EAC
:10543000F76E6E0EF66E06D0000EF86E960EF76ED4
:10544000CC0EF66EC1EC05F0036A476A47828BD03A
:10545000000EF86E8E0EF76E9A0EF66EC1EC05F029
:1054600073EC3CF085D082D04BBA07D04BB61BD042
:105470004BB416D06CEC1BF07BD0160EE8CF24F6A4
:10548000040EE8CF26F6476A478638EC40F0000E57
:10549000F86E970EF76E000EF66EC1EC05F063D055
:1054A0003FEC3EF065D062D04BA809D051B258D045
:1054B00051B456D052B854D052AA58D051D04ABE46
:1054C0003AD04BB637D04BB411D04BBA4FD04980FD
:1054D0000FC000F00B0E0F6E48884784C1EC41F0FE
:1054E0004898479400C00FF0499042D04BBA0ED074
:1054F000000EF86E970EF76E4A0EF66EC1EC05F0D0
:10550000000EE8CF5EF8476A478C32D01F0EE8CF16
:1055100024F6010EE8CF26F6476A478638EC40F0BD
:10552000000EF86E980EF76E9C0EF66EC1EC05F04C
:10553000B3EF2AF01BD04BBA19D04BB610D04BB4F6
:1055400003D07CEC41F014D0000EF86E940EF76E90
:10555000680EF66EC1EC05F0476A478A09D006D09E
:1055600060EC0BF005D057EC04F002D0E0EC04F056
:105570004B944B964B9A4B98046A7D921200000E06
:10558000FB6E550EFA6E0444016E940E0124D8B0E1
:10559000FA2AF96E10D01DD02AD037D039D046D093
:1055A00053D060D062D06FD07CD089D08BD09ED0C9
:1055B000ABD0E6D01200000EF86E8C0EF76E320EF5
:1055C000F66EC1EC05F0032A310E046EBAEC3CF025
:1055D000E5D0000EF86E8C0EF76E360EF66EC1EC4E
:1055E00005F0032A320E046EBAEC3CF0D7D0000E60
:1055F000F86E8C0EF76E3A0EF66EC1EC05F0032ACB
:10560000330E046EBAEC3CF0C9D0E0EC04F0C6D026
:10561000000EF86E8C0EF76E420EF66EC1EC05F0C1
:10562000032A340E046EBAEC3CF0B8D0000EF86ECB
:105630008C0EF76E460EF66EC1EC05F0032A350EA1
:10564000046EBAEC3CF0AAD0000EF86E8C0EF76E29
:105650004A0EF66EC1EC05F0032A360E046EBAEC63
:105660003CF09CD0E0EC04F099D0000EF86E8C0E6B
:10567000F76E520EF66EC1EC05F0032A370E046E7B
:10568000BAEC3CF08BD0000EF86E8C0EF76E560E16
:10569000F66EC1EC05F0032A380E046EBAEC3CF04D
:1056A0007DD0000EF86E8C0EF76E5A0EF66EC1ECC1
:1056B00005F0032A390E046EBAEC3CF06FD0E0EC32
:1056C00004F06CD008665CD0060E031803E1E0EC31
:1056D00004F064D0000EF86E8C0EF76E680EF66E55
:1056E000C1EC05F003C008F0082A58D0000EF86E8F
:1056F0008C0EF76E700EF66EC1EC05F0032A300EBC
:10570000046EBAEC3CF04AD003522CE127C6E8FF05
:10571000000A10E027C6E8FF010A18E0000EF86E44
:10572000910EF76E6A0EF66EC1EC05F0000EE8CF32
:1057300027F634D0000EF86E910EF76E6E0EF66EF0
:10574000C1EC05F0010EE8CF27F628D0000EF86E68
:10575000960EF76ECC0EF66EC1EC05F0020EE8CF99
:1057600027F61CD0000EF86E8C0EF76E7C0EF66ECF
:10577000C1EC05F0476A478090EC3BF0036A10D01B
:10578000000EF86E8E0EF76EA20EF66EC1EC05F0EE
:10579000476A47804A6A036A086A02D057EC04F0F5
:1057A000046A1200000EFB6E570EFA6E0444016E7E
:1057B000BA0E0124D8B0FA2AF96E10D032D054D0E3
:1057C00076D083D0A5D0C7D0D4D0E5D0F2D0FFD04A
:1057D0000CD15DD16FD191D1CAD112008DEC04F002
:1057E0004ABE0ED0000EF86E8C0EF76E320EF66EBC
:1057F000C1EC05F0032A310E046EEBEC2DF0E7D17D
:10580000010EE8CF03F2000EF86E940EF76E100E44
:10581000F66EC1EC05F0310E92EC05F091EC05F05E
:10582000D6D18DEC04F04ABE0ED0000EF86E8C0E70
:10583000F76E360EF66EC1EC05F0032A320E046EDA
:10584000EBEC2DF0C4D1020EE8CF03F2000EF86E9F
:10585000940EF76E100EF66EC1EC05F0320E92EC5F
:1058600005F091EC05F0B3D18DEC04F04ABE0ED0FA
:10587000000EF86E8C0EF76E3A0EF66EC1EC05F067
:10588000032A330E046EEBEC2DF0A1D1030EE8CF0A
:1058900003F2000EF86E940EF76E100EF66EC1EC69
:1058A00005F0330E92EC05F091EC05F090D1036A0F
:1058B00004C200F0002A00C004F206C2E8FF00643F
:1058C00003D0010EE8CF04F270D18DEC04F04ABE93
:1058D0000ED0000EF86E8C0EF76E420EF66EC1EC16
:1058E00005F0032A340E046EEBEC2DF070D1040E9B
:1058F000E8CF03F2000EF86E940EF76E100EF66EFF
:10590000C1EC05F0340E92EC05F091EC05F05FD19E
:105910008DEC04F04ABE0ED0000EF86E8C0EF76EC1
:10592000460EF66EC1EC05F0032A350E046EEBEC64
:105930002DF04DD1050EE8CF03F2000EF86E940E57
:10594000F76E100EF66EC1EC05F0350E92EC05F018
:1059500091EC05F03CD1000EF86E8C0EF76E4A0EFD
:10596000F66EC1EC05F0032A360E046EEBEC2DF05A
:105970002ED1036A04C200F0000600C004F205E163
:1059800006C2E8FFE8CF04F205D006C2E8FF0064D3
:1059900001D0F6D70AD1000EF86E8C0EF76E520EBB
:1059A000F66EC1EC05F0032A370E046EEBEC2DF019
:1059B0000ED1000EF86E8C0EF76E560EF66EC1EC20
:1059C00005F0032A380E046EEBEC2DF000D1000E2A
:1059D000F86E8C0EF76E5A0EF66EC1EC05F0032AC7
:1059E000390E046EEBEC2DF0F2D08DEC04F04ABED3
:1059F0003CD005C2E8FF010A14E005C2E8FF020A34
:105A00001CE005C2E8FF030A24E0000EF86E940EC5
:105A1000F76E380EF66EC1EC05F0010EE8CF05F218
:105A2000D6D0020EE8CF05F2000EF86E940EF76E97
:105A3000460EF66EC1EC05F0CAD0000EF86E980E58
:105A4000F76E300EF66EC1EC05F0030EE8CF05F2EE
:105A5000BED0000EE8CF05F2000EF86E970EF76E7E
:105A6000B60EF66EC1EC05F0B2D0000EE8CF05F22E
:105A7000000EF86E8E0EF76E920EF66EC1EC05F00B
:105A8000C8EC2FF0476A47804A6A036AA2D08DECBF
:105A900004F04ABE01D06BD0000EE8CF05F2000E34
:105AA000F86E8E0EF76EA20EF66EC1EC05F0DFEC0E
:105AB0002FF08DD08DEC04F04ABE0ED0000EF86EA3
:105AC0008C0EF76E700EF66EC1EC05F0032A300EE8
:105AD000046EEBEC2DF07BD0000EE8CF03F2000E4D
:105AE000F86E940EF76E100EF66EC1EC05F0300EE7
:105AF00092EC05F091EC05F06AD004C200F006C209
:105B0000E8FF00640BD0000EF86E8C0EF76E7C0E72
:105B1000F66EC1EC05F0E0EC04F02ED005C2E8FF13
:105B2000E85023E0030A13E0000EF86E940EF76EBF
:105B30002E0EF66E54AAC1EC05F09CEC2FF04FA28D
:105B400004D0B1EC37F047BC44D0036A10D026EC47
:105B50002EF04FA23ED063EC2EF04FA23AD095EC3F
:105B60002EF0A9EC04F0036A02D0036A1ED0000EE6
:105B7000E8CF05F203520BE0000EF86E8E0EF76EC2
:105B8000A20EF66EC1EC05F04A6A036A20D0000E40
:105B9000F86E940EF76E200EF66EC1EC05F0476AB3
:105BA00047804A6A036A549A14D063EC2EF04FA2DD
:105BB00010D095EC2EF054AA0CD054BC0AD0140E80
:105BC0005CEC05F09CEC2FF04FA2BFD702D057EC55
:105BD00004F0046A12000350010A07E1300EE8CF16
:105BE00000F2E8CF01F2E8CF02F2040E031806E15A
:105BF0000306E0EC04F057EC04F027D0010E031884
:105C00000FE0020E031807E001C200F202C201F227
:105C100004C002F207D002C201F204C002F202D0B4
:105C200004C002F200C2E8FFD00FE8CF10F301C2B7
:105C3000E8FFD00FE8CF11F302C2E8FFD00FE8CFA2
:105C400012F344EC05F014C304F212004F8200C8B2
:105C5000E8FF6D0A0DE04F92000EF86E980EF76E99
:105C60003E0EF66EC1EC05F0000EE8CF05F22AD02C
:105C700063EC2EF04FA226D017EE00F028EE01F0D4
:105C800007C2E8FFE12608C227F0DE50E85204E030
:105C9000E66E272EFAD704D0200EE66E272EFCD70C
:105CA00002C701F003C702F701C003F704EC07F0D5
:105CB0004FA208D0A1EC1EF046B201D003D026ECD2
:105CC00040F04F9212004CA4FED7AFEC07F0F2EC7C
:105CD0001EF01A0EE66E000EE66E54A203D003C24A
:105CE000E8FFE66E04C2E8FF4DEC06F0E66E04C283
:105CF000E8FF62EC06F0E838006E04C2E8FF78ECDA
:105D000006F00010E66EFD0EE66E39EC07F04FA2CD
:105D10000BD0A1EC1EF046B201D006D0300EE8CF79
:105D20000FF226EC40F04F921200548C0A0E5CECFD
:105D300005F0A2EC04F017EE00F01B5208E0000E94
:105D4000F86E940EF76E160EF66EC1EC05F004C2F6
:105D5000E8FF4DEC06F0300F92EC05F004C2E8FFCE
:105D600062EC06F0300F92EC05F004C2E8FF78EC2C
:105D700006F0300F92EC05F00C0E2C600DD0B9EC53
:105D80001EF0FF0A09E1000EF86E940EF76E520E37
:105D9000F66EC1EC05F088D01D0E51B807D051BE8B
:105DA00005D052B403D052BA01D0360E2C646BD059
:105DB00000C7E8FFFE0AD8A44BEF2FF001C7E8FFA9
:105DC000FE0AD8A44BEF2FF0549CA9EC04F017EE78
:105DD00000F007C2E8FFE12608C2E8FF276EE650A0
:105DE000FD0A08E0FD0A2FEC39F0D8A492EC05F08A
:105DF000272EF5D791EC05F0A9EC04F017EE09F089
:105E000054B217EE0AF0E6CF19F6E6CF18F6E6CF51
:105E100017F6E6CF16F6E6CF15F638EC23F017EEB8
:105E200000F009C2E8FFE126E7CF3AF01F52D8A4FC
:105E300048EC24F0170E3A1837E1A9EC04F017EEFD
:105E400021F028EE1AF0180E276EE650FD0A16E033
:105E5000FD0ADE6E2FEC39F0D8A492EC05F0FF0EAF
:105E600092EC05F0110E2718D8B4A9EC04F0090E35
:105E70002718D8B4A9EC04F0272EE7D7000EDE6E61
:105E800091EC05F011D041EC40F02C5035EC06F0CF
:105E900091EC05F009D0000EF86E900EF76E6E0EC4
:105EA000F66EC1EC05F000D02C6A12004CA4FED7AF
:105EB000AFEC07F051B203D051B401D016D0F2ECE0
:105EC0001EF0080EE66EA00EE66E03C2E8FFE66E58
:105ED000FD0EE66E39EC07F04FA22DD0A1EC1EF0BE
:105EE00046B226D00A0E5CEC05F0F2EC1EF0080E6D
:105EF000E66E04C2E8FF4DEC06F0E66E04C2E8FF71
:105F000062EC06F0E838006E04C2E8FF78EC06F0B8
:105F10000010E66EFD0EE66E39EC07F04FA20BD0D6
:105F2000A1EC1EF046B204D00A0E5CEC05F003D0E2
:105F300026EC40F04F92120056EC2FF04FA221D0E9
:105F400005C2E8FF020A03E03EEC3BF002D067EC3A
:105F50003BF04FA219D0A1EC1EF046B212D00A0EAF
:105F60005CEC05F0F2EC1EF00A0EE66EFD0EE66E3D
:105F700039EC07F04FA208D0A1EC1EF046B201D0D8
:105F800003D026EC40F04F92000EE8CF05F212004D
:105F900056EC2FF04FA20FD0F2EC1EF0090EE66E79
:105FA000FD0EE66E39EC07F04FA208D0A1EC1EF012
:105FB00046B201D003D026EC40F04F92120056ECCE
:105FC0002FF04FA231D0F2EC1EF0080EE66EFD0E5F
:105FD000E66E39EC07F04FA22AD0A1EC1EF046B2D3
:105FE00023D0640E5CEC05F0F2EC1EF00B0EE66EB6
:105FF000FD0EE66E39EC07F04FA219D0A1EC1EF0B1
:1060000046B212D0C80E5CEC05F0F2EC1EF0070EA2
:10601000E66EFD0EE66E39EC07F04FA208D0A1EC5B
:106020001EF046B201D003D026EC40F04F92120091
:10603000020EE8CF34F6000EFB6E600EFA6E0444DA
:10604000016E4C0E0124D8B0FA2AF96E10D03ED061
:106050006CD08CD0DCD0E9D0F6D003D133D140D194
:106060004DD15AD1E0D1FDD111D238D21200310E2A
:10607000046E8DEC04F04ABE13D024C6E8FF170A64
:106080000CE0000EF86E8C0EF76E320EF66EC1EC60
:1060900005F0032AD5EC3CF036D234EC16F033D2BE
:1060A00024C6E8FF140A09E024C6E8FF190A08E03C
:1060B00024C6E8FF1A0A07E0A1D0D5EC11F023D2DC
:1060C00098EC09F020D25DEC15F01DD2320E046E72
:1060D0008DEC04F04ABE13D024C6E8FF170A0CE08A
:1060E000000EF86E8C0EF76E360EF66EC1EC05F0F3
:1060F000032AD5EC3CF007D234EC16F004D224C6C7
:10610000E8FF140A09E024C6E8FF190A08E024C6DB
:10611000E8FF1A0A07E072D0D5EC11F0F4D198EC40
:1061200009F0F1D15DEC15F0EED1330E046E8DEC7B
:1061300004F04ABE0CD0000EF86E8C0EF76E3A0ECC
:10614000F66EC1EC05F0032AD5EC3CF0DCD124C698
:10615000E8FF190A05E024C6E8FF1A0A04E04ED059
:1061600098EC09F0D0D15DEC15F0CDD124C6E8FF54
:10617000060A47E024C6E8FF070A43E024C6E8FF12
:10618000080A3FE024C6E8FF090A20E128C6E8FF24
:10619000020A04E028C6E8FF010A0CE0000EF86ECF
:1061A000960EF76E340EF66EC1EC05F0010EE8CFD8
:1061B00028F6A9D1000EF86E960EF76E280EF66E30
:1061C000C1EC05F0020EE8CF28F69DD124C6E8FF09
:1061D0000E0A17E024C6E8FF0F0A13E024C6E8FF02
:1061E000100A0FE024C6E8FF110A0BE024C6E8FFFE
:1061F000130A07E024C6E8FF1A0A03E0E0EC04F003
:1062000082D1C8EC06F0010EE8CF28F67CD1000E52
:10621000F86E8C0EF76E420EF66EC1EC05F0032A96
:10622000340E046ED5EC3CF06ED1000EF86E8C0E80
:10623000F76E460EF66EC1EC05F0032A350E046EBD
:10624000D5EC3CF060D1000EF86E8C0EF76E4A0E65
:10625000F66EC1EC05F0032A360E046ED5EC3CF068
:1062600052D124C6E8FF060A27E024C6E8FF070A41
:1062700023E024C6E8FF080A1FE024C6E8FF090A55
:106280001BE024C6E8FF0E0A17E024C6E8FF0F0A49
:1062900013E024C6E8FF100A0FE024C6E8FF110A45
:1062A0000BE024C6E8FF130A07E024C6E8FF1A0A39
:1062B00003E0E0EC04F027D1BFEC06F0000EE8CFDD
:1062C00028F621D1000EF86E8C0EF76E520EF66E87
:1062D000C1EC05F0032A370E046ED5EC3CF013D167
:1062E000000EF86E8C0EF76E560EF66EC1EC05F0D1
:1062F000032A380E046ED5EC3CF005D1000EF86E82
:106300008C0EF76E5A0EF66EC1EC05F0032A390EAC
:10631000046ED5EC3CF0F7D024C6E8FF080A09E08B
:1063200024C6E8FF130A41E024C6E8FF1A0A62E027
:1063300077D029C6E8FF010A14E029C6E8FF100A51
:106340001CE029C6E8FF110A24E0000EF86E960E44
:10635000F76E4A0EF66EC1EC05F0010EE8CF29F695
:10636000D2D0000EF86E960EF76E3A0EF66EC1ECB5
:1063700005F0100EE8CF29F6C6D0000EF86E960E86
:10638000F76E5A0EF66EC1EC05F0110EE8CF29F645
:10639000BAD0000EF86E8E0EF76EEE0EF66EC1ECF1
:1063A00005F0000EE8CF29F6AED046B40DD046B6C3
:1063B00016D046844696000EF86E950EF76E6E0E59
:1063C000F66EC1EC05F09FD046944686000EF86E3E
:1063D000950EF76E9A0EF66EC1EC05F094D04696C7
:1063E0004694000EF86E950EF76E660EF66EC1ECD2
:1063F00005F089D046A80AD04698000EF86E920E95
:10640000F76ECE0EF66EC1EC05F07DD04688000E1C
:10641000F86E920EF76EDC0EF66EC1EC05F073D0DE
:10642000E0EC04F070D026C6E8FF040A0EE108662E
:106430000CD0000EF86E8C0EF76E680EF66EC1EC86
:1064400005F003C008F0082A5ED0000EF86E8E0E2C
:10645000F76EAA0EF66EC1EC05F04A6A036A086A86
:1064600054D024C6E8FF170A0EE0000EF86E8C0E1A
:10647000F76E700EF66EC1EC05F0032A300E046E56
:10648000D5EC3CF040D034EC16F03DD024C6E8FF0B
:10649000170A24E028C6E8FFFF0A0BE103520FE1C8
:1064A000000EF86E960EF76E720EF66EC1EC05F0E9
:1064B0002AD087EC32F04FA219D0035206E0E7EC65
:1064C00032F04FA213D046B211D024C6E8FF000A22
:1064D000D8A438EC40F042EC34F008D0000EF86E4E
:1064E0008E0EF76EA20EF66EC1EC05F0476A47807D
:1064F000FF0EE8CF28F6476A47804A6A036A086AAF
:106500004694469602D057EC04F0046A1200AFECB1
:1065100007F0F2EC1EF0160EE66E24C6E8FF0E0A37
:10652000440ED8B439D024C6E8FF0F0A450ED8B4BB
:1065300033D024C6E8FF100A220ED8B42DD024C6CA
:10654000E8FF110A400ED8B427D024C6E8FF130A8A
:10655000460ED8B421D024C6E8FF1A0A04E1410E41
:1065600046B8480E19D024C6E8FF060A420ED8B431
:1065700013D024C6E8FF070A430ED8B40DD024C6B2
:10658000E8FF080A4B0ED8B407D024C6E8FF090A72
:106590005B0ED8B401D0FF0EE66E28C6E8FFE66EAB
:1065A000FD0EE66E39EC07F04FA210D0A1EC1EF004
:1065B00046B2DCEF32F00AD0000EF86E960EF76E9F
:1065C000840EF66EC1EC05F04F9200D0120024C686
:1065D000E8FF060A03E129EC3DF04ED124C6E8FFAE
:1065E000070A03E129EC3DF047D124C6E8FF080A79
:1065F00003E1C5EC3DF040D124C6E8FF090A03E100
:10660000C5EC3DF039D1F1EC3CF014C333F624C6AF
:10661000E8FF120A0BE133C63AF0D5EC08F04FB2AE
:10662000BAEC24F0000EE8CF24F626D124C6E8FF09
:10663000150A0BE133C623F6D5EC08F04FB247EC50
:1066400008F0000EE8CF24F617D124C6E8FF140A9C
:1066500006E107EC12F0000EE8CF24F60DD124C6B7
:10666000E8FF160A09E1B0EC1BF04FB26CEC1BF02E
:10667000000EE8CF24F600D124C6E8FF1E0A09E187
:10668000F2EC15F04FB2D3EC15F0000EE8CF24F683
:10669000F3D024C6E8FF1F0A09E1E3EC12F04FB281
:1066A0004EEC13F0000EE8CF24F6E6D0AFEC07F086
:1066B000F2EC1EF024C6E8FF0E0A03E1FDEC1EF02A
:1066C0009AD024C6E8FF140A03E117EC21F093D016
:1066D00024C6E8FF0B0A05E1140EE66E0C0EE66E0A
:1066E0008AD024C6E8FF0C0A05E1140EE66E0B0EF4
:1066F000E66E81D024C6E8FF0F0A03E12BEC1FF001
:106700007AD024C6E8FF100A03E150EC1FF073D0E2
:1067100024C6E8FF110A05E1140EE66E060EE66EC9
:106720006AD024C6E8FF0D0A05E1140EE66E0A0ED3
:10673000E66E61D024C6E8FF130A11E146B476EC98
:1067400020F046B40BD046B6B8EC20F0000E46B6AA
:10675000E8CF34F646B602D034EC20F04CD024C654
:10676000E8FF190A08E1000EE8CF34F61A0EE66ECB
:10677000040EE66E40D024C6E8FF180A06E1000EBB
:10678000E8CF34F6110EE66E36D024C6E8FF1A0ABA
:1067900008E1020EE8CF34F6140EE66E0D0EE66E3A
:1067A0002AD024C6E8FF1B0A06E1000EE8CF34F623
:1067B000100EE66E20D024C6E8FF1C0A06E1000E8B
:1067C000E8CF34F685EC1FF016D024C6E8FF1D0A8A
:1067D00006E1000EE8CF34F6C6EC1FF00CD024C65C
:1067E000E8FF1E0A06E1000EE8CF34F60C0EE66E56
:1067F00002D0FF0EE66E34C6E8FF010A05E034C69B
:10680000E8FF020A0AE012D033C6E8FFE852D8A433
:10681000A4EC3EF0E8CF33F60AD033C6E8FFE852E6
:10682000D8A4C1EC3EF0E8CF33F601D006D033C691
:10683000E8FF4DEC06F00F0BE66E33C6E8FF62ECA6
:1068400006F0E838F00B006E33C6E8FF78EC06F08F
:106850000010E66EFD0EE66E39EC07F04FA211D087
:10686000A1EC1EF046A20DD0000EF86E960EF76E4B
:10687000980EF66EC1EC05F0086AFF0EE8CF28F618
:10688000036A1200140E5CEC05F04F82010EE8CF93
:1068900025F624C6E8FF060AD8B4DBEC1BF04FA2AD
:1068A00092D0020EE8CF25F624C6E8FF070AD8B436
:1068B000DBEC1BF04FA287D0030EE8CF25F624C6F1
:1068C000E8FF080AD8B4DBEC1BF04FA27CD0040E22
:1068D000E8CF25F624C6E8FF090AD8B467EC1CF017
:1068E0004FA271D024C6E8FF0E0AD8B4E5EC0EF032
:1068F0004FA269D024C6E8FF0B0AD8B4BBEC12F053
:106900004FA261D024C6E8FF0C0AD8B4FBEC13F008
:106910004FA259D024C6E8FF0F0AD8B423EC14F0D4
:106920004FA251D024C6E8FF100AD8B46BEC14F083
:106930004FA249D024C6E8FF110AD8B48AEC15F05A
:106940004FA241D024C6E8FF0D0AD8B45CEC16F083
:106950004FA239D024C6E8FF130AD8B4B2EC1DF018
:106960004FA231D024C6E8FF190AD8B406EC09F0CA
:106970004FA229D024C6E8FF180AD8B42CEC0BF09B
:106980004FA221D024C6E8FF1A0AD8B4ACEC14F008
:106990004FA219D024C6E8FF1B0AD8B4B6EC1CF0ED
:1069A0004FA211D024C6E8FF1C0AD8B484EC16F01C
:1069B0004FA209D024C6E8FF1D0AD8B426EC1BF06C
:1069C0004FA201D000D01200000EFB6E690EFA6ECD
:1069D0000444016EDE0E0124D8B0FA2AF96E10D0FC
:1069E0001CD036D047D06DD095D0BDD0E5D00CD1DD
:1069F00038D160D18CD19DD1D2D1F1D11DD212002C
:106A00008DEC04F04ABE04D0FF0E006E310E21D290
:106A10002B6A54940BEC39F036D28DEC04F04ABE5C
:106A200012D05DC800F0000E0018410E0BE0010E00
:106A30000018420E07E0020E0018430E03E0FF0E9E
:106A4000006E320E06D22B6A54840BEC39F01BD246
:106A50005DC800F0000E0018440E0BE0010E001897
:106A6000450E07E0020E0018460E03E0FF0E006E12
:106A7000330EEFD128EE00F02B5205E05CC8E8FFA2
:106A80002BC0DBFF06D05CC8E8FFDBCFE8FFE85295
:106A900015E02B6A5CC800F0002A00C05CF8170EF5
:106AA000006405D00BEC40F0180EE8CF5CF8FF0E48
:106AB000006E5CC8E8FFDBCFE8FFCBD10BEC40F009
:106AC000E2D18DEC04F04ABE12D05DC800F0000E99
:106AD0000018470E0BE0010E0018480E07E0020EEA
:106AE0000018490E03E0FF0E006E340EB2D1000E06
:106AF000F86E970EF76EDA0EF66EC1EC05F0A9ECA3
:106B000004F0AFEC38F0020EE8CF5EF8548671EC7A
:106B100037F0B9D18DEC04F04ABE12D05DC800F058
:106B2000000E00184A0E0BE0010E00184B0E07E095
:106B3000020E00184C0E03E0FF0E006E350E89D1D8
:106B4000000EF86E970EF76EBC0EF66EC1EC05F0F7
:106B5000A9EC04F08AEC38F0020EE8CF5EF8548617
:106B600071EC37F090D18DEC04F04ABE12D05DC8C4
:106B700000F0000E00184D0E0BE0010E00184E0E36
:106B800007E0020E00184F0E03E0FF0E006E360EF7
:106B900060D1000EF86E970EF76EE60EF66EC1EC41
:106BA00005F0A9EC04F0B4EC38F0020EE8CF5EF882
:106BB000548671EC37F067D18DEC04F04ABE17D0E3
:106BC00028EE00F05CC800F0000600C05CF8FF0E84
:106BD0000018D8A405D0000EE8CF5CF80BEC40F00C
:106BE000FF0E006E5CC8E8FFDBCFE8FF32D1000E7D
:106BF000F86E980EF76E220EF66EC1EC05F0A9EC59
:106C000004F077EC38F0ECD78DEC04F04ABE16D0E7
:106C10005DC800F0000E0018500E0FE0010E0018C5
:106C2000510E0BE0020E0018520E07E0030E001882
:106C3000530E03E0FF0E006E370E0BD1000EF86E00
:106C4000980EF76E0C0EF66EC1EC05F0A9EC04F090
:106C5000FDEC37F0020EE8CF5EF8548671EC37F0A9
:106C600012D18DEC04F04ABE12D05DC800F0000EC7
:106C70000018540E0BE0010E0018550E07E0020E2E
:106C80000018560E03E0FF0E006E380EE2D0000E24
:106C9000F86E970EF76EF40EF66EC1EC05F0A9ECE7
:106CA00004F099EC38F0020EE8CF5EF8548671ECEF
:106CB00037F0E9D08DEC04F04ABE16D05DC800F084
:106CC000000E0018570E0FE0010E0018580E0BE0D2
:106CD000020E0018590E07E0030E00185A0E03E0CA
:106CE000FF0E006E390EB5D0000EF86E980EF76EDE
:106CF000000EF66EC1EC05F0A9EC04F0A4EC38F03F
:106D0000020EE8CF5EF8548671EC37F0BCD08DEC03
:106D100004F04ABE03D046EC37F0B5D0000EF86E52
:106D2000970EF76EC40EF66EC1EC05F01EEC38F04F
:106D3000AAD0000EE8CF5DF88DEC04F04ABE16D064
:106D4000000EF86E8E0EF76EA20EF66EC1EC05F018
:106D50005CC8E8FFDB5092EC05F091EC05F0016AAD
:106D60005CC8E8FF01C0DBFF2B6A8DD0000EF86E17
:106D70008E0EF76EA20EF66EC1EC05F0540E92EC7C
:106D800005F0650E92EC05F0780E92EC05F0740EAD
:106D900092EC05F091EC05F055EC39F074D08DECE7
:106DA00004F04ABE16D05DC800F0000E0018300E88
:106DB0000FE0010E0018200E0BE0020E00182F0E3F
:106DC00007E0030E00182D0E03E0FF0E006E400ECC
:106DD00040D0000EE8CF3CF8E8CF5DF854D08DEC01
:106DE00004F04ABE11D05EC8E8FFE8521CE0000E75
:106DF000F86E970EF76EB60EF66EC1EC05F0A9ECC4
:106E000004F071EC37F03FD05EC8E8FFE8520BE0C9
:106E1000000EF86E970EF76EBC0EF66EC1EC05F024
:106E200071EC37F030D0000EF86E970EF76E9E0EB4
:106E3000F66EC1EC05F027D0000EF86E970EF76ED7
:106E4000520EF66EC1EC05F0476A47804A6A036A43
:106E50001AD0002A00C05DF82B6E000EF86E970E57
:106E6000F76E600EF66E200E2B18D8B4C1EC05F04C
:106E70002B502FEC39F004E092EC05F091EC05F08A
:106E800002D0E0EC04F0046A4A9E12005EC800F0F2
:106E9000002A040E001802E1010E006E0050010AE3
:106EA00007E00050020A0BE00050030A0FE018D080
:106EB000000EF86E970EF76E760EF66E0DD0000E81
:106EC000F86E970EF76E900EF66E06D0000EF86E06
:106ED000970EF76E840EF66EC1EC05F000C05EF8FA
:106EE0001200AFEC07F0549000C8E8FFE866548049
:106EF0004AAE5490F2EC1EF01F0EE66E5EC8E8FF3C
:106F0000E806E66E54B0F4EC38F0FD0EE66E39ECAF
:106F100007F04FA223D0A1EC1EF046B21DD054A022
:106F200006D0ADEC1EF046A217D05490E3D754A67D
:106F30000CEC38F05EC800F0010E001807E0020EFD
:106F4000001804E0030E001804E006D0BFEC38F08F
:106F500005D0E0EC38F002D014EC40F02C6A5496E6
:106F6000120051B404D052B802D052AA27D0AFECCC
:106F700007F061EC08F04FA221D000C63AF0170EDE
:106F80003A181CE10A0E5CEC05F063EC2EF04FA2FF
:106F900015D0DFEC37F02FEC38F0EFEC37F0000EC7
:106FA000F86E970EF76E4A0EF66EC1EC05F0000E05
:106FB000E8CF5EF8476A478C4A6A036A120017EE08
:106FC00021F028EE00F0180E276EE650FD0A04E0CE
:106FD000FD0ADE6E272EF9D7000EDE6E120017EEC8
:106FE00021F028EE34F0080E276EE650FD0A04E08A
:106FF000FD0ADE6E272EF9D7120018EE34F028EEC7
:1070000000F0080E276EE6CF00F000C0DEFF005251
:1070100002E0272EF8D7120017EE06F028EE1AF03D
:10702000190E276EE6CF00F0FD0E001804E000C038
:10703000DEFF272EF7D7E8CFDEFF120018EE1AF09A
:1070400028EE00F0190E276EE6CF00F000C0DEFF3C
:10705000005202E0272EF8D7E8CFDEFF120018EE2C
:107060001AF028EE00F0190E276EDECF00F000C0F7
:10707000E6FF005202E0272EF8D7E8CFE6FF120025
:10708000549017EE07F028EE3CF0200E276EE650E5
:10709000DF1ADE6ED8A45480272EF9D754A026D04C
:1070A00018EE3CF0200E276EE6CF00F01F0E0064B5
:1070B00019D000502FEC39F0D8A492EC05F00D0E49
:1070C0002718D8B4A9EC04F00D0E276003D0060EE3
:1070D000276006D0050E2718D8B4A9EC04F002D01A
:1070E00091EC05F0272EE0D791EC05F0120028EE88
:1070F00000F05CC8E8FFDBCF00F05B0E006009D059
:10710000400E006406D0200E00265CC8E8FF00C0D8
:10711000DBFF120028EE00F0030E276E430EDE6E3A
:10712000510EDE6E272EFAD7200EDE6E200EDE6E9A
:10713000120028EE00F0070E276E200EDE6E272EBE
:10714000FCD7450EDE6E120028EE00F0070E276E0B
:10715000200EDE6E272EFCD7490EDE6E120028EEC2
:1071600007F04C0EDF6E120028EE00F0070E276EBF
:10717000200EDE6E272EFCD7550EDE6E120017EEA7
:1071800006F0180E276EE6CF00F0FD0E001817E08F
:1071900000502FEC39F011E092EC05F091EC05F085
:1071A000FF0E92EC05F0110E2718D8B4A9EC04F0EC
:1071B000090E2718D8B4A9EC04F0272EE4D7120042
:1071C00017EE06F01E0E276EE6CF00F0FD0E00183B
:1071D00008E000502FEC39F0D8A492EC05F0272EEF
:1071E000F3D791EC05F0120028EE00F05EC800F035
:1071F0000C0E000604E0180E000601E0140E276EC7
:10720000DE5004E0E66E272EFBD704D0200EE66E9B
:10721000272EFCD71200D9CF01F028EE00F0180E6F
:10722000276EDE500BE02FEC39F0D8A492EC05F07D
:1072300054A402D0A9EC04F0272EF3D791EC05F06A
:107240002750180A08E1000EF86E940EF76E520EE1
:10725000F66EC1EC05F001C0D9FF54941200006E27
:1072600054A409D0000EF86E970EF76E600EF66EFD
:10727000200E001813E0000EF86E970EF76E680EE1
:10728000F66E2F0E00180AE0000EF86E970EF76EDD
:10729000700EF66E2D0E001801E005D091EC05F091
:1072A000C1EC05F0006A00501200180E276E28EE9F
:1072B00000F0DE6A272EFDD7000EE8CF5CF8120042
:1072C000AFEC07F0F2EC1EF0160EE66E24C6E8FFF7
:1072D000060A02E1420E13D024C6E8FF070A02E1C3
:1072E000430E0DD024C6E8FF080A02E14B0E07D07A
:1072F00024C6E8FF090A02E15B0E01D0FF0EE66E2C
:1073000028C6E6FFFD0EE66E39EC07F04FA226D048
:10731000A1EC1EF046B2ABEF39F024C6E8FF060A36
:1073200002E1010E13D024C6E8FF070A02E1020EB3
:107330000DD024C6E8FF080A02E1030E07D024C6D8
:10734000E8FF090A02E1040E01D0FF0EE8CF25F69E
:10735000AFEC39F003D026EC40F04F921200AFECC6
:1073600007F05490F2EC1EF0160EE66E25C6E8FF0C
:10737000010A0AE1000EF86E950EF76EAC0EF66E7D
:10738000C1EC05F0420E2BD025C6E8FF020A0AE147
:10739000000EF86E950EF76EDA0EF66EC1EC05F083
:1073A000430E1DD025C6E8FF030A0AE1000EF86E61
:1073B000950EF76EF40EF66EC1EC05F04B0E0FD085
:1073C00025C6E8FF040A0AE1000EF86E960EF76E75
:1073D000100EF66EC1EC05F05B0E01D0FF0EE66EEE
:1073E000FD0EE66E39EC07F04FA239D0A1EC1EF08D
:1073F00046B22BEF3AF006C7E8FF000AD8B428D00F
:10740000548025C6E8FF040A05E006C7E8FF010A24
:107410001CE016D006C7E8FF020A09E0000EF86E6D
:10742000960EF76E340EF66EC1EC05F018D0000E15
:10743000F86E960EF76E280EF66EC1EC05F00FD0C2
:1074400041EC40F04F9254900AD0C8EC06F007D0BF
:10745000BFEC06F004D026EC40F04F9200D01200B2
:10746000AFEC07F0F2EC1EF01B0EE66E25C6E8FF4F
:10747000010A02E1000E13D025C6E8FF020A02E16C
:10748000010E0DD025C6E8FF030A02E1020E07D067
:1074900025C6E8FF040A02E1070E01D0FF0EE66EE2
:1074A000FD0EE66E39EC07F04FA290D0A1EC1EF075
:1074B00046B289D025C6E8FF030A24E025C6E8FFC6
:1074C000040A6BE007C7E8FFF00BE838300F92ECD6
:1074D00005F007C7E8FF0F0B300F92EC05F008C767
:1074E000E8FFF00BE838300F92EC05F02E0E92EC2E
:1074F00005F008C7E8FF0F0B300F92EC05F091EC98
:1075000005F064D007C7E8FF0F0B300F92EC05F0D1
:10751000200E92EC05F008C7E8FFF00BE838300FBA
:1075200092EC05F0200E92EC05F008C7E8FF0F0B77
:10753000300F92EC05F091EC05F006C7E8FF110A58
:1075400009E1000EF86E960EF76E5A0EF66EC1EC5B
:1075500005F022D006C7E8FF100A09E1000EF86E18
:10756000960EF76E3A0EF66EC1EC05F015D006C712
:10757000E8FF010A09E1000EF86E960EF76E4A0E5A
:10758000F66EC1EC05F008D0000EF86E8E0EF76EA8
:10759000EE0EF66EC1EC05F019D006C7E8FFF00B51
:1075A000E838300F92EC05F0200E92EC05F006C79B
:1075B000E8FF0F0B300F92EC05F091EC05F006D0D0
:1075C000BFEC06F003D026EC40F04F922C6A12007C
:1075D000549EAFEC07F0F2EC1EF0070EE66ED20EF2
:1075E000E66E000E4ABE010EE66EFD0EE66E39EC4A
:1075F00007F04FA223D0A1EC1EF046B21DD04ABE28
:107600000FD04D0E92EC05F0610E92EC05F0690E74
:1076100092EC05F06E0E92EC05F091EC05F00ED0B8
:10762000530E92EC05F0750E92EC05F0620E92ECA2
:1076300005F091EC05F002D014EC40F01200549EDD
:10764000AFEC07F0F2EC1EF0070EE66EB00EE66E41
:10765000FD0EE66E39EC07F04FA20FD0A1EC1EF044
:1076600046B209D0000EF86E980EF76EB80EF66EA0
:10767000C1EC05F002D014EC40F01200549EAFECC7
:1076800007F0F2EC1EF050B80BD050BA09D050BC45
:1076900007D050BE05D051BE03D052B406D00CD096
:1076A000070EE66ED00EE66E0BD0070EE66ED20E1B
:1076B000E66E000EE66E04D0070EE66E000EE66E75
:1076C000FD0EE66E39EC07F04FA200D01200549E7A
:1076D000AFEC07F0F2EC1EF050B80BD050BA09D066
:1076E00050BC07D050BE05D051BE03D052B406D016
:1076F0000CD0070EE66ED10EE66E0BD0070EE66ECE
:10770000D20EE66E010EE66E04D0070EE66E010E96
:10771000E66EFD0EE66E39EC07F04FA200D01200C7
:10772000300E006E01EE30F003C027F0085204E086
:10773000081C070F076E61D0030E031824E1000E2A
:10774000EB50390A20E1010EEB50390A1CE1020E20
:10775000EB50390A18E1320E5CEC05F0000EF86EC1
:107760008F0EF76EC20EF66EC1EC05F0C80E5CEC23
:1077700005F0F29EF29CE4EC45F0F5EC45F0C80E05
:107780005CEC05F0FF00030E031818E1000EEB504F
:10779000370A14E1010EEB50370A10E1020EEB50EC
:1077A000370A0CE1320E5CEC05F0000EF86E980E14
:1077B000F76ECC0EF66EC1EC05F093D0040E076E9A
:1077C000010E03181AE0030E076E020E031815E0EF
:1077D000020E076E030E031810E0040E076E040E6F
:1077E00003180BE0030E076E050E031806E0020EE9
:1077F000076E060E031801E074D027062750EBCF62
:107800002BF000C0EBFF07242BC0EBFF2752D8A4BE
:10781000F4D727C6E8FF000A03E13EEC3BF008D0AE
:1078200027C6E8FF010A03E167EC3BF001D009D06D
:107830004FA257D004C7E8FFFB0A03E00BEC40F06F
:1078400050D0F2EC1EF0050EE66E39C1E8FFD00F05
:10785000E838006E3AC1E8FFD00F0024E66EE8CFAA
:1078600002F637C1E8FFD00FE838006E38C1E8FFF4
:10787000D00F0024E66EE8CF03F635C1E8FFD00F45
:10788000E838006E36C1E8FFD00F0024E66EE8CF7E
:1078900004F633C1E8FFD00FE838006E34C1E8FFCA
:1078A000D00F0024E66EE8CF05F631C1E8FFD00F17
:1078B000E838006E32C1E8FFD00F0024E66EE8CF52
:1078C00006F6FD0EE66E39EC07F04FA20AD0A1ECE9
:1078D0001EF046B204D0FF0EE8CF13F602D026EC1D
:1078E00040F0086A1200AFEC07F002C6E8FFFF0A9A
:1078F00009E1000EF86E910EF76E540EF66EC1ECB3
:1079000005F037D0F2EC1EF0050EE66E02C6E8FF79
:10791000E66E03C6E8FFE66E04C6E8FFE66E05C63F
:10792000E8FFE66E06C6E8FFE66EFD0EE66E39EC91
:1079300007F04FA21ED0A1EC1EF046B218D013C61D
:10794000E8FFFF0A16E00F0E5CEC05F0F2EC1EF00B
:10795000060EE66E13C6E8FFE66E14C6E8FFE66E96
:10796000FD0EE66E39EC07F04FA203D002D026ECF4
:1079700040F012000350010A08E10B0E276E300E92
:1079800001EE30F0EE6E272EFDD70C0E031806E147
:107990000306E0EC04F057EC04F006D001EE30F002
:1079A0000350E80604C0EBFF12000350010A08E18F
:1079B00026C627F0300E01EE30F0EE6E272EFDD7F2
:1079C00026C6E8FF036406D00306E0EC04F057EC9B
:1079D00004F006D001EE30F00350E80604C0EBFFDF
:1079E0001200300E006E01EE30F003C027F0000EE2
:1079F000E8CF0EF3E8CF0FF3E8CF10F3E8CF11F3A1
:107A0000010E031806E130C1E8FFD00FE8CF12F3F2
:107A10001DD0020E03180BE130C1E8FFD00FE8CFF4
:107A200011F331C1E8FFD00FE8CF12F30FD030C10E
:107A3000E8FFD00FE8CF10F331C1E8FFD00FE8CF57
:107A400011F332C1E8FFD00FE8CF12F364EC3EF03F
:107A50001200AFEC07F0300E006E01EE30F003C004
:107A600027F0000EE8CF35F6E8CF36F6E8CF37F648
:107A7000010E031807E130C1E8FFD00FE838E8CF66
:107A800037F651D0020E03180CE130C1E8FFD00FD9
:107A9000E8CF36F631C1E8FFD00FE838E8CF37F647
:107AA00042D0030E031828E130C1E8FFCD0FD8A063
:107AB00011D030C1E8FFD00FE8CF36F631C1E8FF72
:107AC000D00F006E003A32C1E8FFD00F0010E8CFAF
:107AD00037F629D030C1E8FFD00F006E003A31C12F
:107AE000E8FFD00F0010E8CF36F632C1E8FFD00F24
:107AF000E838E8CF37F617D030C1E8FFD00F006E76
:107B0000003A31C1E8FFD00F0010E8CF36F632C19D
:107B1000E8FFD00F006E003A33C1E8FFD00F00102D
:107B2000E8CF37F600D0F2EC1EF01B0EE66E24C64E
:107B3000E8FF060A02E1000E07D024C6E8FF070AA4
:107B400002E1010E01D0FF0EE66E35C6E8FFE66EDB
:107B500036C6E8FFE66E37C6E8FFE66EFD0EE66E57
:107B600039EC07F04FA2C3EF3DF0A1EC1EF046B296
:107B700001D009D0000EF86E960EF76EAA0EF66EC2
:107B8000C1EC05F04F92086A1200AFEC07F0300E1E
:107B9000006E01EE30F003C027F0000EE8CF35F69E
:107BA000E8CF36F6E8CF37F6010E031806E130C10C
:107BB000E8FFD00FE8CF37F620D0020E03180CE113
:107BC00030C1E8FFD00F006E003A31C1E8FFD00F9E
:107BD0000010E8CF37F611D030C1E8FFD00FE8CF62
:107BE00036F631C1E8FFD00F006E003A32C1E8FF2F
:107BF000D00F0010E8CF37F600D0F2EC1EF01B0ECD
:107C0000E66E24C6E8FF080A02E1020E07D024C689
:107C1000E8FF090A02E1070E01D0FF0EE66E24C656
:107C2000E8FF080A05E024C6E8FF090A0DE01CD0B9
:107C300029C6E8FFE66E36C6E8FFE66E37C6E8FFFF
:107C4000E66EFD0EE66E06D037C6E8FFE66EFD0E68
:107C5000E66E00D039EC07F04FA23DEF3EF0A1EC0C
:107C60001EF046B201D009D0000EF86E960EF76EE7
:107C7000AA0EF66EC1EC05F04F92086A1200AFEC46
:107C800007F057EC08F04FA21DD005C702F606C753
:107C900003F607C704F608C705F609C706F6640E1B
:107CA0005CEC05F061EC08F04FA20CD000C613F6B6
:107CB00001C614F6000EF86E8E0EF76E920EF66E7A
:107CC000C1EC05F02C6A1200030111510F25146F4D
:107CD00014270E35136F1039102514270F51132751
:107CE000143713371039112514270E39D8B001096C
:107CF00013270F39145FD8A01307D8901437133700
:107D00000E39122514270E51D8B00E05135F00014D
:107D1000120002010B510D5D02E10C510E5D0001DC
:107D2000120003010C6B180E0D6F083509370A3766
:107D30000C3708370B510C5FD8B0088108A10C270D
:107D40000D2FF3D700011200016E0A0E016402D05C
:107D50000A0E016E000EFB6E7D0EFA6E0144016E7E
:107D60006A0E0124D8B0FA2AF96E0B0C220C3A0CD8
:107D7000510C680C800C970CAE0CC50CDD0CF40C8F
:107D80001200016E640E016402D0640E016E000EDA
:107D9000FB6E7D0EFA6E0144016EA40E0124D8B074
:107DA000FA2AF96E000C030C060C080C0B0C0D0CD7
:107DB000100C120C150C180C1A0C1D0C1F0C220C9C
:107DC000240C270C290C2C0C2F0C310C340C360CE9
:107DD000390C3B0C3E0C400C430C460C480C4B0C35
:107DE0004D0C500C520C550C580C5A0C5D0C5F0C81
:107DF000620C640C670C690C6C0C6F0C710C740CCD
:107E0000760C790C7B0C7E0C800C830C860C880C19
:107E10008B0C8D0C900C920C950C980C9A0C9D0C64
:107E20009F0CA20CA40CA70CA90CAC0CAF0CB10CB1
:107E3000B40CB60CB90CBB0CBE0CC00CC30CC60CFD
:107E4000C80CCB0CCD0CD00CD20CD50CD80CDA0C49
:107E5000DD0CDF0CE20CE40CE70CE90CEC0CEF0C95
:107E6000F10CF40CF60CF90CFB0CFE0CFF0C1200E0
:107E7000006E016A160E006425D0012A2E0E0064E1
:107E800021D0012A450E00641DD0012A5C0E006439
:107E900019D0012A740E006415D0012A8B0E0064DB
:107EA00011D0012AA20E00640DD0012AB90E00647F
:107EB00009D0012AD10E006405D0012AE80E006421
:107EC00001D0012A01501200006ED890E832D890FB
:107ED000E8320024E8380F0BE86ED8B0E888D89074
:107EE000E8321200006EFF0A02E1640E1200005038
:107EF000D8900032D8900032D8900032002600325C
:107F000000260032D89000301200B9EC1EF0F00BC1
:107F1000E838300F92EC05F0B9EC1EF00F0B300F83
:107F200092EC05F091EC05F01200000EE8CF0EF394
:107F3000E8CF0FF3C2EC1EF0E8CF10F3B9EC1EF05F
:107F4000F00BE838E8CF11F3B9EC1EF00F0BE8CFD7
:107F500012F364EC3EF014C3E8FF38EC3FF035EC6C
:107F600006F091EC05F01200000EE8CF0EF3E8CF1A
:107F70000FF3C2EC1EF0E8CF10F3B9EC1EF0F00BDB
:107F8000E838E8CF11F3B9EC1EF00F0BE8CF12F38D
:107F900064EC3EF014C3E8FF72EC3FF035EC06F001
:107FA00091EC05F01200030113390F0BF00F0F6F66
:107FB0000F27E20F106F320F126F13510F0B1027A4
:107FC00010271227E90F116F1127112714390F0BF2
:107FD0001127122711371237121F123714510F0BA6
:107FE00012270F37070E0E6F0A0E11071227D8A09F
:107FF000F5EF3FF010071127D8A0FAEF3FF00F0779
:108000001027D8A0FFEF3FF00E070F27D8A004EFEE
:1080100040F000011200000EF86E8E0EF76E360E64
:10802000F66EC1EC05F01200000EF86E950EF76EBC
:10803000140EF66EC1EC05F00FC2E8FF92EC05F0ED
:1080400091EC05F0200EE8CF0FF21200000EF86E52
:10805000960EF76E7C0EF66EC1EC05F00FC2E8FFCF
:1080600092EC05F091EC05F0200EE8CF0FF2120033
:10807000000EF86E960EF76EBC0EF66EC1EC05F0B3
:108080001200000EF86E900EF76E4C0EF66EC1ECFC
:1080900005F01200AFEC07F0E0EC04F0F2EC1EF09B
:1080A000200EE66E000EE66E020EE66EFD0EE66E29
:1080B00039EC07F04FA207D0A1EC1EF046B201D078
:1080C00002D014EC40F02C6A120000014896815056
:1080D0000000F290F28612002CC041F02C5035ECDA
:1080E00006F027EE00F0A9EC04F0DECFE8FF01EC8B
:1080F00006F0FD0A02E0412EF6D791EC05F04FAEF6
:108100001200A9EC04F0000EF86E980EF76E560EF1
:10811000F66EC1EC05F0640E5CEC05F048A6FBD7EA
:108120004896120050B0000EFB6E810EFA6E0444A9
:10813000016E3C0E0124D8B0FA2AF96E10D013D08B
:1081400016D019D01CD01FD022D025D028D02BD0AB
:108150002ED031D034D037D03AD03DD0120056D8BE
:1081600063D896D84DD052D85FD89FD849D04ED832
:108170005BD8A8D845D04AD857D8B1D841D046D82E
:1081800060D886D83DD042D85CD88FD839D03ED878
:1081900058D898D835D03AD854D8A1D831D036D874
:1081A0005DD876D82DD032D859D87FD829D02ED8BE
:1081B00055D888D825D02AD851D891D821D026D8BA
:1081C0005AD866D81DD022D856D86FD819D01ED804
:1081D00052D878D815D08DEC04F04ABE04D016D809
:1081E0004AD87DD80DD0000EF86E940EF76E820E30
:1081F000F66EC1EC05F0476A47804A6A036A04D00C
:1082000091EC05F057EC04F0046A1200010E92ECB8
:1082100005F02350300F92EC05F0300E92EC05F093
:108220004A0E92EC05F01200300E92EC05F0360E7C
:1082300092EC05F0390E92EC05F0370E92EC05F059
:108240001200300E92EC05F0370E92EC05F0370E6E
:1082500092EC05F0300E92EC05F01200300E92EC2C
:1082600005F0380E92EC05F0350E92EC05F0320E6A
:1082700092EC05F01200300E92EC05F0390E92EC03
:1082800005F0340E92EC05F0310E92EC05F0120080
:10829000310E92EC05F0320E92EC05F0300E92ECBD
:1082A00005F0390E92EC05F01200310E92EC05F05B
:1082B000330E92EC05F0330E92EC05F0360E92EC94
:1082C00005F01200310E92EC05F0340E92EC05F040
:1082D000370E92EC05F0370E92EC05F01200310EDD
:1082E00092EC05F0360E92EC05F0330E92EC05F0B0
:1082F000330E92EC05F0120048AC10D0000EF86E70
:108300008F0EF76E060EF66EC1EC05F0246AADEC2A
:1083100002F0010E3B6E4D80489C0FD0000EF86EAF
:108320008F0EF76E0E0EF66EC1EC05F02480B6ECE3
:1083300002F0010E3B6E4D80488CDAEC02F09D900D
:10834000A0927D92F2949E90A1927E92F290000172
:10835000036A48904892256A4B944B964B984B9AE7
:108360004796120049B0280649B2282A2828295CD5
:10837000D8B42AC028F02A28286029C028F028501C
:108380001200000EFB6E830EFA6E0F44016E980E03
:108390000124D8B0FA2AF96E16D03ED066D08ED01D
:1083A000B6D0DED006D12ED156D181D1AAD1D6D128
:1083B000FCD122D23DD263D289D2A4D2D8D20CD35E
:1083C00027D34DD3120010C028F0090E2A6EB2EC4C
:1083D00041F0106E010E92EC05F010C0E8FF35EC94
:1083E00006F0560E92EC05F00D0E92EC05F048A842
:1083F00008D0000EF86E8C0EF76E880EF66EC1EC8B
:1084000005F047A456EF45F0105035EC06F00D0E80
:1084100092EC05F056EF45F011C028F00D0E2A6ED3
:10842000B2EC41F0116E010E92EC05F011C0E8FFC4
:1084300035EC06F0530E92EC05F00D0E92EC05F0C3
:1084400048A808D0000EF86E8C0EF76E920EF66EED
:10845000C1EC05F047A456EF45F0115035EC06F09D
:108460000D0E92EC05F056EF45F012C028F0630EA9
:108470002A6EB2EC41F0126E010E92EC05F012C0C1
:10848000E8FF35EC06F0500E92EC05F00D0E92EC84
:1084900005F048A808D0000EF86E8C0EF76E9A0E04
:1084A000F66EC1EC05F047A456EF45F0125035ECDE
:1084B00006F00D0E92EC05F056EF45F013C028F0D3
:1084C000090E2A6EB2EC41F0136E010E92EC05F02B
:1084D00013C0E8FF35EC06F0410E92EC05F00D0EEE
:1084E00092EC05F048A808D0000EF86E8C0EF76EDE
:1084F000A20EF66EC1EC05F047A456EF45F01350FE
:1085000035EC06F00D0E92EC05F056EF45F014C078
:1085100028F0090E2A6EB2EC41F0146E010E92ECB6
:1085200005F014C0E8FF35EC06F0450E92EC05F0BE
:108530000D0E92EC05F048A808D0000EF86E8C0ED7
:10854000F76EB20EF66EC1EC05F047A456EF45F09B
:10855000145035EC06F00D0E92EC05F056EF45F098
:1085600015C028F0090E2A6EB2EC41F0156E010E0E
:1085700092EC05F015C0E8FF35EC06F0520E92ECD7
:1085800005F00D0E92EC05F048A808D0000EF86E2C
:108590008C0EF76EC00EF66EC1EC05F047A456EFD8
:1085A00045F0155035EC06F00D0E92EC05F056EF47
:1085B00045F016C028F0630E2A6EB2EC41F0166E3C
:1085C000010E92EC05F016C0E8FF35EC06F0460E01
:1085D00092EC05F00D0E92EC05F048A808D0000EC4
:1085E000F86E8C0EF76ECA0EF66EC1EC05F047A45D
:1085F00056EF45F0165035EC06F00D0E92EC05F0F6
:1086000056EF45F017C028F0020E2A6EB2EC41F08A
:10861000176E010E92EC05F017C0E8FF35EC06F07E
:10862000580E92EC05F00D0E92EC05F048A808D01B
:10863000000EF86E8C0EF76EDE0EF66EC1EC05F0D5
:1086400047A456EF45F0175035EC06F00D0E92ECAE
:1086500005F056EF45F018C028F00A0E2A6EB2EC6D
:1086600041F0186E010E92EC05F018C0E8FF35ECF1
:1086700006F04F0E92EC05F00D0E92EC05F048A8B6
:1086800008D0000EF86E8C0EF76EE60EF66EC1EC9A
:1086900005F047A456EF45F0185035EC06F00D0EE6
:1086A00092EC05F047B458EC45F056EF45F019C090
:1086B00028F0010E2A6EB2EC41F0196E48A808D0DD
:1086C000000EF86E8C0EF76EEE0EF66EC1EC05F035
:1086D00047A456EF45F019660AD0000EF86E8D0ECD
:1086E000F76E580EF66EC1EC05F056EF45F0000E31
:1086F000F86E8D0EF76E640EF66EC1EC05F056EF57
:1087000045F01AC028F01E0E2A6E040E296EB2EC37
:1087100041F01A6E040A02E0488401D0489448A847
:1087200008D0000EF86E8D0EF76E080EF66EC1ECD6
:1087300005F047A4BBD11A50040A09E1000EF86EF7
:108740008D0EF76E580EF66EC1EC05F0AFD11A50D3
:1087500035EC06F00D0E92EC05F0A8D11BC028F008
:10876000010E2A6EB2EC41F01B6E48A808D0000E34
:10877000F86E8D0EF76E200EF66EC1EC05F047A474
:1087800095D11B6609D0000EF86E8D0EF76E580E4F
:10879000F66EC1EC05F08AD1000EF86E8D0EF76E04
:1087A000640EF66EC1EC05F081D11CC028F0010EFC
:1087B0002A6EB2EC41F01C6E48A808D0000EF86E8C
:1087C000900EF76E980EF66EC1EC05F047A46ED1D0
:1087D0001C6609D0000EF86E8D0EF76E580EF66E00
:1087E000C1EC05F063D1000EF86E8D0EF76E640ECD
:1087F000F66EC1EC05F05AD11DC028F0320E2A6E7B
:108800000C0E296EB2EC41F01D6E48A808D0000E87
:10881000F86E900EF76EB00EF66EC1EC05F047A440
:1088200045D11D5035EC06F00D0E92EC05F03ED111
:108830001EC028F0010E2A6EB2EC41F01E6E48A850
:1088400008D0000EF86E900EF76EE40EF66EC1ECD6
:1088500005F047A42BD11E6609D0000EF86E8D0ED0
:10886000F76E580EF66EC1EC05F020D1000EF86ED2
:108870008D0EF76E640EF66EC1EC05F017D11FC0B9
:1088800028F0010E2A6EB2EC41F01F6E48A808D005
:10889000000EF86E910EF76E000EF66EC1EC05F04C
:1088A00047A404D11F6609D0000EF86E8D0EF76E36
:1088B000580EF66EC1EC05F0F9D0000EF86E8D0E74
:1088C000F76E640EF66EC1EC05F0F0D020C028F013
:1088D000140E2A6E030E296EB2EC41F0206E48A8E9
:1088E00008D0000EF86E8D0EF76E2C0EF66EC1ECF1
:1088F00005F047A4DBD0205035EC06F00D0E92ECCD
:1089000005F0D4D021C028F0A00E2A6E000E296EEA
:10891000B2EC41F0216E48A808D0000EF86E940E1B
:10892000F76EE80EF66EC1EC05F047A4BFD02150FB
:10893000A00A09E1000EF86E960EF76ED60EF66EDE
:10894000C1EC05F0B3D02150F00BE83818EC06F07C
:1089500092EC05F0200E92EC05F021500F0B18EC74
:1089600006F092EC05F00D0E92EC05F09FD022C0BF
:1089700028F0A00E2A6E000E296EB2EC41F0226E95
:1089800048A808D0000EF86E940EF76EFE0EF66E34
:10899000C1EC05F047A48AD02250A00A09E1000EDC
:1089A000F86E960EF76ED60EF66EC1EC05F07ED020
:1089B0002250F00BE83818EC06F092EC05F0200E8F
:1089C00092EC05F022500F0B18EC06F092EC05F03B
:1089D0000D0E92EC05F06AD023C028F0050E2A6E29
:1089E000010E296EB2EC41F0236E48A808D0000EAB
:1089F000F86E940EF76E6E0EF66EC1EC05F047A49D
:108A000055D0235035EC06F00D0E92EC05F04ED00B
:108A100024C028F0010E2A6EB2EC41F0246E48A862
:108A200008D0000EF86E8F0EF76E160EF66EC1ECC3
:108A300005F047A43BD0246609D0000EF86E8F0ED7
:108A4000F76E060EF66EC1EC05F030D0000EF86E33
:108A50008F0EF76E0E0EF66EC1EC05F027D025C016
:108A600028F0010E2A6EB2EC41F0256E47A41ED00C
:108A7000256609D0000EF86E8F0EF76E460EF66E64
:108A8000C1EC05F013D0000EF86E8F0EF76E240EB9
:108A9000F66EC1EC05F00AD047A408D0000EF86EBF
:108AA0008D0EF76ECE0EF66EC1EC05F0296A12003F
:108AB000050E136E050E146E156A010E176E000E6C
:108AC000FB6E8A0EFA6E1844016ED40E0124D8B0E3
:108AD000FA2AF96E0BD00FD019D01FD029D02FD081
:108AE00039D043D04BD051D057D01200320E126E35
:108AF000320E166E57D00A0E126E040E136E060E4C
:108B0000146E030E156E280E166E4CD0280E126EC3
:108B10002E0E166E000E176E45D03C0E126E060E0F
:108B2000136E040E146E340E166E020E176E3AD0CB
:108B3000280E126E090E156E320E166E33D0320EDE
:108B4000126E060E136E070E146E280E166E000EB1
:108B5000176E28D0320E126E060E136E070E146EAC
:108B6000280E166E000E176E1DD0500E126E000EDF
:108B7000146E060E156E360E166E14D0140E126E8E
:108B8000020E156E0F0E166E0DD03C0E126E620E9A
:108B9000166E020E176E06D0630E126E430E166E20
:108BA000020E176E120000EE0FF0170E276E010E68
:108BB000AA6E000EA96EA69EA69CA680A850EE6E78
:108BC000A92A272EF8D7120000EE0FF0170E276EF5
:108BD000010EAA6E600EA96EA69EA69CA680A85045
:108BE000EE6EA92A272EF8D7120000EE0FF0010E24
:108BF000AA6E000EA96E276E2750A96EEE50A86EC1
:108C0000A69EA69CA684F29EF29C550EA76EAA0E66
:108C1000A76EA682A6B2FED7A698A694272A2750AA
:108C2000170AEAE1F28EF28C120048616D506F640F
:108C30000D00310D0000320D0000330D0000410D1C
:108C40000000340D0000350D0000360D0000420D0F
:108C50000000370D0000380D0000390D0000430DF5
:108C60000000737461720D00506F696E740D000026
:108C7000300D0000706F756E640D0000456E7465F8
:108C8000720D0000440D000020566F6C756D65205C
:108C9000000020737065656420002070697463684B
:108CA0002000206172746963756C6174696F6E2055
:108CB00000002065787072657373696F6E20000024
:108CC0002072657665726220000020666F726D61A9
:108CD0006E74206672657175656E6379200020740C
:108CE0006F6E6520000020766F6963652000204B61
:108CF000657920426565702000004B6579205469D4
:108D00006D65204F757420004B65792054696D6541
:108D1000204F7574204475726174696F6E20000075
:108D2000566572626F73697479200000436F6D6DD0
:108D3000756E69636174696F6E732054696D654FF8
:108D4000757420002041626F72742C200D00204544
:108D50006E61626C65640D002044697361626C65CC
:108D6000640D00004F6E200D00004F6666200D0060
:108D700020537065656368204F6E0D002053706549
:108D80006563682064697361626C65640D002053DB
:108D900070656563682069732064697361626C65DE
:108DA000640D00002001324A32353030303030302E
:108DB0000D001E01324A33303030303030300D007B
:108DC0002001324A32303030303030300D00200156
:108DD000324A31303030303530300D002001303300
:108DE0006A30363030303030300D200130356A3066
:108DF000353030303030300D0000200130376A30EF
:108E0000363030303030300D200130376A30353078
:108E100030303030300D0000200130376A303530CE
:108E200030303030300D200130376A30363030305D
:108E30003030300D00002001326A303830303035AB
:108E400030300D0054696D65204F75740D00436F0F
:108E50006E66696775726174696F6E204D6F6465C7
:108E60000D00436F6E66696775726174696F6E207D
:108E700053617665640D0000436F6E6669677572B5
:108E80006174696F6E206E6F742073617665640D16
:108E9000000053617665640D0000526543616C6C9F
:108EA0000D00436C6561720D0000436C65617220BA
:108EB000456E7472790D0000556E6B6E6F776E0D96
:108EC000000053686966740D000053686966742079
:108ED000320D00005368696674204F66660D00000D
:108EE000436865636B20526164696F0D00004E6FCB
:108EF000726D616C0D00526164696F2054696D651B
:108F0000204F75740D00506F727420310D00506F3A
:108F1000727420320D00506F776572204F6E20748E
:108F20006F200000456E74657220746F2052657367
:108F30006574206F72205374617220746F20466CC8
:108F40006173680D0000526573657420616E642062
:108F5000466C617368696E672044697361626C6511
:108F6000640D000052657365740D000052657365F1
:108F700074204E6F773F0D00526573746F726520D9
:108F8000746F20466163746F727920446566617501
:108F90006C74733F2C2050726573732031746F2092
:108FA000726573746F72652C20616E79206F7468BE
:108FB0006572206B657920746F2061626F72742E08
:108FC0000D0044656661756C747320726573746F0F
:108FD0007265642C20506572666F726D696E6720D1
:108FE00052657365740D000057616974696E67207E
:108FF000666F72204669726D776172652120416EDD
:1090000079204B657920546F2041626F72740D0096
:10901000466C617368696E670D004175746F200D51
:109020000000466173740D004D656469756D0D0037
:10903000536C6F770D0045786974205761746368CD
:109040000D00535752206973200D0000496E766160
:109050006C696420446174610D0044617461204C4A
:10906000656E677468204572726F720D0000496EFC
:1090700076616C6964204865616465720D004461C5
:109080007461204572726F720D005175657279209E
:109090004572726F720D00004672657175656E6380
:1090A0007920416E6E6F756E63656D656E7420001C
:1090B0004672657175656E637920416E6E6F756E6F
:1090C00063656D656E742044656C6179200046208F
:1090D000412720422C202044617461204572726F28
:1090E000720D00004127204620616E6420722046E8
:1090F00020616E6E6F756E63656D656E7420000025
:109100004672657175656E637920506C7573204D7C
:109110006F6465200000537562200D004220536586
:1091200074204F6E2C200D004E6F742061766169A3
:109130006C61626C652077697468204220536574A5
:10914000204F6E2C200D00004672657175656E63B0
:10915000790D00002C20496E76616C69642046729E
:10916000657175656E63790D000041200D00422028
:109170000D00412046204761696E0D00416E746507
:109180006E6E610D0000525820416E74656E6E6106
:109190000D00436F6D7072657373696F6E0D000023
:1091A00043205720616E64204461746120537461D0
:1091B0007475730D000046696C746572205769649C
:1091C00074680D004D696B65204761696E0D000084
:1091D0004B657965722053706565640D00004D6FB5
:1091E0006E69746F72204C6576656C0D000050726C
:1091F0006520416D700D0000506F7765720D0000A5
:109200004E6F69736520426C616E6B65720D000074
:109210004E42204C6576656C200D000041747465EB
:109220006E756174696F6E0D000046696C746572CD
:10923000204E756D6265720D000053706C6974206C
:109240000D0041204D0D00004D6F6465200D0000A4
:109250004320570D000043205720526576657273F6
:1092600065640D00446174610D00446174612052B5
:10927000657665727365640D000046204D0D000033
:1092800055205320420D00004C205320420D000079
:1092900041272046534B0D0046534B0D00004620FE
:1092A00053204B2052657665727365640D005053F0
:1092B0004B0D00004E6F69736520526564756374D1
:1092C000696F6E200D004E6F746368200D0041754C
:1092D000746F204E6F746368200D00004D616E75D1
:1092E000616C204E6F746368200D00004D616E75D7
:1092F000616C0D00412720472043200D00004920CC
:10930000462053686966740D00005220492054209D
:109310000D005820492054200D005220492054208F
:10932000616E642058204920542044697361626C46
:1093300065640D005472616E736D6974204F6E2008
:10934000562046204F204127200D00005472616EA8
:10935000736D6974204F6E20562046204F204220A6
:109360000D00564F582069732044697361626C6523
:10937000642C200D000042616E640D0042616E6439
:10938000204F66660D003136306D0D0038306D0DA2
:10939000000036306D0D000034306D0D00003330AC
:1093A0006D0D000032306D0D000031376D0D000085
:1093B00031356D0D000031326D0D000031306D0D15
:1093C0000000366D0D00326D0D0056204820460D10
:1093D000000037302063206D0D0055204820460DD9
:1093E0000000312E322047487A0D000047656E0D8F
:1093F00000004127204C20430D00506C75730D0078
:109400004D696E75730D00004D656D6F72790D00BD
:1094100042616E6B0D004368616E6E656C0D0000FD
:1094200045786974204D656D6F72790D0000547236
:10943000616E736665720D00546F20562046204F92
:109440002041270D0000546F20562046204F204217
:109450000D00456D7074790D00004E6172726F776A
:109460000D00576964650D0044544D460D00445489
:109470004D4620546F6E65204475726174696F6E3D
:109480000D00457869742044544D460D0000492074
:10949000434F4D200D00522054205420592C20467B
:1094A0002053204B0D00576964652046204D0D0068
:1094B0005220542054205920526576657273656499
:1094C0000D0053796E6368726F6E6F757320412063
:1094D0004D0D000050534B205265766572736564E4
:1094E0000D004420560D00004920434F4D204920D7
:1094F00044204F6E20506F727420312C2000492080
:10950000434F4D20492044204F6E20506F727420ED
:10951000322C20004661696C6564206F72204E6FAA
:109520007420537570706F727465640D0000556E11
:10953000646566696E656420446174610D00412054
:10954000472043200D004D69640D00002C2052205F
:10955000582041204F6E0D002C20522058204120D1
:109560004F66660D00004761696E200D00002C20DB
:10957000416E7469204761696E200D002C20427293
:1095800065616B20496E200D000053656D69200DEB
:10959000000046756C6C200D00002C2044656C6149
:1095A00079200D004475706C65780D00546F6E6500
:1095B0000D0054756E696E6720537465700D000060
:1095C00052462053514C20436F6E74726F6C0D00E5
:1095D000537175656C63680D0000436F6E74696E3E
:1095E000756F757320546F6E6520537175656C636C
:1095F000680D00004469676974616C20546F6E6582
:1096000020436F64656420537175656C63680D0059
:109610004469676974616C20566F69636520537192
:1096200075656C63680D000063616C6C205369673D
:109630006E0D0000436F64650D002C2054205820EF
:1096400052657665727365640D002C205220582097
:1096500052657665727365640D002C205420582085
:10966000616E64205220582052657665727365647D
:109670000D004E6F20446174610D00004661696CFD
:1096800065640D00536574205374617475732046CE
:1096900061696C65640D0000536574204C657665E6
:1096A0006C204661696C65640D0053657420546FCD
:1096B0006E65204661696C65640D00005365740D2C
:1096C0000000536574204F66660D0000437572728A
:1096D000656E740D000041637175697265642046A2
:1096E000726F6D20526164696F0D0000564F580D06
:1096F000000053686172700D0000536F66740D00B6
:1097000054696D650D0041205020460D0000526FD8
:109710006F66696E672046696C7465720D005353FD
:10972000422054582042616E6477696474680D0069
:1097300053534220545820546F6E650D00004475F9
:10974000616C2057617463680D004420537461722A
:109750000D0045786974204420537461720D000037
:1097600053706163650D0000536C6173680D0000F8
:10977000446173680D004D792043616C6C536967D7
:109780006E0D00005458204D6573736167650D00C0
:1097900054582043616C6C5369676E0D00004E6F26
:1097A00020506172616D657465722053656C6563EC
:1097B0007465640D0000526561640D005772697430
:1097C000650D0000436F707920546F2054657874E4
:1097D000204275666665720D0000577269746520D7
:1097E0004C696E6B0D00577269746520556E4C693B
:1097F0006E6B0D005772697465204563686F0D00CC
:10980000577269746520496E666F0D0052657374F6
:109810006F7265205520522043616C6C5369676EEE
:109820000D004C6F7765722043617365200D000059
:109830004D6F64696679204E616D650D0000496E5B
:1098400076616C6964204E616D650D00536574200E
:109850004F6E6C790D002C20416E79204B6579207C
:10986000546F20436F6E74696E75650D0000416E14
:1098700074656E6E612054756E65720D00005475CE
:109880006E696E670D004D656D6F7279205363616F
:109890006E0D00004F66667365740D004C6F636B50
:1098A0000D004469616C0D0050616E656C0D000027
:1098B0004C6F636B65640D005377617020564620D2
:1098C0004F0D000044656275670D00002048616D12
:1098D000506F64204920434F4D205265616465728A
:1098E0002C2056657273696F6E20312E30366231CE
:1098F0002C206279204B2036204420512C200D0052
:020000040030CA
:0100010022DC
:0100020006F7
:010003003CC0
:01000500B545
:010006008079
:010008000FE8
:010009008076
:01000A000FE6
:01000B00E014
:01000C000FE4
:01000D0040B2
:0200000400F00A
:1001000000040632030300320100011E0101140045
:070110000105A0A0020000A0
:1001600000050632030300320100011401011400EE
:070170000105A0A002000040
:0603CA0048616D506F64F4
:1003D00020436F7079726967687420526F6265722A
:1003E00074204D2E2053616E74656C6C6F2032301A
:0203F0003230A9
:00000001FF
