:020000040000FA
:0800000000000000F5EF00F024
:0200080008D01E
:02000A000000F4
:020018008ED088
:06001A008388E9CF03F327
:10002000EACF04F348BC41D00E01CDA914D0C5A934
:1000300012D004010091212F03D00E01C5990BD0DD
:10004000040104EE01F02351EBCF9AFF232B200E85
:100050002319D8B4236B0E01C5AB67D0CDAB65D0E7
:1000600099CFFBF4060E0F019D1419E1040100B9AC
:100070005CD000A302D0008958D004EE24F0009593
:10008000F82BD40EF81909E0F951FBC4EBFFF92B5A
:10009000D40EF919D8B4F96B48D0008346D00F01BB
:1000A0009D989D880401008740D00E01CDAD14D0ED
:1000B000C5AD12D005010091212F03D00E01C59DC1
:1000C0000BD0050105EE01F02351EBCF9AFE232B57
:1000D000200E2319D8B4236B0E01C5AF26D0CDAFA7
:1000E00024D099CEFBF5060E0E019D1519E10501F0
:1000F00000B91BD000A302D0008917D005EE24F070
:100100000095F82BD40EF81909E0F951FBC5EBFF67
:10011000F92BD40EF919D8B4F96B07D0008305D0A8
:100120000E019D999D890501008704C3EAFF03C361
:10013000E9FF839811008388D8CF01F3E8CF00F35B
:10014000E0CF02F30E01C6A10BD0CEA109D0000171
:10015000362E03D04C840E01C6910E01CE913DD0B7
:100160000E01C6A50BD0CEA509D00001372E03D0B5
:100170004D80100E376E0E01CE952FD00E01C2A904
:100180000ED0CAA90CD0CA990F01125308E00F0172
:10019000126B000177EC04F08E5000001ED00E01AF
:1001A000C2AB0CD0CAAB0AD000010252D8B448820C
:1001B000D8A402060E01CA9B00010FD00E01C6A9E9
:1001C0000BD0CEA909D00001382E03D049880E01EA
:1001D000C6990E01CE9901D000D002C3E0FF00C342
:1001E000E8FF01C3D8FF83981000000000000F0152
:1001F000836AC00E116FC00E886E000E196FF00E6C
:10020000896E186F136F146BF00E846E856A000E82
:10021000216FAE0E8A6E866A000E266FA00E8B6E60
:10022000876A000E2E6F000E8C6E000E0F6F176F18
:100230001F6F246F2C6FF29EF29C0E01550EA06F63
:10024000AA0EA06FA091170EB56F090EFD6F1F0EBD
:100250008D6F0F010B0E056F0E01550EA06FAA0ECC
:10026000A06FA0810F01F26AF28A126B0E01CA9987
:10027000C299BA99BA91CA91C291BA93CA93C293D8
:10028000BA95CA95C2950F01F290F292F294D46A8F
:10029000D36A0E01E2910F01D59ED588D69ED68CE9
:1002A000D69AD698D686D694D692D6900E01BA9B78
:1002B000CA9BC29BCE6ACD6ACF80D09CD098CF9289
:1002C000CF8ACF88D09ED296D294D292D280CF9429
:1002D0000E01DC97E293BE91C691C791CE910F01BA
:1002E000C86AC76AC9800E01E297BE95C695C793D2
:1002F000CE950F01CA9ECA9CCA98CB96CB94CB923E
:10030000CB90C982C98AC988CC96CC94CC92CC8037
:10031000C994C26AC16AC380C49CC498C492C49080
:10032000C382C38AC3880E01E29BBE99C699C79552
:10033000CE990F01C49EC696C694C692C680C39439
:100340000E01BD89BD8BBD8DBD8F9F979C6B9E6B34
:100350000F019F969C6A9E6A0001858C868C056AB7
:10036000046A026A296A080E0E6E476A4780486A64
:10037000496A4A6A4B6A4D6A4E6A4C6A4F6A096A10
:10038000396A4C844368000EE8CF00F6FF0E1E6FFA
:10039000516A036A2C6A4D6A8388489C77EC3DF069
:1003A000819C818E23B0488C518479EC06F0519465
:1003B0007EEC02F093EC02F00E01C59BC59F00019C
:1003C000BCEC05F048BC47EC03F048AC3CEC03F057
:1003D0000F01126B0E01C289CA9BCE91CE95CE99A8
:1003E0008398F28EF28C010E41EC06F0310E41EC56
:1003F00006F0340E41EC06F0340E41EC06F0470EE8
:1004000041EC06F00D0E41EC06F098EC05F0FF0E05
:10041000E8CF29F65CEC03F080EC07F079EC03F010
:10042000BCEC05F02F6A5CEC03F01DC03DF00E0142
:10043000C699CE990001499684EC03F049BE16D0C6
:1004400049861DC03DF017EE00F02C500AC0E3FFB6
:100450002C2A3B0E0A620AD02CC02DF04C82010ED1
:10046000366EF1EC36F012EC21F0E5D74DA005D058
:1004700049B603D03D2E01D0CAD749B82CEC09F0BB
:100480004DB006EC21F012EC05F048A636D00E0176
:10049000C29B0F01D59E0001000151EC05F047AA57
:1004A00061EC05F047A003D051EC23F019D047A22E
:1004B00003D0BAEC28F014D047A803D01DEC2DF0DF
:1004C0000FD047A603D09EEC2BF00AD047AA03D04A
:1004D00044EC38F005D047A410D0A8EC03F000D0CD
:1004E0002DEC05F0056A48968E5000000F01126B46
:1004F0000E01CA99C289000100019DD70F019E8A91
:100500000E01C599C58B0F019D6A9D8E9D880401C2
:10051000216B236B226B0401F86BFA6BF96B0401FE
:10052000006B000112000E019E8BC59DC58F9D6B57
:100530009D8F9D890501216B236B226B0501F86B53
:10054000FA6BF96B0501006B0001120048BC15D075
:100550000401F85102E10085000C04EE24F0FA5188
:10056000EBCFFCF4FA2BD40EFA19D8B4FA6BF807D7
:1005700000930099FCC4E8FF12000501F85102E164
:100580000085000C05EE24F0FA51EBCFFCF5FA2BB8
:10059000D40EFA19D8B4FA6BF80700930099FCC589
:1005A000E8FF120048BC21D00401FC6F00B11BD051
:1005B000215107E1FCC49AFF232B200E2319D8B444
:1005C000236B04EE01F02251FCC4EBFF222B200E22
:1005D0002219D8B4226B212B200E2119D8A401D0C6
:1005E00000810E01C589000112000501FC6F00B1F8
:1005F0001BD0215107E1FCC59AFE232B200E2319A5
:10060000D8B4236B05EE01F02251FCC5EBFF222B81
:10061000200E2219D8B4226B212B200E2119D8A428
:1006200001D000810E01C58D120048BC08D00F0119
:100630009F969E94470E9B6E000E9C6E08D00F01F5
:100640000E019F979E95470E9B6F000E9C6F0001B9
:1006500012000F0148BC07D09F969E84230E9B6E0C
:10066000010E9C6E07D00E019F979E85230E9B6FF7
:10067000010E9C6F000112000E019E9B9D99C59D6D
:10068000C59F0001BCEC05F07EEC02F012000F01EA
:100690009E9A9D980E01C599C59B0001BCEC05F082
:1006A00093EC02F012004C98E650DE6203D0302E3C
:1006B000FBD701D04C8812000E01C695100E376E84
:1006C0004D900F01C86AC76A0E01CE95C68500011C
:1006D00012000E01C69900011FC038F04998000EA3
:1006E000E8CFC2FFE8CFC1FF0E01CE99C689000155
:1006F00012002C6AD40E48BCD40E266E17EE00F001
:10070000E66A262EFDD71200498E48BC0CD00401A3
:1007100000B514D00401F85111E0A6EC02F0499E96
:10072000E8CF0AF00BD0050100B508D00501F8515B
:1007300005E0A6EC02F0499EE8CF0AF000011200A5
:100740000900F550D8B41200D2EC02F0F9D712002B
:10075000046A000EFB6E070EFA6E0544016E680E09
:100760000124D8B0FA2AF96EB9D0B8D0B7D00DD0DC
:10077000B5D0B4D0B3D016D0B1D0B0D0AFD01ED099
:1007800039D0ACD08CD090D01200102A1050140A5E
:10079000D8B4106A48886FEC39F0489801EC05F03D
:1007A000246AA1D01006130E1060106E48886FECFA
:1007B00039F0489801EC05F0246A95D03CEC05F03E
:1007C0004ABE06D049826FEC39F001EC05F08BD0BF
:1007D00099EC3DF0000EF86E7D0EF76EAA0EF66EE7
:1007E00070EC06F0476A47800E01C29B0001D59E5F
:1007F000246A79D02452D8B471D0000EF86E7F0EDE
:10080000F76E300EF66E70EC06F09E84230E9B6E33
:10081000010E9C6E3CEC03F0489C2DEC05F0056A43
:1008200048968E5000000F01126B0E01C289000124
:1008300084EC03F049BE11D0C10E0A62F9D751EC25
:1008400005F0000EF86E7F0EF76E580EF66E70EC27
:1008500006F0320E0BEC06F0FF0048A6E9D70E01B9
:10086000C29B0001D59E489051EC05F061EC05F06B
:10087000000EF86E7C0EF76E8C0EF66E70EC06F0C5
:10088000320E0BEC06F0000EF86E7E0EF76EAC0E1C
:10089000F66E70EC06F0320E0BEC06F0FF00245200
:1008A000D8B41CD03DEF07F03CEC05F04ABE06D0B2
:1008B00049806FEC39F001EC05F015D0000EF86EB0
:1008C0007D0EF76EC00EF66E70EC06F0476A47803C
:1008D0000E01C29B0001D59E246A05D08FEC05F065
:1008E00001EC05F000D049924990056A1200066AB1
:1008F000062E01D07CD0076A072E01D0F9D78E1CB6
:10090000006EF00BF9E0FE0E846E86EF04F088EFC7
:1009100004F08AEF04F08CEF04F08E1CF00B10E072
:100920000F0E056E00B866D00B0E056E00BA62D0D1
:10093000070E056E00BC5ED0030E056E00BE5AD0D9
:10094000FD0E846EA3EF04F0A5EF04F0A7EF04F012
:10095000A9EF04F08E1CF00B10E00E0E056E00B82F
:1009600049D00A0E056E00BA45D0060E056E00BCD1
:1009700041D0020E056E00BE3DD0FB0E846EC0EF6E
:1009800004F0C2EF04F0C4EF04F0C6EF04F08E1CD4
:10099000F00B10E00D0E056E00B82CD0090E056EA0
:1009A00000BA28D0050E056E00BC24D0010E056EDD
:1009B00000BE20D0F70E846EDDEF04F0DFEF04F010
:1009C000E1EF04F0E3EF04F08E1CF00B10E00C0EEE
:1009D000056E00B80FD0080E056E00BA0BD0040EDD
:1009E000056E00BC07D0000E056E00BE03D0056A80
:1009F000489604D048860E01C2990001F00E846E1C
:100A0000120048A40ED0D46AD36AD696D684D68271
:100A1000D690488048921BC002F00E01C28B0001A4
:100A2000D58E120048A0120048A212004890046A15
:100A3000246A4B964B984B9A096A4B9C476A4780AD
:100A4000000EF86E7D0EF76E8C0EF66E70EC06F0F2
:100A50000E01C29B0001D59E1200F00E841600000C
:100A600000000AEC06F08E1CF00BFBE10AEC06F02D
:100A70008E1CF00BFBE112004A9EF00E8416000063
:100A80000000320E066E0AEC06F08E1CF00B08E039
:100A9000062EF9D781EC05F0070E0BEC06F04A8E16
:100AA0001200180E41EC06F0200E41EC06F0120088
:100AB0002C0E41EC06F0200E41EC06F040EC06F066
:100AC000120047BA1DD047A410D01050090A0DE1FA
:100AD00005500B0A01E105D005500F0AD8A405D036
:100AE00000D01A52D8A40CD003D01A6601D008D076
:100AF000000EF86E7C0EF76EFA0EF66E70EC06F0D5
:100B000012001A520BE0000EF86E7D0EF76E080E02
:100B1000F66E70EC06F0080E0BEC06F01200000EFC
:100B2000F86E7D0EF76E160EF66E70EC06F0120083
:100B300048BC0AD000D0000EF86E7E0EF76E4E0E46
:100B4000F66E70EC06F008D0000EF86E7E0EF76EB2
:100B5000560EF66E70EC06F0120048BC06D004018A
:100B6000006BF86BF96BFA6B05D00501006BF86B45
:100B7000F96BFA6B0001120048BC09D0D40E266E46
:100B8000040114EE24F0E66A262EFDD708D0D40E18
:100B9000266E050115EE24F0E66A262EFDD700012B
:100BA00012005192E8CF1CF32F0807E006E21CC3A5
:100BB000E8FF3B0802E001E351821CC3E8FF12009A
:100BC00003011A51185F1951D8A0193D175F000190
:100BD00012000301181F171F183D1707172B186F56
:100BE00017110001120003011151146FD89014372E
:100BF00014371427143712511427136B000E106585
:100C000007D0D890640E1427D8B0132B1007F6D74E
:100C100000011200010EE8CF05F3200EE8CF06F325
:100C200011EF06F013EF06F015EF06F017EF06F0E0
:100C300019EF06F00000F50EE8CF07F30000000002
:100C400007C3E8FFE806E8CF07F3FAE1000006C3B0
:100C5000E8FFE806E8CF06F3EEE105C3E8FFE806A3
:100C6000E8CF05F305E034EF06F036EF06F0D5D710
:100C700012000F6E41EC06F040EC06F00F5012002F
:100C80000D0E0E2E03D08FB6FED70E86F29EF29C6E
:100C90000B6E0C0E0C6E8590090E0D6E0C2E4EEF29
:100CA00006F00C0E0C6E0D2E12D00000000000009D
:100CB00000000000000085800D0E0C6E0C2E5EEF13
:100CC00006F00000F28EF28C0B320B501200000086
:100CD0000B32D8A003D000008580E0D78590DED706
:100CE0000900F550D8B412008FB6FED741EC06F0DB
:100CF000F7D7320E0BEC06F040EC06F0230E0BECAF
:100D000006F01E0E41EC06F0010E41EC06F0400E1E
:100D100041EC06F040EC06F0010E41EC06F0330E1B
:100D200041EC06F04B0E41EC06F040EC06F040ECD6
:100D300006F010C025F0140E106E10066FEC39F09E
:100D40000AEC06F01050F9E125C010F0000EF86E24
:100D50007B0EF76E720EF66E70EC06F0120012004B
:100D6000E8CF1BF3F00BE838C7EC06F041EC06F0D7
:100D7000200E41EC06F01BC3E8FF0F0BC7EC06F09A
:100D800041EC06F040EC06F01BC3E8FF1200016ED8
:100D9000000EFB6E0D0EFA6E0144016EA60E0124CC
:100DA000D8B0FA2AF96E300C310C320C330C340CFA
:100DB000350C360C370C380C390C410C420C430CFA
:100DC000440C450C460C1200E8CF1BF3FCEC06F07B
:100DD000300F41EC06F01BC3E8FF11EC07F0300FB9
:100DE00041EC06F01BC3E8FF27EC07F0300F41ECA5
:100DF00006F01BC3E8FF1200E8CF11F3000EE8CFA6
:100E000012F312C3E8FFE82AE8CF12F311C3E8FF98
:100E10009C0FE8CF11F3D8B0F4D712C3E8FFE8066F
:100E20001200E8CF11F3000EE8CF12F312C3E8FF6F
:100E3000E82AE8CF12F311C3E8FFF60FE8CF11F369
:100E4000D8B0F4D712C3E8FFE80627EF07F0E8CFE1
:100E500012F312C3E8FFF60FE8CF12F3D8B0F9D7B8
:100E600012C3E8FF0A0F1200000EF86E7F0EF76E35
:100E7000940EF66E70EC06F01200330E41EC06F0A4
:100E800040EC06F0640E0BEC06F0320E41EC06F07E
:100E900040EC06F0640E0BEC06F0310E41EC06F06F
:100EA00040EC06F0640E0BEC06F0000EF86E7E0EC1
:100EB000F76EAC0EF66E70EC06F0FA0E0BEC06F068
:100EC000FF001200488E000EF86E7E0EF76EC00E08
:100ED000F66E70EC06F001EC05F01200000EF86EF4
:100EE0007C0EF76EA00EF66E70EC06F01200000E8F
:100EF000F86E7C0EF76EAC0EF66E70EC06F012001B
:100F0000506A090E50B80A0EE8CF00F20A0E3E6E83
:100F100029EC03F048BC03D08598868402D08694DF
:100F200085882C6A500ED2EC02F0530ED2EC02F0FF
:100F30003B0ED2EC02F02C6604D012EC05F048B661
:100F40004FD184EC03F049BE78EF08F017EE00F0C3
:100F50002C500AC0E3FF2C2A3B0E0A6278EF08F0FF
:100F600000C7E8FF500A06E000C7E8FF490A08E0AA
:100F700078EF08F001C7E8FF530A08E078EF08F0BF
:100F800001C7E8FF440A18E078EF08F002C7E8FF5D
:100F9000310AD8A478EF08F0140E0BEC06F0ADEC93
:100FA00005F02C6A490ED2EC02F0440ED2EC02F0AD
:100FB0003B0ED2EC02F0BFD702C7E8FFD1EC05F040
:100FC00051A296D003C7E8FFD1EC05F051A290D012
:100FD00004C7E8FFD1EC05F051A28AD005C7E8FFAD
:100FE000D1EC05F051A284D003C7E8FFD00FE8CFC1
:100FF00010F304C7E8FFD00FE8CF11F305C7E8FFEF
:10100000D00FE8CF12F3F3EC05F014C341F07F0EDC
:10101000E8CF26F2000EE8CF25F2F10E41180EE1DE
:101020005080F40EE8CF26F2010EE8CF25F2000E34
:10103000F86E830EF76EDE0EF66EB3D0F40E411826
:1010400013E15080FE0EE8CF26F2010EE8CF25F224
:10105000000EF86E830EF76EDE0EF66E440E41EC57
:1010600006F040EC06F09DD0360E411808E15082A3
:10107000000EF86E830EF76EE60EF66E92D0540EEA
:10108000411803E0550E411808E15086000EF86E35
:10109000830EF76EEE0EF66E84D06A0E411808E1EC
:1010A0005084000EF86E830EF76EF80EF66E79D04F
:1010B000A90E41180DE1508A50885084810EE8CF66
:1010C00026F2000EF86E840EF76E020EF66E69D0F0
:1010D000AA0E411855E1508C50885084810EE8CFFB
:1010E00026F2000EF86E840EF76E0C0EF66E59D0D6
:1010F0004DA021D74D903E2E14D715EC03F0505241
:10110000D890D8B4D88050365050450ED2EC02F06A
:10111000580ED2EC02F0300ED2EC02F050B0310E8C
:1011200050B2320E50B4330E50B8330ED2EC02F03F
:1011300050B0300E50B2360E50B4320E50B8300EA1
:10114000D2EC02F050A809D0310ED2EC02F0300EF1
:10115000D2EC02F0390ED2EC02F050B0340E50B2A4
:10116000330E50B4330E50B8330ED2EC02F03B0EB7
:10117000D2EC02F0320E0BEC06F029EC03F0C1D6F3
:101180006A0E416E5084000EF86E7E0EF76E000EF1
:10119000F66E70EC06F0000EF86E830EF76ED60E4B
:1011A000F66E70EC06F00A0E0BEC06F0410ED2EC77
:1011B00002F0490ED2EC02F0310ED2EC02F03B0EFE
:1011C000D2EC02F00A0E0BEC06F05AEC0BF01DC24A
:1011D000E8FF300A05E0ECEC37F00A0E0BEC06F005
:1011E000120048968E500000126BC2894B902C6AF8
:1011F0001D503D6E2C6604D012EC05F048B614D09C
:1012000084EC03F049BE09D017EE00F02C500AC060
:10121000E3FF2C2A0A503B0A1DE04DA0EBD75CEC03
:1012200003F03D2EE7D70BD051EC05F0000EF86E21
:101230007D0EF76E8C0EF66E70EC06F00CD051EC55
:1012400005F0000EF86E7E0EF76E3E0EF66E70EC38
:1012500006F001D04B801200AAEC36F0460EE8CF23
:10126000B0F11EC2E8FF010A420E06E01EC2E8FF0E
:10127000020A430E01E0410EE8CFB1F13B0EE8CF88
:10128000B2F14FEC09F04FA204D0C3EC36F0C3EC3E
:1012900029F02C6A0E01C6990001499812002DEC24
:1012A00005F04F924B8048BC0AD00F019D980E016B
:1012B000C59B00017EEC02F03CEC03F008D00E016F
:1012C0009D99C59F000193EC02F047EC03F04BA001
:1012D00042D011EEB0F0180E2C6EE6CF40F0405028
:1012E000D2EC02F040503B0A0CE02C06D8A4F5D713
:1012F000000EF86E7F0EF76ED20EF66E70EC06F0F2
:101300002AD079EC03F02C6AF1EC08F04BA0CBD793
:101310004CBEFCEC36F000C740F03F0E40180FE02A
:10132000B0C140F000C7E8FF401807E1B1C140F08C
:1013300001C7E8FF401801E10DD0E3D70CD047B654
:101340000AD0000EF86E7F0EF76ED20EF66E70ECBD
:1013500006F001D04F820E01C69900014998499AC2
:101360002CC02DF02C6A3F0EE8CFB0F1E8CF00F78B
:101370001200AAEC36F0410EE8CFB0F1430EE8CFF0
:10138000B1F13B0EE8CFB2F14FEC09F04FA202D021
:101390001BEC14F02C6A1200AAEC36F0410EE8CFD8
:1013A000B0F14E0EE8CFB1F1300E4FB4310EE8CFB0
:1013B000B2F13B0EE8CFB3F14FEC09F04FA202D0EF
:1013C00058EC14F02C6A1200300EE8CF1FF250A433
:1013D00009D012EC38F04FA2EFD002C71FF2640E12
:1013E0000BEC06F00B0E05180BE11CA01DD0000E37
:1013F000F86E840EF76E380EF66E70EC06F014D0B0
:101400000F0E0518D8A40BD01CA01ED0000EF86E2D
:10141000840EF76E3C0EF66E70EC06F015D0070EDB
:101420000518D8B4C5D020D0AAEC36F0420ED2ECC4
:1014300002F0550ED2EC02F01FC2E8FFD2EC02F02F
:101440003B0ED2EC02F0B8D0AAEC36F0420ED2EC51
:1014500002F0440ED2EC02F01FC2E8FFD2EC02F020
:101460003B0ED2EC02F0A8D0AAEC36F0420ED2EC41
:1014700002F0530ED2EC02F00C0E05180DE1310E05
:10148000D2EC02F0310ED2EC02F0000EF86E830EB8
:10149000F76E340EF66E89D00D0E05180DE1310E83
:1014A000D2EC02F0300ED2EC02F0000EF86E830E99
:1014B000F76E0A0EF66E79D0300ED2EC02F0000E06
:1014C00005180AE1300ED2EC02F0000EF86E820E22
:1014D000F76ECE0EF66E69D0010E05180AE1310ED8
:1014E000D2EC02F0000EF86E820EF76ED40EF66E9D
:1014F0005CD0020E05180AE1330ED2EC02F0000EA9
:10150000F86E820EF76EE00EF66E4FD0040E0518E0
:101510000AE1340ED2EC02F0000EF86E820EF76E85
:10152000E60EF66E42D0050E05180AE1350ED2EC35
:1015300002F0000EF86E820EF76EEC0EF66E35D0ED
:10154000060E05180AE1360ED2EC02F0000EF86E17
:10155000820EF76EF20EF66E28D0080E05180AE11C
:10156000370ED2EC02F0000EF86E820EF76EF80E17
:10157000F66E1BD0090E05180AE1380ED2EC02F007
:10158000000EF86E820EF76EFE0EF66E0ED00A0E8C
:1015900005180AE1390ED2EC02F0000EF86E830E47
:1015A000F76E040EF66E01D007D03B0ED2EC02F0BF
:1015B0001CB070EC06F04B9AAAEC36F01E0E0BEC49
:1015C00006F0AAEC36F0ADEC05F0BCEC05F079ECD9
:1015D00003F02C6A1200AAEC36F0420EE8CFB0F10C
:1015E000430EE8CFB1F1300E4FB4310EE8CFB2F177
:1015F0003B0EE8CFB3F14FEC09F04FA202D0A8ECBC
:1016000014F02C6A1200AAEC36F0460EE8CFB0F1C6
:10161000410EE8CFB1F13B0EE8CFB2F14FEC09F04B
:101620004FA20DD0C3EC36F0C3EC29F0215207E0F5
:101630004F94DAEC0CF04FA202D0E8EC0DF02C6ADB
:101640001200AAEC36F0460EE8CFB0F1420EE8CF19
:10165000B1F13B0EE8CFB2F14FEC09F04FA20FD041
:10166000C3EC36F0C3EC29F0215209E04F9450B49A
:101670004F84DAEC0CF04FA202D0E8EC0DF02C6AAB
:101680001200AAEC36F0470EE8CFB0F1540EE8CFC6
:10169000B1F1300E4FB4310EE8CFB2F13B0EE8CFCE
:1016A000B3F14FEC09F04FA203D05DEC16F000D07F
:1016B0002C6A1200AAEC36F0490EE8CFB0F1460EC3
:1016C000E8CFB1F13B0EE8CFB2F14FEC09F04FA2F9
:1016D0001DD015C71DF250B816C71DF202C720F263
:1016E00003C721F204C722F2CFEC0BF01DC2E8FFC2
:1016F000300A0CE117EE00F022EE01F01B0E50B89C
:101700001C0E266EE6CFDEFF262EFCD71200AAECBA
:1017100036F04D0ED2EC02F0570ED2EC02F020C2A1
:10172000E8FFD2EC02F021C2E8FFD2EC02F022C2C4
:10173000E8FFD2EC02F012EE06F0160E266EE6CFAF
:10174000E8FFD2EC02F0262EFAD7120012EC38F0A5
:101750004FA224D002C7E8FF1EC200F000181EE00E
:10176000140E0BEC06F0AAEC36F0560ED2EC02F09A
:10177000530ED2EC02F01EC2E8FF010A310E06E061
:101780001EC2E8FF020A320E01E0300ED2EC02F077
:101790003B0ED2EC02F00A0E0BEC06F01200000E2B
:1017A000E8CF0EF3E8CF0FF320C2E8FFD00FE8CF69
:1017B00010F321C2E8FFD00FE8CF11F322C2E8FFF7
:1017C000D00FE8CF12F312EC3DF013C323F214C391
:1017D00024F2120015C700F00050300A05E11DC2C6
:1017E000E8FF300A19E13AD00050310A05E11DC284
:1017F000E8FF310A19E132D00050320A05E11DC27A
:10180000E8FF320A16E12AD00050330A27E11DC250
:10181000E8FF330A19E122D051EC05F07DEC35F0F8
:10182000476A47804A6A1AD051EC05F0ECEC37F071
:1018300015D051EC05F0000EF86E890EF76E660EAD
:10184000F66E70EC06F00AD051EC05F0000EF86E62
:10185000890EF76E6E0EF66E70EC06F015C71DF26F
:101860001200AAEC36F0000EF86E8A0EF76EA00E8B
:10187000F66E70EC06F04B0EE8CFB0F1520EE8CFEA
:10188000B1F13B0EE8CFB2F14FEC09F04FA202D01C
:10189000D0EC16F02C6A1200AAEC36F04B0EE8CF12
:1018A000B0F1530EE8CFB1F13B0EE8CFB2F14FECFF
:1018B00009F04FA202D0DAEC16F02C6A1200AAEC62
:1018C00036F0DAEC0CF04FA202D0EFEC0CF02C6A00
:1018D0001200300EE8CF1FF250A409D012EC38F0FD
:1018E0004FA267D002C71FF2640E0BEC06F024C6AD
:1018F00000F00A0E001803E1410E006E20D00B0E1E
:10190000001803E1420E006E1AD00C0E001803E11D
:10191000430E006E14D00D0E001803E1440E006E4D
:101920000ED00E0E001803E1450E006E08D00F0E0B
:10193000001803E1460E006E02D0300E002600C0F3
:1019400024F6AAEC36F04D0EE8CFB0F1440EE8CF05
:10195000B1F11FC2E8FFE8CFB2F13B0EE8CFB3F11F
:101960004FEC09F04FA225D047B805D003C73CF093
:10197000EFEC0CF01ED003C700F024C6E8FF0018FF
:1019800018E00A0E0BEC06F0AAEC36F0AAEC36F0E2
:101990004D0ED2EC02F0440ED2EC02F01FC2E8FF72
:1019A000D2EC02F024C6E8FFD2EC02F03B0ED2ECFF
:1019B00002F012004D0EE8CFB0F1440EE8CFB1F1C5
:1019C000300E4FB4310EE8CFB2F13B0EE8CFB3F199
:1019D0004FEC09F04FA202D003C73CF0120002C73F
:1019E000E8FF300A02E032EC38F01CA008D0000E0C
:1019F000F86E810EF76E900EF66E70EC06F0310EFA
:101A00003C1807E1000EF86E810EF76ED00EF66EF0
:101A1000DCD0320E3C1807E1000EF86E810EF76E36
:101A2000C80EF66ED2D0330E3C1810E150B807D075
:101A3000000EF86E810EF76E980EF66EC6D0000E90
:101A4000F86E860EF76E7E0EF66EBFD0340E3C1822
:101A500007E1000EF86E810EF76EC20EF66EB5D07D
:101A6000350E3C1807E1000EF86E810EF76E8A0EF7
:101A7000F66EABD0360E3C1810E150B807D0000E11
:101A8000F86E810EF76EE00EF66E9FD0000EF86EC7
:101A9000860EF76E920EF66E98D0370E3C1810E157
:101AA00050B807D0000EF86E810EF76E9E0EF66EDF
:101AB0008CD0000EF86E860EF76E880EF66E85D00E
:101AC000380E3C1819E150B009D050B80ED0000EB5
:101AD000F86E860EF76EE40EF66E77D0000EF86E96
:101AE000870EF76E000EF66E70D0000EF86E860E42
:101AF000F76EB20EF66E69D0390E3C1810E150B890
:101B000007D0000EF86E810EF76EE60EF66E5DD011
:101B1000000EF86E860EF76EA20EF66E56D0410ECF
:101B20003C1810E150B807D0000EF86E870EF76E23
:101B3000180EF66E4AD0000EF86E860EF76ECA0EBC
:101B4000F66E43D0420E3C1807E1000EF86E870E89
:101B5000F76E240EF66E39D0430E3C1819E150B0E2
:101B600009D050B80ED0000EF86E860EF76EF20E49
:101B7000F66E2BD0000EF86E870EF76E0C0EF66E1A
:101B800024D0000EF86E860EF76EBE0EF66E1DD0D7
:101B9000440E3C1807E1000EF86E870EF76E300E0B
:101BA000F66E13D0450E3C1807E1000EF86E8A0E53
:101BB000F76E520EF66E09D0460E3C1808E1000E84
:101BC000F86E860EF76ED40EF66E70EC06F012000C
:101BD000310E3C1804E14C0E41EC06F001D1320EFE
:101BE0003C1804E1550E41EC06F0FAD0330E3C18D7
:101BF00010E1430E41EC06F050B801D0F1D0570E81
:101C000041EC06F0200E41EC06F0550E41EC06F0DA
:101C1000E7D0340E3C1804E1460E41EC06F0E0D06B
:101C2000350E3C1804E1410E41EC06F0D9D0360ED9
:101C30003C1813E150B80AD0460E41EC06F0530EA2
:101C400041EC06F04B0E41EC06F0CAD0520E41ECCE
:101C500006F04C0E41EC06F0C3D0370E3C1813E1F1
:101C6000430E41EC06F050B807D0200E41EC06F0D0
:101C7000520E41EC06F0B4D0570E41EC06F04C0E7B
:101C800041EC06F0ADD0380E3C1816E150B80DD03E
:101C9000500E41EC06F04B0E41EC06F0200E41ECEC
:101CA00006F04C0E41EC06F09BD0440E41EC06F0E1
:101CB0004C0E41EC06F094D0390E3C181CE150B8A3
:101CC00010D0460E41EC06F0530E41EC06F04B0EE0
:101CD00041EC06F0200E41EC06F0520E41EC06F00D
:101CE0007FD0520E41EC06F0200E41EC06F0550E6E
:101CF00041EC06F075D0410E3C181CE150B810D0F4
:101D0000500E41EC06F04B0E41EC06F0200E41EC7B
:101D100006F0460E41EC06F04D0E41EC06F060D0A8
:101D2000440E41EC06F0460E41EC06F04D0E41EC3F
:101D300006F056D0420E3C180AE1460E41EC06F081
:101D40004D0E41EC06F04E0E41EC06F049D0430E2C
:101D50003C1819E150B80DD0500E41EC06F04B0E76
:101D600041EC06F0200E41EC06F0550E41EC06F079
:101D700037D0440E41EC06F0200E41EC06F0550E33
:101D800041EC06F02DD0440E3C1810E1410E41EC20
:101D900006F0200E41EC06F04D0E41EC06F0200E50
:101DA00041EC06F04E0E41EC06F01AD0450E3C1800
:101DB00007E1500E41EC06F04B0E41EC06F010D05E
:101DC000460E3C180DE1440E41EC06F0460E41EC87
:101DD00006F04D0E41EC06F04E0E41EC06F000D040
:101DE0000D0E41EC06F01200AAEC36F0000EF86E73
:101DF000810EF76E0C0EF66E70EC06F04D0EE8CF0D
:101E0000B0F1470EE8CFB1F13B0EE8CFB2F14FECA5
:101E100009F04FA202D03AEC17F02C6A1200AAEC9B
:101E200036F04D0EE8CFB0F14C0EE8CFB1F1300EE8
:101E3000E8CFB2F13B0EE8CFB3F14FEC09F04FA27F
:101E400024D005C7E8FF300A0BE1000EF86E810EC2
:101E5000F76E260EF66E70EC06F06EEC07F015D0FD
:101E6000140E0BEC06F04D0EE8CFB0F14C0EE8CF9F
:101E7000B1F1310EE8CFB2F13B0EE8CFB3F14FEC48
:101E800009F04FA202D074EC17F02C6A1200AAECF1
:101E900036F04E0EE8CFB0F1420EE8CFB1F1300E81
:101EA0004FB4310EE8CFB2F13B0EE8CFB3F14FECB7
:101EB00009F04FA202D041EC18F02C6A1200AAECF3
:101EC00036F04E0EE8CFB0F1520EE8CFB1F1300E41
:101ED0004FB4310EE8CFB2F13B0EE8CFB3F14FEC87
:101EE00009F04FA202D099EC18F02C6A1200AAEC6B
:101EF00036F0420EE8CFB0F1500EE8CFB1F1300E1F
:101F00004FB4310EE8CFB2F1300EE8CFB3F13B0E53
:101F1000E8CFB4F14FEC09F04FA232D006C7E8FF8A
:101F2000300A14E102C7E8FF300A09E1000EF86E3A
:101F3000820EF76E240EF66E70EC06F004D058ECAC
:101F400005F032EC38F06EEC07F01AD0140E0BEC02
:101F500006F0420EE8CFB0F1500EE8CFB1F1300EEE
:101F60004FB4310EE8CFB2F1310EE8CFB3F13B0EF2
:101F7000E8CFB4F14FEC09F04FA202D076EC19F0A3
:101F80002C6A1200AAEC36F0500EE8CFB0F1410EE8
:101F9000E8CFB1F1300E4FB4310EE8CFB2F13B0EC5
:101FA000E8CFB3F14FEC09F04FA202D0BBEC17F031
:101FB0004F942C6A1200AAEC36F0000EF86E810ED7
:101FC000F76E400EF66E70EC06F0500EE8CFB0F1F2
:101FD000430EE8CFB1F13B0EE8CFB2F14FEC09F080
:101FE0004FA202D008EC18F02C6A1200000EF86E16
:101FF000850EF76ECC0EF66E70EC06F011EEB0F0BA
:10200000AAEC36F0500EE66E520EE66E50B803D0D3
:1020100050B601D002D0300EE66E3B0EE66E4FECAD
:1020200009F04FA255D050B80BD050B609D002C716
:1020300000F0310E00180CE0320E00183DE005D023
:1020400003C700F0320E001803E06EEC07F040D03A
:102050000A0E0BEC06F0500EE8CFB0F14C0EE8CFB4
:10206000B1F13B0EE8CFB2F14FEC09F04FA230D006
:1020700025EC18F050B803D050B601D029D00A0E84
:102080000BEC06F011EEB0F0AAEC36F0500EE66E56
:10209000520EE66E50B803D050B601D002D0310EC9
:1020A000E66E3B0EE66E4FEC09F04FA211D003C76F
:1020B000E8FF320A01E00CD058EC05F0000EF86E93
:1020C000870EF76E440EF66E70EC06F077EC07F0B4
:1020D0002C6A1200AAEC36F0520EE8CFB0F1410E95
:1020E000E8CFB1F1300E4FB4310EE8CFB2F13B0E74
:1020F000E8CFB3F14FEC09F04FA202D0B6EC19F0E3
:102100004F942C6A1200AAEC36F0000EF86E890E7D
:10211000F76E3C0EF66E70EC06F0490EE8CFB0F1AB
:10212000460EE8CFB1F13B0EE8CFB2F14FEC09F02B
:102130004FA23DD04A9012C7E8FF310AD8A409D077
:102140004A80520E41EC06F0580E41EC06F040EC8D
:1021500006F013C7E8FF300A09E0540E41EC06F020
:10216000580E41EC06F058EC05F005D04AB003D00B
:102170006EEC07F01CD00DC7E8FF41EC06F00EC76F
:10218000E8FF41EC06F00FC7E8FF41EC06F010C78E
:10219000E8FF41EC06F011C7E8FF41EC06F0480EFD
:1021A00041EC06F07A0E41EC06F040EC06F02C6AA9
:1021B0004A901200300E006E17EC11F04FA235D08D
:1021C000C8EC14F04AA00BD0310E006E0A0E0BECD6
:1021D00006F017EC11F04FA228D028EC15F058ECBF
:1021E00005F00A0E0BEC06F050B01FD050B21DD017
:1021F000300E50B8320E006E17EC11F04FA215D011
:1022000097EC15F04AA011D0330E50B804D0320E1E
:1022100050B601D00AD0006E0A0E0BEC06F017EC97
:1022200011F04FA202D0BFEC15F02C6A1200AAECFC
:1022300036F0430EE8CFB0F14F0EE8CFB1F1300EDB
:102240004FB4310EE8CFB2F10050E8CFB3F13B0EFE
:10225000E8CFB4F14FEC09F01200300EE8CF1FF2D6
:1022600050A409D012EC38F04FA21BD002C71FF2C5
:10227000640E0BEC06F0AAEC36F0520EE8CFB0F18B
:10228000460EE8CFB1F11FC2E8FFE8CFB2F13B0E36
:10229000E8CFB3F14FEC09F04FA203D0C8EC18F02F
:1022A00000D02C6A1200AAEC36F04050310A1AE035
:1022B0004050320A15E04050330A1AE04050340AC8
:1022C0001EE04050350A22E04050360A26E0000E5B
:1022D000F86E7F0EF76EC60EF66E70EC06F056D0F6
:1022E00032EC38F0530E41EC06F040EC06F026D00C
:1022F000000EF86E840EF76E500EF66E15D0000EBE
:10230000F86E830EF76E3A0EF66E0ED0000EF86E73
:10231000810EF76E400EF66E07D0000EF86E7F0E3F
:10232000F76E8A0EF66E08D070EC06F0000EF86EAE
:10233000840EF76E5E0EF66E70EC06F040C001F093
:10234000520EE8CFB0F14D0EE8CFB1F14050E8CFDA
:10235000B2F13B0EE8CFB3F14FEC09F04FA216D02B
:1023600001C040F04050310A03E1D8EC1CF00ED01F
:102370004050320A03E1D8EC1CF008D04050360A35
:1023800003E1A9EC1DF002D002EC1AF01E0E0BECDA
:1023900006F02C6A1200AAEC36F0530EE8CFB0F12A
:1023A000480EE8CFB1F1300E4FB4310EE8CFB2F1A4
:1023B0003B0EE8CFB3F14FEC09F04FA202D060EC36
:1023C0001AF02C6A1200000EF86E810EF76E820E63
:1023D000F66E70EC06F0AAEC36F0460EE8CFB0F1DF
:1023E000540EE8CFB1F13B0EE8CFB2F14FEC09F05B
:1023F0004FA21ED002C701F0140E0BEC06F0AAEC9F
:1024000036F0560EE8CFB0F1530EE8CFB1F13B0EE7
:10241000E8CFB2F14FEC09F04FA20AD002C7E8FFB3
:10242000011803E077EC07F003D06EEC07F000D062
:102430002C6A120012EC38F04FA2C7D0CFEC13F088
:1024400058EC05F0AAEC36F0460EE8CFB0F1540E89
:10245000E8CFB1F13B0EE8CFB2F14FEC09F04FA25B
:10246000B4D002C7E8FF300A04E002C7E8FF310A2F
:1024700014E050B009D0000EF86E820EF76E7C0E9C
:10248000F66E70EC06F01CD0000EF86E880EF76E3B
:10249000280EF66E70EC06F013D050B009D0000E86
:1024A000F86E820EF76E940EF66E70EC06F008D0A1
:1024B000000EF86E880EF76E3E0EF66E70EC06F0AB
:1024C00050B05FD058EC05F0AAEC36F0460EE8CFDD
:1024D000B0F1520EE8CFB1F13B0EE8CFB2F14FECC4
:1024E00009F04FA272D002C7E8FF300A15E002C718
:1024F000E8FF310A1AE002C7E8FF320A1FE002C70C
:10250000E8FF330A24E002C7E8FF340A29E002C7E3
:10251000E8FF350A2EE035D0000EF86E870EF76E14
:10252000860EF66E70EC06F02CD0000EF86E870E5C
:10253000F76EA00EF66E70EC06F023D0000EF86E6B
:10254000870EF76EBC0EF66E70EC06F01AD0000E19
:10255000F86E870EF76ED60EF66E70EC06F011D0A0
:10256000000EF86E870EF76EF20EF66E70EC06F047
:1025700008D0000EF86E880EF76E0C0EF66E70EC3A
:1025800006F058EC05F0AAEC36F04C0EE8CFB0F1AE
:102590004B0EE8CFB1F13B0EE8CFB2F14FEC09F0B2
:1025A0004FA213D0F2EC16F058EC05F0460EE8CF2F
:1025B000B0F1530EE8CFB1F13B0EE8CFB2F14FECE2
:1025C00009F04FA202D024EC16F02C6A1200AAECFB
:1025D00036F0560EE8CFB0F1580EE8CFB1F13B0E11
:1025E000E8CFB2F14FEC09F04FA226D0E5EC13F0A2
:1025F000F7EC37F0300A20E0560EE8CFB0F1470E86
:10260000E8CFB1F13B0EE8CFB2F14FEC09F04FA2A9
:1026100013D0B7EC13F0560EE8CFB0F1440EE8CF6C
:10262000B1F13B0EE8CFB2F14FEC09F04FA204D06C
:1026300058EC05F0D1EC20F02C6A1200AAEC36F030
:10264000420EE8CFB0F1490EE8CFB1F13B0EE8CF32
:10265000B2F14FEC09F04FA217D002EC14F002C710
:10266000E8FF300A11E0530EE8CFB0F1440EE8CF96
:10267000B1F13B0EE8CFB2F14FEC09F04FA204D01C
:10268000488A46EC13F0489A2C6A1200000EF86E45
:10269000840EF76E180EF66E48AA70EC06F050B471
:1026A00034D002C70BF703C70CF704C70DF705C7F3
:1026B0000EF7450EE8CFB0F1580EE8CFB1F1300E6D
:1026C000E8CFB2F1360EE8CFB3F1330EE8CFB4F174
:1026D0003B0EE8CFB5F14FEC09F04FA2D5D705C7B7
:1026E000E8FF310A0AE1300EE8CF02F7E8CF03F73E
:1026F000E8CF04F7E8CF05F708D00BC702F70CC7FF
:1027000003F70DC704F70EC705F702C7E8FF300A45
:102710000CE103C7E8FF300A08E104C7E8FF300A0C
:1027200004E105C7E8FF300A19E002C7E8FF41EC01
:1027300006F003C7E8FF41EC06F004C7E8FF41ECF0
:1027400006F005C7E8FF41EC06F06D0E41EC06F01F
:10275000530E41EC06F040EC06F008D0000EF86E87
:10276000840EF76E220EF66E70EC06F01200000E6C
:10277000F86E840EF76E420EF66E70EC06F002C72D
:10278000E8FF41EC06F003C7E8FF41EC06F004C7A0
:10279000E8FF41EC06F00D0E41EC06F01200000ED1
:1027A000F86E890EF76E560EF66E70EC06F002C7E4
:1027B000E8FF300A04E0420E41EC06F003D0410E7F
:1027C00041EC06F040EC06F01200560E41EC06F02B
:1027D0004F0E41EC06F0580E41EC06F00D0E41ECA8
:1027E00006F002C7E8FF300A07E002C7E8FF310A37
:1027F00006E034EC07F005D06EEC07F002D077EC81
:1028000007F01200000EF86E840EF76E180EF66ECA
:1028100070EC06F002C7E8FF300A07E002C7E8FFE5
:10282000310A06E034EC07F005D06EEC07F002D078
:1028300077EC07F01200000EF86E840EF76E280E8B
:10284000F66E70EC06F004C7E8FF300A0BE004C730
:10285000E8FF310A0AE004C7E8FF320A09E034EC75
:1028600007F00ED06EEC07F00BD077EC07F008D035
:10287000000EF86E870EF76E500EF66E70EC06F0D6
:10288000120051EC05F002C7E8FF300A02E032EC1A
:1028900038F003C7E8FF41EC06F004C7E8FF41EC5D
:1028A00006F005C7E8FF41EC06F040EC06F0120028
:1028B00002C7E8FF300A02E032EC38F0000EF86E92
:1028C000800EF76EC40EF66E70EC06F003C7E8FFDC
:1028D000310A0FE003C7E8FF320A0FE003C7E8FF41
:1028E000330A0FE003C7E8FF340A0FE034EC07F0C7
:1028F0002ED0310E41EC06F00BD0320E41EC06F03A
:1029000007D0330E41EC06F003D0340E41EC06F054
:1029100058EC05F050B21BD050B819D0000EF86E2C
:10292000800EF76ECE0EF66E70EC06F004C7E8FF70
:10293000300A07E004C7E8FF310A06E034EC07F08C
:1029400006D06EEC07F003D077EC07F000D0120051
:1029500002C7E8FF300A02E032EC38F0000EF86EF1
:10296000820EF76E160EF66E70EC06F003C7E8FFE7
:10297000300A07E003C7E8FF310A06E034EC07F04D
:1029800006D06EEC07F003D077EC07F000D0120011
:102990004FB432EC38F0000EF86E880EF76EF40E7D
:1029A000F66E70EC06F04A9005C7E8FF50B807C70E
:1029B000E8FF300A0EE005C7E8FF50B807C7E8FF98
:1029C000310A0AE005C7E8FF320A03E034EC07F0F9
:1029D0003ED06EEC07F03BD04A8050A403D077EC99
:1029E00007F035D004C7E8FF2D0A15E005C7E8FF5A
:1029F000310A07E12B0E41EC06F0360E41EC06F0F1
:102A00001ED02B0E41EC06F0310E41EC06F0320EDA
:102A100041EC06F014D005C7E8FF310A07E12D0E9E
:102A200041EC06F0360E41EC06F009D02D0E41ECDB
:102A300006F0310E41EC06F0320E41EC06F0440E89
:102A400041EC06F0420E41EC06F040EC06F01200BC
:102A500050A043D0000EE8CF10F300EC38F0D00FB8
:102A6000E8CF11F3F7EC37F0D00FE8CF12F3F3EC27
:102A700005F014C300F0070E00640FD00D0E0064C3
:102A800016D0130E00641DD0190E00641ED0200E47
:102A900000641FD034EC07F049D0320E41EC06F050
:102AA000350E41EC06F0300E41EC06F02ED0350E1E
:102AB00041EC06F0300E41EC06F0300E41EC06F031
:102AC00024D0310E41EC06F01DD0320E41EC06F060
:102AD00019D0340E41EC06F015D004C7E8FF41ECE4
:102AE00006F005C7E8FF41EC06F0300E50B806C707
:102AF000E8FF41EC06F0300E50B807C7E8FF41ECA4
:102B000006F003D06B0E41EC06F0480E41EC06F0E7
:102B10007A0E41EC06F040EC06F008D0440E41EC91
:102B200006F0420E41EC06F040EC06F012004FB405
:102B300032EC38F0000EF86E880EF76EFE0EF66E70
:102B400070EC06F04A90F7EC37F0300A11E0F7EC41
:102B500037F0320A10E050B804D050B609D050B463
:102B600007D0F7EC37F0310A06E034EC07F006D076
:102B70006EEC07F003D04A8077EC07F01200000EED
:102B8000E8CF10F300EC38F0D00FE8CF11F3F7ECFA
:102B900037F0D00FE8CF12F3F3EC05F014C300F0D8
:102BA0000050190AD8A404D0300E41EC06F01BD016
:102BB000190E006003D02D0E41EC06F014C300F096
:102BC000E60E0024D8A002D0010F02D0E86CE8067F
:102BD000006ED890E846E846E84600240024E4EC7D
:102BE00006F040EC06F0480E41EC06F07A0E41EC9F
:102BF00006F040EC06F0120029C6E8FF300A09E0B2
:102C000029C6E8FF310A0EE029C6E8FF320A13E0C0
:102C10001AD0000EF86E7C0EF76EA00EF66E70ECF9
:102C200006F011D0000EF86E890EF76E920EF66E59
:102C300070EC06F008D0000EF86E890EF76E860E66
:102C4000F66E70EC06F0120002C7E8FF300A34E0BE
:102C500002C7E8FF310A13E002C7E8FF340A2CE09C
:102C600002C7E8FF350A12E002C7E8FF360A15E09E
:102C700002C7E8FF370A18E034EC07F01DD0000E59
:102C8000F86E880EF76E8C0EF66E14D0000EF86E8D
:102C9000880EF76E9A0EF66E0DD0000EF86E880E46
:102CA000F76EAC0EF66E06D0000EF86E880EF76E5C
:102CB000BC0EF66E70EC06F0120002C7E8FF300A98
:102CC00002E032EC38F0000EF86E820EF76E3C0E29
:102CD000F66E70EC06F003C7E8FF360A4FE003C754
:102CE000E8FF350A42E003C7E8FF340A50B04FE07E
:102CF00033E003C7E8FF330A26E003C7E8FF320AE0
:102D000050B021E017E003C7E8FF310A0AE003C72B
:102D1000E8FF300A03E034EC07F041D06EEC07F036
:102D20003ED0000EF86E7F0EF76E6A0EF66E70ECF7
:102D300006F035D0000EF86E870EF76E800EF66E38
:102D400070EC06F02CD0000EF86E7F0EF76E780E49
:102D5000F66E70EC06F023D0000EF86E870EF76E5C
:102D6000740EF66E70EC06F01AD0000EF86E870E38
:102D7000F76E6A0EF66E70EC06F011D0000EF86E6B
:102D8000870EF76E5E0EF66E70EC06F008D0000E41
:102D9000F86E7F0EF76E620EF66E70EC06F01200A3
:102DA00002C7E8FF310A03E06EEC07F002D077ECCF
:102DB00007F0120002C7E8FF41EC06F003C7E8FF86
:102DC00041EC06F004C7E8FF41EC06F0570E41EC79
:102DD00006F0500E41EC06F04D0E41EC06F040ECD2
:102DE00006F0120002C7E8FF300A34E002C7E8FF2D
:102DF000310A13E002C7E8FF340A2CE002C7E8FFFB
:102E0000350A12E002C7E8FF360A15E002C7E8FFFC
:102E1000370A18E034EC07F01DD0000EF86E880E6B
:102E2000F76E540EF66E14D0000EF86E880EF76E24
:102E3000620EF66E0DD0000EF86E880EF76E6E0EF6
:102E4000F66E06D0000EF86E880EF76E7A0EF66EED
:102E500070EC06F0120002C7E8FF41EC06F003C771
:102E6000E8FF41EC06F004C7E8FF41EC06F040EC57
:102E700006F0120050B80CD050B60AD010EC37F063
:102E8000006E50B014D0E4EC06F040EC06F02BD00D
:102E900002C7E8FF41EC06F003C7E8FF41EC06F08B
:102EA00004C7E8FF41EC06F040EC06F01CD0420EEF
:102EB000006011D0210E006007D0000EF86E890E60
:102EC000F76E140EF66E0DD0000EF86E7E0EF76ED5
:102ED000360EF66E06D0000EF86E890EF76E1A0EDC
:102EE000F66E70EC06F01200000EF86E880EF76EAB
:102EF000E20EF66E70EC06F050B004D002C7E8FFA8
:102F0000310A0AE005C7E8FF300A03E16EEC07F07A
:102F100009D077EC07F006D010EC37F0E4EC06F0BF
:102F200040EC06F0120029C6E8FF300A09E029C685
:102F3000E8FF310A0EE029C6E8FF320A13E01AD092
:102F4000000EF86E840EF76E6E0EF66E70EC06F0E4
:102F500011D0000EF86E830EF76E420EF66E70EC16
:102F600006F008D0000EF86E830EF76E480EF66E6F
:102F700070EC06F0120002C7E8FF300A02E032EC03
:102F800038F0000EF86E810EF76E360EF66E70ECAD
:102F900006F003C700F00050300A0CE00050310A80
:102FA00018E00050320A1BE00050330A1CE034ECF9
:102FB00007F02DD050B023D0000EF86E870EF76EBC
:102FC0003C0EF66E70EC06F0310E50A241EC06F0AD
:102FD0001CD050B017D0310E41EC06F016D0320E96
:102FE00041EC06F012D0000EF86E870EF76E3C0E24
:102FF000F66E70EC06F0320E41EC06F006D06EEC88
:1030000007F005D077EC07F002D040EC06F0120094
:1030100050B809D050A407D019EC37F0E4EC06F012
:1030200040EC06F00CD002C7E8FF41EC06F003C705
:10303000E8FF41EC06F004C7E8FF41EC06F0570E4C
:1030400041EC06F040EC06F0120058EC05F050B4EC
:103050000FD002C7E8FF41EC06F003C7E8FF41ECE0
:1030600006F004C7E8FF41EC06F040EC06F008D09B
:1030700050B8EFD710EC37F0E4EC06F040EC06F077
:10308000120002C7E8FF300A02E032EC38F0000E0E
:10309000F86E810EF76E480EF66E70EC06F003C700
:1030A000E8FF320A13E003C7E8FF310A09E003C76B
:1030B000E8FF300A02E034EC07F06EEC07F024D0B1
:1030C00050B077EC07F050B01FD009D0000EF86E6A
:1030D000830EF76EAA0EF66E70EC06F000D04E0E60
:1030E000E8CFB0F14C0EE8CFB1F102C7B2F1300E2B
:1030F00050B8E8CFB2F13B0EE8CFB3F14FEC09F096
:103100004FA202D085EF18F0120050B807D010EC93
:1031100037F0E4EC06F040EC06F00AD004C7E8FF14
:1031200041EC06F005C7E8FF41EC06F040EC06F084
:10313000120002C7E8FF300A02E032EC38F0000E5D
:10314000F86E810EF76EFC0EF66E70EC06F003C79B
:10315000E8FF310A0AE003C7E8FF300A03E034EC75
:1031600007F015D06EEC07F012D000D0520EE8CF69
:10317000B0F14C0EE8CFB1F102C7B2F13B0EE8CF8F
:10318000B3F14FEC09F04FA202D06BEF19F012002F
:1031900002C7E8FF300A02E032EC38F0000EF86EA9
:1031A0008A0EF76E880EF66E70EC06F003C7E8FF25
:1031B000310A36E003C7E8FF320A40E003C7E8FF00
:1031C000330A40E003C7E8FF340A4AE003C7E8FFD8
:1031D000350A4FE003C7E8FF360A50B828E050B47C
:1031E0004EE003C7E8FF370A50B82CE050B44DE07A
:1031F00003C7E8FF380A50B829E050B450E003C7CD
:10320000E8FF390A50B841E050B453E003C7E8FF83
:10321000410A50B844E050B44FE034EC07F05AD0C3
:10322000310E41EC06F0350E41EC06F048D0310E7F
:1032300041EC06F0320E41EC06F041D0360E41EC86
:1032400006F03DD0330E41EC06F039D0310E41ECA2
:1032500006F02E0E41EC06F0320E41EC06F02FD0B7
:1032600020EC38F0310E41EC06F0350E41EC06F062
:1032700026D020EC38F0360E41EC06F020D020ECC1
:1032800038F0330E41EC06F01AD0360E41EC06F061
:10329000300E41EC06F0300E41EC06F013D0330E48
:1032A00041EC06F0300E41EC06F0300E41EC06F039
:1032B00009D020EC38F0E9D720EC38F0F0D76B0ECD
:1032C00041EC06F0480E41EC06F07A0E41EC06F0B7
:1032D00040EC06F0120003C7E8FF41EC06F004C71B
:1032E000E8FF41EC06F040EC06F01200055204E164
:1032F00003C7E8FF310A1EE002C7E8FF300A04E016
:1033000032EC38F0055208E1000EF86E820EF76ECE
:10331000240EF66E70EC06F003C7E8FF310A0AE0EF
:1033200006C7E8FF300A03E16EEC07F01ED077EC29
:1033300007F01BD004C7E8FF41EC06F005C7E8FF23
:1033400041EC06F006C7E8FF41EC06F040EC06F061
:1033500050B00BD0300E41EC06F0480E41EC06F0B8
:103360007A0E41EC06F040EC06F0120002C7E8FFCE
:10337000300A02E032EC38F0000EF86E810EF76E83
:10338000640EF66E70EC06F003C7E8FF300A14E036
:1033900003C7E8FF310A50B00CD011E003C7E8FFC3
:1033A000320A14E003C7E8FF330A1AE034EC07F0EE
:1033B00028D077EC07F025D06EEC07F022D02D0E48
:1033C00041EC06F0360E41EC06F013D02D0E41EC28
:1033D00006F0310E41EC06F0320E41EC06F009D059
:1033E0002D0E41EC06F0310E41EC06F0380E41ECAA
:1033F00006F0440E41EC06F0420E41EC06F040ECC3
:1034000006F01200E4EC06F040EC06F01CA008D038
:10341000000EF86E880EF76ED80EF66E70EC06F0A1
:103420001200000EF86E890EF76E200EF66E70EC2C
:1034300006F002C7E8FF300A03E16EEC07F003D0A4
:1034400077EC07F000D0120002C7E8FF300A13E063
:1034500002C7E8FF310A16E002C7E8FF320A19E0A6
:1034600002C7E8FF330A1CE002C7E8FF340A1FE086
:1034700034EC07F024D0000EF86E880EF76EEC0ED8
:10348000F66E1BD0000EF86E880EF76EF40EF66E18
:1034900014D0000EF86E820EF76E0E0EF66E0DD082
:1034A000000EF86E890EF76E060EF66E06D0000E50
:1034B000F86E890EF76E0C0EF66E70EC06F01200C8
:1034C0004FB432EC38F0000EF86E890EF76E0C0E29
:1034D000F66E70EC06F050B002D050B424D004C7A1
:1034E000E8FF300A0BE004C7E8FF360A0EE004C725
:1034F000E8FF310A11E034EC07F059D2000EF86E03
:10350000830EF76EA20EF66E50D2000EF86E7E0E8F
:10351000F76E360EF66E49D2000EF86E830EF76E19
:10352000AA0EF66E42D203C752F004C753F050A859
:1035300004D004C752F005C753F00A0E0BEC06F096
:10354000DAEC0CF04FA233D2310E3C181EE0320EF2
:103550003C181BE0330E3C181BE0370E3C1818E0FB
:10356000360E3C1818E0390E3C1815E0380E3C18A1
:1035700015E0430E3C1812E0000EF86E890EF76E4F
:10358000480EF66E70EC06F012D2530E3C6E08D068
:10359000430E3C6E05D0520E3C6E02D0500E3C6E77
:1035A000000EE8CF10F352C0E8FFD00FE8CF11F3C0
:1035B00053C0E8FFD00FE8CF12F3F3EC05F014C3CB
:1035C000E8FFE85236E10A0E0BEC06F050A803D0F3
:1035D0002DEC11F0ECD14E0EE8CFB0F1410EE8CF5A
:1035E000B1F1300E4FB4310EE8CFB2F13B0EE8CF5F
:1035F000B3F14FEC09F04FA2DAD103C7E8FF310A6B
:103600000DE1530E3C1803E150B22CD116D1430EFC
:103610003C1801E1E6D050B6E4D0D3D0530E3C18AC
:1036200001E151D1430E3C1801E14DD150B64BD1CF
:10363000D8D014C300F0000EFB6E360EFA6E0044B4
:10364000016E4C0E0124D8B0FA2AF96E19D019D0A7
:103650001FD023D029D02DD033D03BD041D047D05C
:103660004DD053D05BD066D072D07CD082D088D081
:103670008CD090D090D090D090D090D090D090D04E
:1036800096D1530E3C18D8A480D150B89AD091D07E
:10369000530E3C18D8B49DD084D0530E3C18D8B4E7
:1036A000A4D050B27ED081D0530E3C18D8B4A5D04F
:1036B00080D0530E3C18D8B4A4D050B282D07DD064
:1036C000530E3C1803E150B8A3D0A9D050B281D01A
:1036D00078D0530E3C18D8B4B0D050B282D075D048
:1036E000530E3C18D8B4B0D050B283D072D0530E21
:1036F0003C18D8B4B7D050B28BD06FD0530E3C1812
:10370000D8B4B7D050B292D06CD0530E3C18D8B4C5
:10371000BED050B2A0D050B868D06BD0530E3C1879
:1037200004E150B8BBD050B6B9D050B862D050B256
:10373000A7D06ED0530E3C1805E150B8BDD050B69E
:10374000BBD0C1D050B864D050B2BDD06FD0530EF2
:103750003C1805E150B8B7D050B6B5D0BBD050B882
:1037600065D079D0530E3C1801E1BBD050B873D06E
:1037700087D0530E3C1801E1BBD050B881D0A3D004
:10378000530E3C18D8B4BBD09ED0530E3C18D8B4BE
:10379000BDD0CAD0C2D0C8D0CED0D4D0DAD0E0D03C
:1037A000E6D0310E41EC06F0E9D0310E41EC06F0E6
:1037B000ECD0320E41EC06F0E1D0320E41EC06F0D6
:1037C000E4D0330E41EC06F0D9D0330E41EC06F0D4
:1037D000DCD0340E41EC06F0D1D0340E41EC06F0D2
:1037E000D4D0350E41EC06F0C9D0360E41EC06F0CF
:1037F000C5D0380E41EC06F0C1D0380E41EC06F0D1
:10380000C4D0310E41EC06F0310E41EC06F0B6D0DA
:10381000310E41EC06F0320E41EC06F0AFD0310E25
:1038200041EC06F0330E41EC06F0AFD0310E41EC26
:1038300006F0340E41EC06F0A1D0310E41EC06F05A
:10384000350E41EC06F09AD0310E41EC06F0360E02
:1038500041EC06F09AD0310E41EC06F0370E41EC07
:1038600006F08CD0310E41EC06F0380E41EC06F03B
:1038700085D0310E41EC06F0390E41EC06F085D0D2
:10388000320E41EC06F0300E41EC06F077D0320EED
:1038900041EC06F0310E41EC06F070D0320E41ECF6
:1038A00006F0320E41EC06F069D0320E41EC06F023
:1038B000320E41EC06F069D0320E41EC06F0330EC8
:1038C00041EC06F05BD0320E41EC06F0340E41ECD8
:1038D00006F054D0320E41EC06F0340E41EC06F006
:1038E00054D0320E41EC06F0350E41EC06F046D0D5
:1038F000320E41EC06F0360E41EC06F03FD0320EAF
:1039000041EC06F0370E41EC06F038D0320E41ECB7
:1039100006F0380E41EC06F031D0320E41EC06F0E4
:10392000390E41EC06F02AD0330E41EC06F0300E91
:1039300041EC06F023D0330E41EC06F0320E41ECA0
:1039400006F01CD0330E41EC06F0340E41EC06F0CC
:1039500015D0330E41EC06F0360E41EC06F00ED0D9
:10396000330E41EC06F0380E41EC06F007D0340E71
:1039700041EC06F0300E41EC06F000D0300E41EC88
:1039800006F0300E41EC06F007D0350E41EC06F0A3
:10399000300E41EC06F000D0480E41EC06F07A0EF5
:1039A00041EC06F040EC06F002D070EC06F012009C
:1039B00009EC38F050B803C7E8FFD00FE8CF10F398
:1039C00000EC38F050B804C7E8FFD00FE8CF11F38F
:1039D000F7EC37F050B805C7E8FFD00FE8CF12F387
:1039E000F3EC05F014C300F0300E526E200E536E4F
:1039F000200E546E200E556E0F0E50B4080E00644B
:103A000099D0310E526E210E50B4190E006492D02E
:103A1000320E526E310E50B4260E00648BD0330E2F
:103A2000526E420E50B4340E006484D0340E526E86
:103A3000520E50B4400E00647DD0350E526E620EB0
:103A400050B44E0E006476D0360E526E730E50B4E3
:103A50005E0E00646FD0370E526E8B0E50B46E0E39
:103A6000006468D0380E526E930E50B4800E00641D
:103A700061D0390E526E9B0E50B48E0E00645AD037
:103A80002B0E536E350E546EA30E50B4940E00647C
:103A900051D0310E546E300E556EAF0E50B49E0E96
:103AA000006448D0350E556EBB0E50B4A80E0064AD
:103AB00041D0320E546E300E556EC30E50B4B20E5D
:103AC000006438D0350E556ECC0E50B4BC0E006478
:103AD00031D0330E546E300E556ED50E50B4C80E24
:103AE000006428D0350E556EDE0E50B4D20E006440
:103AF00021D0340E546E300E556EE50E50B4E00EEB
:103B0000006418D0350E556EED0E50B4EA0E006408
:103B100011D0350E546E300E556EF40E00640AD07E
:103B2000350E556EFC0E006405D0360E546E300E08
:103B3000556E00D0525041EC06F0535041EC06F067
:103B4000545041EC06F0555041EC06F040EC06F0C4
:103B5000120003C7E8FFD00FE8CF10F304C7E8FF57
:103B6000D00FE8CF11F305C7E8FFD00FE8CF12F36D
:103B7000F3EC05F014C340F0310E006E300E016E10
:103B80000A0E4064D6D0310E016E140E4064D1D0BE
:103B9000320E016E1E0E4064CCD0330E016E280E24
:103BA0004064C7D0340E016E320E4064C2D0350E70
:103BB000016E3C0E4064BDD0360E016E460E406470
:103BC000B8D0370E016E4F0E4064B3D0380E016E80
:103BD000510E4064AED0390E016E530E4064A9D030
:103BE000320E006E300E016E570E4064A2D0310EC0
:103BF000016E5B0E40649DD0320E016E5F0E40641C
:103C000098D0330E016E630E406493D0340E016E73
:103C1000670E40648ED0350E016E6B0E406489D005
:103C2000360E016E6F0E406484D0370E016E720E38
:103C300040647FD0380E016E750E40647AD0390E24
:103C4000016E780E406475D0330E006E300E016E3A
:103C50007F0E40646ED0310E016E860E406469D0D6
:103C6000320E016E8D0E406464D0330E016E940EE0
:103C700040645FD0340E016E9B0E40645AD0350E06
:103C8000016EA20E406455D0360E016EA90E40643E
:103C900050D0370E016EB00E40644BD0380E016E1E
:103CA000B70E406446D0390E016EC00E406441D05C
:103CB000340E006E300E016EC40E40643AD0310EE8
:103CC000016EC80E406435D0320E016ECC0E4064D9
:103CD00030D0330E016ED00E40642BD0340E016E06
:103CE000D40E406426D0350E016ED80E406421D02B
:103CF000360E016EDC0E40641CD0370E016EE10EF4
:103D0000406417D0380E016EE60E406412D0390EB2
:103D1000016EEC0E40640DD0000EF86E880EF76E4A
:103D2000D20EF66E70EC06F0350E006E300E016E9F
:103D300000D0005041EC06F02E0E41EC06F0015090
:103D400041EC06F004D00050E4EC06F000D00D0E7B
:103D500041EC06F01CA011D0200E41EC06F0540EF0
:103D600041EC06F06F0E41EC06F0200E41EC06F03F
:103D7000310E41EC06F040EC06F01200000EE8CFE8
:103D800010F303C7E8FFD00FE8CF11F304C7E8FF33
:103D9000D00FE8CF12F3F3EC05F014C300F0000EDF
:103DA000FB6E3D0EFA6E0044016EB40E0124D8B0D5
:103DB000FA2AF96E32D033D034D035D036D037D05D
:103DC00038D039D03AD03BD03CD03DD03ED03FD097
:103DD00040D041D042D043D044D045D046D047D047
:103DE00048D049D04AD04BD04CD04DD04ED04FD0F7
:103DF00050D051D052D053D054D055D056D057D0A7
:103E000058D059D05AD05BD05CD05DD05ED05FD056
:103E100060D061D062D063D0C3D171EF1FF078EF72
:103E20001FF07FEF1FF086EF1FF08DEF1FF094EF74
:103E30001FF09BEF1FF0A2EF1FF0A9EF1FF0B0EFF4
:103E40001FF0B7EF1FF0BEEF1FF0C5EF1FF0CCEF74
:103E50001FF0D3EF1FF0DAEF1FF0E1EF1FF0E8EFF4
:103E60001FF0EFEF1FF0F6EF1FF0FDEF1FF004EF74
:103E700020F00BEF20F012EF20F019EF20F020EFF0
:103E800020F027EF20F02EEF20F035EF20F03CEF70
:103E900020F043EF20F04AEF20F051EF20F058EFF0
:103EA00020F05FEF20F066EF20F06DEF20F074EF70
:103EB00020F07BEF20F082EF20F089EF20F090EFF0
:103EC00020F097EF20F09EEF20F0A5EF20F0ACEF70
:103ED00020F0B3EF20F0BAEF20F0C1EF20F0C8EFF0
:103EE00020F0000EF86E840EF76E880EF66E56D136
:103EF000000EF86E840EF76E8E0EF66E4FD1000E29
:103F0000F86E840EF76E940EF66E48D1000EF86EC1
:103F1000840EF76E9A0EF66E41D1000EF86E840E86
:103F2000F76EA00EF66E3AD1000EF86E840EF76EA4
:103F3000A60EF66E33D1000EF86E840EF76EAC0E40
:103F4000F66E2CD1000EF86E840EF76EB20EF66E81
:103F500025D1000EF86E840EF76EB80EF66E1ED1E7
:103F6000000EF86E840EF76EBE0EF66E17D1000EC0
:103F7000F86E840EF76EC40EF66E10D1000EF86E59
:103F8000840EF76ECA0EF66E09D1000EF86E840E1E
:103F9000F76ED00EF66E02D1000EF86E840EF76E3C
:103FA000D80EF66EFBD0000EF86E840EF76EE00EA3
:103FB000F66EF4D0000EF86E840EF76EE80EF66E14
:103FC000EDD0000EF86E840EF76EF00EF66EE6D0B1
:103FD000000EF86E840EF76EF80EF66EDFD0000E4F
:103FE000F86E850EF76E000EF66ED8D0000EF86EE5
:103FF000850EF76E080EF66ED1D0000EF86E850EA7
:10400000F76E100EF66ECAD0000EF86E850EF76EC3
:10401000180EF66EC3D0000EF86E850EF76E200EE9
:10402000F66EBCD0000EF86E850EF76E280EF66E9A
:10403000B5D0000EF86E850EF76E300EF66EAED06F
:10404000000EF86E850EF76E380EF66EA7D0000ED5
:10405000F86E860EF76E340EF66EA0D0000EF86E77
:10406000850EF76E400EF66E99D0000EF86E860E35
:10407000F76E3C0EF66E92D0000EF86E850EF76E5F
:10408000480EF66E8BD0000EF86E860EF76E440E5C
:10409000F66E84D0000EF86E850EF76E500EF66E3A
:1040A0007DD0000EF86E860EF76E4C0EF66E76D052
:1040B000000EF86E850EF76E580EF66E6FD0000E7D
:1040C000F86E860EF76E540EF66E68D0000EF86E1F
:1040D000850EF76E600EF66E61D0000EF86E860EDD
:1040E000F76E5C0EF66E5AD0000EF86E850EF76E07
:1040F000680EF66E53D0000EF86E860EF76E640EE4
:10410000F66E4CD0000EF86E860EF76E6C0EF66EE4
:1041100045D0000EF86E850EF76E700EF66E3ED02E
:10412000000EF86E850EF76E780EF66E37D0000E24
:10413000F86E850EF76E800EF66E30D0000EF86EBB
:10414000850EF76E880EF66E29D0000EF86E850E7D
:10415000F76E900EF66E22D0000EF86E850EF76E9A
:10416000980EF66E1BD0000EF86E850EF76EA00E40
:10417000F66E14D0000EF86E850EF76EA80EF66E71
:104180000DD0000EF86E850EF76EB00EF66E06D0EE
:10419000000EF86E850EF76EB80EF66E70EC06F037
:1041A0001200000EF86E840EF76E480EF66E70EC7C
:1041B00006F002C7E8FF41EC06F003C7E8FF41EC58
:1041C00006F004C7E8FF41EC06F005C7E8FF41EC44
:1041D00006F06D0E41EC06F0530E41EC06F00D0EAC
:1041E00041EC06F01200000EF86E890EF76E2E0EEE
:1041F000F66E70EC06F002C7E8FF300A03E16EECE1
:1042000007F003D077EC07F000D01200500ED2EC8C
:1042100002F0530ED2EC02F03B0ED2EC02F04D90C5
:1042200000D0120017EE00F0000EE3503F0A0AE142
:1042300047A648EF23F051A848EF23F0E8EC35F00B
:1042400048EF23F0100E376E00C7E8FF460A2EE154
:1042500001C7E8FF410A000E05E001C7E8FF420A76
:10426000010E24E1E8CF1EF247A60ED01DC2E8FFE2
:10427000320A04E08CEC35F048EF23F051EC05F005
:10428000C3EC36F0C3EC29F01FC038F01E520CE02E
:104290000E01C6A969EC03F00001010E4BBA386E9D
:1042A0004AB4386E4AB6386E48EF23F000C7E8FFCC
:1042B000410A22E101C7E8FF430A06E11C52D8A4E3
:1042C0001BEC14F048EF23F001C7E8FF470A0AE1AE
:1042D0002052D8B448EF23F01C52D8A441EC14F07B
:1042E00048EF23F001C7E8FF4E0A06E11C52D8A4AC
:1042F00058EC14F048EF23F000C7E8FF420A22E12F
:1043000001C7E8FF430A06E11C52D8A4A8EC14F048
:1043100048EF23F001C7E8FF490A06E11C52D8A480
:1043200002EC14F048EF23F001C7E8FF500A0AE15D
:104330001C52D8B448EF23F051EC05F076EC19F09C
:1043400048EF23F000C7E8FF430A0DE101C7E8FF8B
:104350004F0A09E147B648EF23F01C52D8A4C8EC35
:1043600014F048EF23F000C7E8FF470A0EE101C749
:10437000E8FF540A0AE11C52D8B448EF23F051EC8C
:1043800005F05DEC16F048EF23F000C7E8FF490A9E
:1043900008E101C7E8FF460A04E1EAEC0BF048EF48
:1043A00023F000C7E8FF4B0A0EE101C7E8FF530AFC
:1043B0000AE11C52D8B448EF23F051EC05F0DAECD6
:1043C00016F048EF23F000C7E8FF4D0A45E101C7AA
:1043D000E8FF430A06E198EC35F0C6EC35F048EF0B
:1043E00023F001C7E8FF440A08E102C73CF01C5271
:1043F000D8A4FFEC0CF048EF23F001C7E8FF470A10
:104400000AE11C52D8B448EF23F051EC05F03AEC25
:1044100017F048EF23F001C7E8FF4C0A0AE11C52ED
:10442000D8B448EF23F051EC05F074EC17F048EFE6
:1044300023F001C7E8FF520A0FE1519847A648EF61
:1044400023F01DC2E8FF320AD8B448EF23F0E8ECAD
:1044500035F0518848EF23F000C7E8FF4E0A26E107
:1044600001C7E8FF420A06E11C52D8A441EC18F04B
:1044700048EF23F001C7E8FF4C0A0AE11C52D8B408
:1044800048EF23F051EC05F085EC18F048EF23F0ED
:1044900001C7E8FF520A0AE11C52D8B448EF23F0E2
:1044A00051EC05F099EC18F048EF23F000C7E8FF55
:1044B000500A41E101C7E8FF410A08E147B606D0CA
:1044C0001C52D8A4BBEC17F048EF23F001C7E8FF5B
:1044D000430A23E102C7E8FFD00FE8CF10F303C778
:1044E000E8FFD00FE8CF11F304C7E8FFD00FE8CF03
:1044F00012F3F3EC05F014C300F0F0C1E8FF00C0C4
:10450000F0F1001818E01C52D8B448EF23F051EC39
:1045100005F008EC18F048EF23F001C7E8FF530A54
:104520000AE102C7E8FF310AD8B448EF23F0010ED0
:104530003D6E48EF23F000C7E8FF520A36E101C79D
:10454000E8FF410A06E11C52D8A4B6EC19F048EF86
:1045500023F001C7E8FF470A0AE12052D8B448EF28
:1045600023F01C52D8A441EC14F048EF23F001C70B
:10457000E8FF4C0A0CE147B60AD01C52D8B448EF09
:1045800023F051EC05F06BEC19F048EF23F001C774
:10459000E8FF540A0AE11C52D8B448EF23F051EC6A
:1045A00005F011EC1AF048EF23F000C7E8FF530ABA
:1045B0002DE101C7E8FF440A0AE11C52D8B448EFD4
:1045C00023F051EC05F046EC13F048EF23F001C75F
:1045D000E8FF460A0AE11C52D8B448EF23F051EC38
:1045E00005F024EC1AF048EF23F001C7E8FF480A71
:1045F0000DE147B648EF23F01C52D8B448EF23F042
:1046000051EC05F060EC1AF048EF23F000C7E8FF2A
:10461000560A2EE101C7E8FF440A0AE11C52D8B449
:1046200048EF23F051EC05F0D1EC20F048EF23F0F7
:1046300001C7E8FF470A0AE11C52D8B448EF23F04B
:1046400051EC05F0B7EC13F048EF23F001C7E8FF99
:10465000530A04E1CFEC13F048EF23F001C7E8FF61
:10466000580A06E11C52D8A4E5EC13F048EF23F0F9
:1046700000C7E8FF580A0CE101C7E8FF540A08E147
:104680001C52D8B405D051EC05F0F3EC20F000D06A
:104690002C6A2F6A4C92000EE8CFC8FFE8CFC7FF04
:1046A0001200000EE8CF27F23CEC05F0000EFB6E86
:1046B000460EFA6E0544016EC20E0124D8B0FA2AE5
:1046C000F96E10D03CD0C3D0E6D030D1B3D116D2E1
:1046D00071D2B1D222D37BD3D1D375D375D375D355
:1046E00075D312004BBCADEF28F04ABE17D04BAAD1
:1046F00004D0E4EC09F0AFEF28F04BB80BD04BB688
:1047000005D04F9403EC0BF0AFEF28F0E7EC12F07C
:10471000AFEF28F01AEC12F0AFEF28F04BBAADEF84
:1047200028F04BB80AD04BB604D021EC0BF0AFEF19
:1047300028F01EEC13F0AFEF28F0ADEF28F04ABEE2
:104740002BD04BAA04D0E4EC09F0AFEF28F04BB823
:1047500021D04BB618D04BBCADEF28F0000EF86E50
:104760008A0EF76E6C0EF66E70EC06F0AAEC36F060
:10477000530ED2EC02F0560ED2EC02F03B0ED2EC0D
:1047800002F0AFEF28F04BBCADEF28F087EC36F02D
:10479000AFEF28F0ADEF28F04BBAADEF28F04BB8F3
:1047A00054D04BB630D04BBC1AD0000EF86E890EE8
:1047B000F76EA20EF66E70EC06F058EC05F0F4EC15
:1047C0002FF058EC05F0000EF86E800EF76E900E8C
:1047D000F66E70EC06F0B5EC33F0AFEF28F0020E99
:1047E000E8CF22F6040EE8CF23F6476A478829EC83
:1047F00038F0000EF86E890EF76EA20EF66E70ECB1
:1048000006F0AFEF28F04BBC0CD0000EF86E8A0E0D
:10481000F76E2C0EF66E70EC06F04DEC30F0AFEF4C
:1048200028F0050EE8CF22F6000EE8CF23F6476AFF
:10483000478829EC38F0000EF86E8A0EF76E2C0EC1
:10484000F66E70EC06F0AFEF28F0ADEF28F04BBC41
:10485000ADEF28F04ABE12D04BAA04D0E4EC09F028
:10486000AFEF28F04BB808D04BB604D0E3EC11F012
:10487000AFEF28F0ADEF28F0ADEF28F04BBAADEF79
:1048800028F04BB806D04BB602D0ADEF28F0ADEF14
:1048900028F0ADEF28F04ABE30D04BBAADEF28F08B
:1048A0004BB61DD04BA80DD000D04B964B98000EA8
:1048B000F86E7E0EF76E1C0EF66E70EC06F0B3EF1F
:1048C00028F04B864B98000EF86E7E0EF76E0A0E9F
:1048D000F66E70EC06F001EC05F0B3EF28F04B88B3
:1048E0004B96000EF86E7E0EF76E120EF66E70ECA2
:1048F00006F001EC05F0B3EF28F04BBAADEF28F06D
:104900004BB6ADEF28F04BB8ADEF28F0498210C0A0
:1049100000F0000E106E488847846FEC39F048981C
:10492000479400C010F04992AFEF28F04ABE45D03E
:104930004BAA04D0E4EC09F0AFEF28F04BB81ED03E
:104940004BB61BD04F944BBC04D0C2EC0FF0AFEF72
:1049500028F0170EE8CF22F6010EE8CF23F6476ABB
:10496000478829EC38F0000EF86E810EF76E360E8F
:10497000F66E70EC06F0AFEF28F0EFD350A4EDD355
:104980004F844BBC04D0C2EC0FF0AFEF28F0170EF1
:10499000E8CF22F6010EE8CF23F6476A478829ECD4
:1049A00038F032EC38F0000EF86E810EF76E360EED
:1049B000F66E70EC06F0AFEF28F04BBACED34BB8E2
:1049C0001CD04BB619D04F944BBC03D06AEC10F0FE
:1049D000C6D3180EE8CF22F6010EE8CF23F6476AB9
:1049E000478829EC38F0000EF86E810EF76E640EE1
:1049F000F66E70EC06F0B3D3B0D350A4AED34F84B0
:104A00004BBC03D06AEC10F0AAD3180EE8CF22F604
:104A1000010EE8CF23F6476A478829EC38F032ECDC
:104A200038F0000EF86E810EF76E640EF66E70ECC4
:104A300006F095D34ABE49D04BAA03D0E4EC09F066
:104A40008ED34BB822D04BB619D04BBC04D04F9468
:104A500041EC0BF084D3210EE8CF22F6010EE8CF13
:104A600023F6476A478829EC38F0000EF86E820E6C
:104A7000F76E3C0EF66E70EC06F071D34BBC6DD346
:104A8000340E406E53EC11F06AD350B803D050B4DA
:104A900001D065D34F844BBC03D041EC0BF05FD306
:104AA000210EE8CF22F6010EE8CF23F6476A4788A9
:104AB00029EC38F032EC38F0000EF86E820EF76E0A
:104AC0003C0EF66E70EC06F04AD34BBC46D34BBAA4
:104AD00044D34BB80CD04BB605D0350E406E53ECDA
:104AE00011F03DD3360E406E53EC11F038D350B078
:104AF00034D3330E406E53EC11F031D34ABE44D060
:104B00004BAA03D0E4EC09F02AD34BB835D04BB60E
:104B100019D04BBC04D04F94CBEC11F020D3140E21
:104B2000E8CF22F6020EE8CF23F6476A478829EC41
:104B300038F0000EF86E890EF76E0C0EF66E70EC03
:104B400006F00DD350B009D34BBC03D02DEC11F0BF
:104B500006D3150EE8CF22F6010EE8CF23F6476AFA
:104B6000478829EC38F0000EF86E8A0EF76E880E32
:104B7000F66E70EC06F0F3D24BBCEFD250A4EDD23F
:104B80004F84CBEC11F0EBD24BBCE7D24BBAE5D261
:104B90004BB807D04BB604D04F94DAEC10F0DFD20C
:104BA000DCD250B803D050B401D0D7D24F84DAEC65
:104BB00010F0D5D24ABE28D04BB825D04BB622D063
:104BC0004BBA03D04BBC0BD017D04B9A000EF86EEB
:104BD0007C0EF76EB20EF66E70EC06F0C0D24B9CF7
:104BE0004B8A000EF86E820EF76EBE0EF66E70ECFB
:104BF00006F001EC05F0B7D24B8C29EC38F001EC53
:104C000005F0B1D2AAD2A9D24BBAA7D24BB812D0D2
:104C10004BB60FD0498010C000F0000E106E4888CF
:104C200047846FEC39F04898479400C010F04990E1
:104C300096D293D292D24ABE3FD04BAA03D0E4EC94
:104C400009F08DD24BB830D04BB606D04BBC85D2D4
:104C50004F9447EC0FF083D250B07FD24F944BBCAF
:104C600010D0CCEC09F050B803D050B401D077D2BA
:104C7000140E0BEC06F058EC05F04F84CCEC09F068
:104C80006ED2200EE8CF22F6010EE8CF23F6476A57
:104C9000478829EC38F0000EF86E800EF76EC40ECF
:104CA000F66E70EC06F05BD24BBC57D250A455D2D6
:104CB0004F8447EC0FF053D24BBA4FD24BB825D0AC
:104CC0004BB608D04BBC49D250B047D24F94EBEC16
:104CD0000AF045D24BBC03D0B9EC09F040D24F8466
:104CE000200EE8CF22F6010EE8CF23F6476A478868
:104CF00029EC38F032EC38F0000EF86E800EF76ECA
:104D0000C40EF66E70EC06F02AD24BBC26D250A42C
:104D100024D24F84EBEC0AF022D24ABE34D04BAA04
:104D200003D0E4EC09F01BD24BB825D04BB606D02B
:104D30004BBC13D24F945FEC0FF011D24BBC08D098
:104D400031EC0CF00F0E0BEC06F04CEC0CF007D233
:104D50000B0EE8CF22F6030EE8CF23F6476A47880A
:104D600029EC38F0000EF86E810EF76E180EF66E14
:104D700070EC06F0F4D14BBCF0D150A4EED14F84CE
:104D80005FEC0FF0ECD14BBAE8D14BB81BD04BB66F
:104D900018D04BBC03D0F4EC0EF0E1D10C0EE8CFF0
:104DA00022F6030EE8CF23F6476A478829EC38F04D
:104DB000000EF86E810EF76E0C0EF66E70EC06F0BB
:104DC000CED1CBD1CAD1CCD0EED027D181D14ABE61
:104DD00031D04BAA03D0E4EC09F0C1D14BB822D0BA
:104DE0004BB606D04BBCB9D14F9477EC0FF0B7D18E
:104DF00050B0B3D14BBC03D0F6EC0FF0B0D10E0ED7
:104E0000E8CF22F6030EE8CF23F6476A478829EC5D
:104E100038F0000EF86E850EF76ECC0EF66E70EC64
:104E200006F09DD14BBC99D150A497D14F8477EC1B
:104E30000FF095D14BBA91D14BB81FD04BB618D0CB
:104E40004BBC03D0DBEC0FF08AD10D0EE8CF22F67D
:104E5000030EE8CF23F6476A478829EC38F0000EA6
:104E6000F86E810EF76E400EF66E70EC06F077D19C
:104E70004BBC73D10FEC0FF072D16FD14ABE42D050
:104E80004BAA03D0E4EC09F06AD14BB823D04BB65F
:104E900010D0498010C000F00D0E106E4888478475
:104EA0006FEC39F04898479400C010F04990499A47
:104EB00056D147B654D15AEC0BF00A0E0BEC06F063
:104EC000ECEC37F06EEC35F0320E0BEC06F08CECBF
:104ED00035F045D1410ED2EC02F0490ED2EC02F091
:104EE000310ED2EC02F03B0ED2EC02F0410E41EC5E
:104EF00006F0200E41EC06F0490E41EC06F077EC8E
:104F000007F02DD14BBA29D14BB812D04BB60FD0E8
:104F1000000EF86E7D0EF76E960EF66E70EC06F0D3
:104F2000476A478448886FEC39F0489813D115D107
:104F3000410ED2EC02F0490ED2EC02F0300ED2EC6F
:104F400002F03B0ED2EC02F0410E41EC06F0200ED6
:104F500041EC06F0490E41EC06F06EEC07F0FFD094
:104F60004BBCFBD04ABE10D04BAA03D0E4EC09F0F6
:104F7000F6D04BB808D04BB605D0310E406E53EC8E
:104F800011F0EDD0EAD0E9D04BBAE7D04BB80AD057
:104F90004BB607D050A4E1D0320E406E53EC11F066
:104FA000DED0DBD0DAD04ABE28D04BAA03D0E4EC66
:104FB00009F0D5D04BB820D04BB619D04BBC04D09B
:104FC0004F945FEC0CF0CBD0120EE8CF22F6020E1D
:104FD000E8CF23F6476A478829EC38F0000EF86ED0
:104FE000810EF76E900EF66E70EC06F0B8D04BBCEA
:104FF000B4D083EC10F0B3D0B0D04BBCAED04BBA31
:10500000ACD04BB809D04BB606D050A4A6D04F8434
:105010005FEC0CF0A4D0A1D0A0D04ABE4CD04BAADB
:1050200001D09BD04BB846D04BB637D04BBC22D02A
:105030001EC2E8FF010A0BE01EC2E8FF020A0EE0F2
:10504000000EF86E800EF76EB20EF66E0DD0000EEA
:10505000F86E800EF76EB60EF66E06D0000EF86E85
:10506000860EF76E1E0EF66E70EC06F0046A476A46
:10507000478270D01F0EE8CF22F60B0EE8CF23F642
:10508000476A478829EC38F0000EF86E8A0EF76EF2
:10509000660EF66E70EC06F062D04BBC5ED0000E71
:1050A000F86E7D0EF76EE20EF66E70EC06F063ECB5
:1050B0002BF055D052D04BBC50D04BBA4ED04BB841
:1050C00006D04BB601D049D024EC2BF048D045D0C7
:1050D0004BBC43D04ABE1AD04BAA03D0E4EC09F033
:1050E0003ED04BB812D04BB60FD0498010C000F064
:1050F0000B0E106E488847846FEC39F0489847943F
:1051000000C010F049902BD028D027D04BBA25D022
:105110004BB810D04BB603D02DEC39F020D0000E98
:10512000F86E830EF76EB00EF66E70EC06F0476AFE
:10513000478A15D04C7E000EF86E8A0EF76E800EF0
:10514000F66E70EC06F04CBE77EC07F04CAE6EECF1
:1051500007F005D001EC05F002D08FEC05F04BAC68
:105160004B964BAC4B9847A84F94056A0E01C699D5
:1051700000011200000EFB6E510EFA6E0544016E26
:105180008A0E0124D8B0FA2AF96E10D018D020D097
:1051900028D02AD032D03AD042D044D04CD054D0AB
:1051A0005CD05ED071D079D0BFD01200310E39EC16
:1051B00006F0042A310E056EA6EC29F0C3D0320E9B
:1051C00039EC06F0042A320E056EA6EC29F0BAD0AE
:1051D000330E39EC06F0042A330E056EA6EC29F0E6
:1051E000B1D08FEC05F0AED0340E39EC06F0042AC5
:1051F000340E056EA6EC29F0A5D0350E39EC06F07C
:10520000042A350E056EA6EC29F09CD0360E39EC3A
:1052100006F0042A360E056EA6EC29F093D08FEC2A
:1052200005F090D0370E39EC06F0042A370E056EE3
:10523000A6EC29F087D0380E39EC06F0042A380E97
:10524000056EA6EC29F07ED0390E39EC06F0042A62
:10525000390E056EA6EC29F075D08FEC05F072D0F2
:10526000096662D0060E041803E18FEC05F06AD0DF
:10527000000EF86E7B0EF76EB00EF66E70EC06F058
:1052800004C009F0092A5ED0300E39EC06F0042A79
:10529000300E056EA6EC29F055D03CEC05F04ABE68
:1052A00032D00452D8A432D01EC2E8FF000A13E064
:1052B00050BE01D004D01EC2E8FF010A18E0000E63
:1052C000F86E800EF76EB20EF66E70EC06F0000E01
:1052D000E8CF1EF237D0000EF86E800EF76EB60ED5
:1052E000F66E70EC06F0010EE8CF1EF22BD0000E29
:1052F000F86E860EF76E1E0EF66E70EC06F0020E5D
:10530000E8CF1EF21FD0A6EC0BF016D0000EF86E00
:105310007B0EF76EC40EF66E70EC06F0476A47809F
:1053200066EC2AF0046A10D0000EF86E7D0EF76E5F
:10533000EA0EF66E70EC06F0476A47804A6A046A25
:10534000096A02D001EC05F0056A12000450010A56
:1053500008E10B0E266E300E01EE30F0EE6E262EBA
:10536000FDD70C0E00C2E8FF041806E104068FEC1E
:1053700005F001EC05F006D001EE30F00450E8062F
:1053800005C0EBFF1200499A17EE02F0300EE662FC
:1053900009D0E6620BD0E6620DD0E6620FD0E6627D
:1053A00011D014D002C7E8FF41EC06F003C7E8FFB4
:1053B00041EC06F004C7E8FF41EC06F005C7E8FF42
:1053C00041EC06F006C7E8FF41EC06F02E0E41EC7A
:1053D00006F007C7E8FF41EC06F008C7E8FF41EC1C
:1053E00006F009C7E8FF41EC06F017EE0CF0300EAE
:1053F000E56205D0E5621FD0E56232D03ED0640E92
:1054000041EC06F06F0E41EC06F0740E41EC06F034
:105410000AC7E8FF41EC06F0200E41EC06F00BC78E
:10542000E8FF41EC06F0200E41EC06F00CC7E8FF67
:1054300041EC06F022D0640E41EC06F06F0E41EC18
:1054400006F0740E41EC06F00AC7E8FF41EC06F0E6
:10545000200E41EC06F00BC7E8FF41EC06F00DD042
:10546000640E41EC06F06F0E41EC06F0740E41EC58
:1054700006F00AC7E8FF41EC06F058EC05F017EE1D
:1054800002F021EE3CF04ABC21EE48F0E6CFDEFF10
:10549000E6CFDEFFE6CFDEFFE6CFDEFFE6CFDEFFC4
:1054A000E6CFDEFFE6CFDEFFE6CFDEFFE6CFDEFFB4
:1054B000E6CFDEFFE6CFDEFF4C904AAC4A944ABC12
:1054C0004A9649AC02D04ABC499C1200300E006E8C
:1054D00001EE30F004C026F00952D8B404D0091C03
:1054E000070F086E61D0030E041824E1000EEB5084
:1054F000390A20E1010EEB50390A1CE1020EEB5093
:10550000390A18E1320E0BEC06F0000EF86E7F0E31
:10551000F76E0A0EF66E70EC06F0C80E0BEC06F095
:10552000F29EF29C88EC3DF099EC3DF0C80E0BEC3D
:1055300006F0FF00030E041818E1000EEB50370AC6
:1055400014E1010EEB50370A10E1020EEB50370A5E
:105550000CE1320E0BEC06F0000EF86E8A0EF76EC0
:10556000A80EF66E70EC06F06ED0040E086E010EFA
:1055700004181AE0030E086E020E041815E0020E5D
:10558000086E030E041810E0040E086E040E0418D2
:105590000BE0030E086E050E041806E0020E086EFE
:1055A000060E041801E04FD026062650EBCF2BF054
:1055B00000C0EBFF08242BC0EBFF2652D8A4F4D781
:1055C00050B0A6EC0BF0460ED2EC02F01EC2E8FF83
:1055D000010A420E06E01EC2E8FF020A430E01E085
:1055E000410ED2EC02F04EAE4A844EBE4A86080E00
:1055F00050B8090E266E086A01EE33F050B801EE7D
:1056000032F00850EBCFE8FFD2EC02F0082A262E49
:10561000F3D73B0ED2EC02F0096A30C111F631C16A
:1056200012F632C113F633C114F634C115F635C182
:1056300016F636C117F637C118F638C119F639C152
:105640001AF63AC11BF61200460EE8CFB0F11EC2A0
:10565000E8FF010A420E05E01EC2E8FF020A65E00B
:10566000410EE8CFB1F13B0EE8CFB2F14FEC09F0BB
:105670004FA227D002C711F603C712F604C713F6CC
:1056800005C714F606C715F607C716F608C717F6B6
:1056900009C718F60AC719F60BC71AF60CC71BF686
:1056A000000EF86E7D0EF76EDA0EF66E70EC06F0F8
:1056B00008D0000EF86E860EF76E020EF66E70ECD5
:1056C00006F02C6A120011C6E8FF000A09E1000E7C
:1056D000F86E800EF76E9C0EF66E70EC06F02DD014
:1056E000460ED2EC02F01EC2E8FF010A420E05E0AF
:1056F0001EC2E8FF020A19E0410ED2EC02F04EAEE3
:105700004A844EBE4A860B0E266E086A06EE11F0DB
:105710000850EBCFE8FFD2EC02F0082A262EF6D78D
:105720003B0ED2EC02F0096A08D0000EF86E860E2D
:10573000F76E020EF66E70EC06F01200000EFB6EB5
:10574000570EFA6E0544016E520E0124D8B0FA2AA3
:10575000F96E10D018D020D028D050D058D060D0BA
:1057600068D088D090D098D0A0D0CBD0CBD0D3D098
:10577000FFD01200310E39EC06F0042A310E056E0E
:10578000DBEC2CF014D1320E39EC06F0042A320E88
:10579000056EDBEC2CF00BD1330E39EC06F0042A4D
:1057A000330E056EDBEC2CF002D1046AAAEC36F065
:1057B000430ED2EC02F0480ED2EC02F0300ED2ECE6
:1057C00002F03B0ED2EC02F0F4D00201242BD8B050
:1057D000232B000123C217F324C218F325C219F3A7
:1057E00026C21AF36FEC3DF006E2000EE8CF23F27A
:1057F000010EE8CF24F2A1EC35F0DBD0340E39EC09
:1058000006F0042A340E056EDBEC2CF0D0D0350EF9
:1058100039EC06F0042A350E056EDBEC2CF0C7D00F
:10582000360E39EC06F0042A360E056EDBEC2CF051
:10583000BED0046AAAEC36F0430ED2EC02F0480E59
:10584000D2EC02F0310ED2EC02F03B0ED2EC02F0C0
:10585000B0D002012453D8B423072407235307E10F
:10586000245305E1000125C223F226C224F2A1EC53
:1058700035F09FD0370E39EC06F0042A370E056E4E
:10588000DBEC2CF094D0380E39EC06F0042A380EFC
:10589000056EDBEC2CF08BD0390E39EC06F0042AC7
:1058A000390E056EDBEC2CF082D03CEC05F04ABEE4
:1058B0000CD0000EF86E860EF76E740EF66E70EC5D
:1058C00006F0010EE8CF27F272D0000EF86E8A0EB5
:1058D000F76E980EF66E70EC06F020C2E8FF41EC11
:1058E00006F021C2E8FF41EC06F022C2E8FF41ECDD
:1058F00006F040EC06F087EC0BF0320E0BEC06F0F5
:1059000044D036D0300E39EC06F0042A300E056E45
:10591000DBEC2CF04CD027C2E8FFE85017E0000E7B
:10592000F86E830EF76E760EF66E70EC06F03C0E97
:105930000BEC06F069EC36F0140E0BEC06F06EEC96
:1059400035F0476A47804A6A046A33D023C217F3A6
:1059500024C218F325C219F326C21AF36FEC3DF0E6
:1059600003E28FEC05F006D057EC2FF0046A21D04B
:1059700004520BE0000EF86E7D0EF76EEA0EF66E26
:1059800070EC06F04A6A046A12D0000EF86E830EBC
:10599000F76E680EF66E70EC06F0476A47804A6A4A
:1059A000046A6EEC35F0640E0BEC06F002D001ECEC
:1059B00005F0056A12000450010A07E1300EE8CF35
:1059C00020F2E8CF21F2E8CF22F2040E041806E11B
:1059D00004068FEC05F001EC05F016D0010E04185A
:1059E0000FE0020E041807E021C220F222C221F2C9
:1059F00005C022F207D022C221F205C022F202D055
:105A000005C022F2CFEC0BF01200AAEC36F04D0EDE
:105A1000E8CFB0F1430EE8CFB1F13B0EE8CFB2F1E1
:105A20004FEC09F04FA208D002C720F203C721F2C1
:105A300004C722F2CFEC0BF01200000EFB6E5A0EE0
:105A4000FA6E0544016E500E0124D8B0FA2AF96EA0
:105A500010D01DD02AD037D07BD083D08BD093D01C
:105A6000D7D0DFD0E7D0EFD021D13ED146D173D10E
:105A70001200310E056E3CEC05F04ABE07D0310E27
:105A800039EC06F0042A98EC32F079D130D0320E9D
:105A9000056E3CEC05F04ABE07D0320E39EC06F03C
:105AA000042A98EC32F06BD122D0330E056E3CEC18
:105AB00005F04ABE07D0330E39EC06F0042A98EC04
:105AC00032F05DD114D022C6E8FF020A19E022C6E6
:105AD000E8FF050A23E022C6E8FF1F0A2BE022C6E2
:105AE000E8FF0B0A07E022C6E8FF0E0A03E03BECE2
:105AF00038F045D1310EE8CF29F677EC07F03FD1E9
:105B0000320EE8CF29F6000EF86E890EF76E860E7B
:105B1000F66E70EC06F077EC07F031D1000EF86EFF
:105B2000830EF76E480EF66E70EC06F0320EE8CF7C
:105B300029F625D1000EF86E830EF76E480EF66E2C
:105B400070EC06F0042A2D0E056E98EC32F017D199
:105B5000340E39EC06F0042A340E056E98EC32F05F
:105B60000ED1350E39EC06F0042A350E056E98EC90
:105B700032F005D1360E39EC06F0042A360E056EE9
:105B800098EC32F0FCD022C6E8FF020A19E022C6E7
:105B9000E8FF050A23E022C6E8FF1F0A2BE022C621
:105BA000E8FF0B0A07E022C6E8FF0E0A03E03BEC21
:105BB00038F0E5D0300EE8CF29F66EEC07F0DFD0F4
:105BC000310EE8CF29F6000EF86E890EF76E920EB0
:105BD000F66E70EC06F077EC07F0D1D0000EF86EA0
:105BE000830EF76E420EF66E70EC06F0310EE8CFC3
:105BF00029F6C5D0000EF86E830EF76E420EF66ED3
:105C000070EC06F0042A2B0E056E98EC32F0B7D03B
:105C1000370E39EC06F0042A370E056E98EC32F098
:105C2000AED0380E39EC06F0042A380E056E98EC2A
:105C300032F0A5D0390E39EC06F0042A390E056E83
:105C400098EC32F09CD022C6E8FF020A0BE022C694
:105C5000E8FF050A13E022C6E8FF0E0A1BE03BEC52
:105C600038F08DD0300EE8CF29F6000EF86E7C0E9D
:105C7000F76EA00EF66E70EC06F081D0000EF86E96
:105C8000840EF76E6E0EF66E70EC06F0300EE8CFF6
:105C900029F675D0000EF86E870EF76E440EF66E7C
:105CA00070EC06F0320EE8CF29F669D023C6E8FF83
:105CB000040A0EE109660CD0000EF86E7B0EF76E3A
:105CC000B00EF66E70EC06F004C009F0092A57D049
:105CD000000EF86E7D0EF76EF20EF66E70EC06F0AA
:105CE0004A6A046A096A4DD0300E39EC06F0042A7B
:105CF000300E056E98EC32F042D029C6E8FFFF0A5C
:105D000011E1045215E129C6E8FFB0EC06F058ECA9
:105D100005F0000EF86E890EF76EAA0EF66E70ECA6
:105D200006F02DD0C3EC2EF04FA21DD0045204E09B
:105D3000C8EC31F04FA217D0000EF86E890EF76E46
:105D4000F40EF66E22C6E8FF000AD8A470EC06F046
:105D500023EC35F008D0000EF86E7D0EF76EEA0EDB
:105D6000F66E70EC06F0476A4780FF0EE8CF29F622
:105D70004A6A4B964B984B9C046A096A02D001EC24
:105D800005F0056A120022C6E8FF020A05E1F4ECFC
:105D90002FF04FA223D02BD022C6E8FF050A05E141
:105DA0004DEC30F04FA21AD022D022C6E8FF0B0AE9
:105DB00005E143EC2FF04FA211D019D022C6E8FF25
:105DC0000E0A05E1AAEC2FF04FA208D010D034EC57
:105DD00007F00A0EB0EC06F04F9209D0000EF86EF4
:105DE000890EF76EBC0EF66E70EC06F04F92120044
:105DF0004F8224C6E8FF300FE8CF24F6AAEC36F035
:105E0000470ED2EC02F0540ED2EC02F0300E4FB43A
:105E1000310ED2EC02F024C6E8FFD2EC02F03B0EC9
:105E2000D2EC02F012004F82300EE8CF1FF250B8D1
:105E300003D050B401D00ED012EC38F04FA222D0D3
:105E400002C71FF24FA406D0310EE8CF1FF2640E36
:105E50000BEC06F024C6E8FF300FE8CF24F6AAECDE
:105E600036F0410ED2EC02F04E0ED2EC02F01FC220
:105E7000E8FFD2EC02F024C6E8FFD2EC02F03B0EC1
:105E8000D2EC02F012004F82AAEC36F04B0ED2ECAC
:105E900002F0520ED2EC02F029C6E8FFD2EC02F07A
:105EA0003B0ED2EC02F00A0E0BEC06F01200AAEC4C
:105EB00036F04D0EE8CFB0F1430EE8CFB1F13B0E16
:105EC000E8CFB2F14FEC09F04FA243D00A0E0BEC31
:105ED00006F002C700F020C2E8FF001823E103C764
:105EE00000F021C2E8FF00181DE104C700F022C243
:105EF000E8FF001817E1AAEC36F04D0ED2EC02F0E4
:105F0000520ED2EC02F020C2E8FFD2EC02F021C225
:105F1000E8FFD2EC02F022C2E8FFD2EC02F03B0E26
:105F2000D2EC02F0AAEC36F04D0ED2EC02F0430EA9
:105F3000D2EC02F020C2E8FFD2EC02F021C2E8FF6E
:105F4000D2EC02F022C2E8FFD2EC02F03B0ED2EC1F
:105F500002F012004F82AAEC36F0500ED2EC02F0A2
:105F6000520ED2EC02F050B807D050B605D029C678
:105F7000E8FFD2EC02F01CD029C600F0300E001869
:105F800007E1300ED2EC02F0310ED2EC02F010D06C
:105F9000310E001807E1300ED2EC02F0320ED2ECD6
:105FA00002F006D0310ED2EC02F0320ED2EC02F04A
:105FB0003B0ED2EC02F0300E001815E10F0E0BEC88
:105FC00006F0500ED2EC02F0520ED2EC02F0310E7E
:105FD000D2EC02F0310ED2EC02F03B0ED2EC02F029
:105FE0000A0E0BEC06F01200300EE8CF1FF250A4A0
:105FF00009D012EC38F04FA24FD002C71FF2640E46
:106000000BEC06F0AAEC36F0430EE8CFB0F1540EDC
:10601000E8CFB1F11FC2E8FFE8CFB2F13B0EE8CF05
:10602000B3F14FEC09F04FA237D047B805D003C702
:1060300029F6FCEC15F030D003C700F029C6E8FFC4
:1060400000182AE00A0E0BEC06F0AAEC36F0430E1C
:10605000E8CFB0F1540EE8CFB1F11FC2E8FFE8CFAE
:10606000B2F129C6E8FFE8CFB3F13B0EE8CFB4F1B7
:106070004FEC09F04FA210D003C729F609D0000E4B
:10608000F86E8A0EF76E240EF66E70EC06F004D0F1
:10609000140E4FB20BEC06F01200DAEC0CF04FA22B
:1060A00065D03C50340A57E10A0E0BEC06F0300E76
:1060B000E8CF1FF250A409D012EC38F04FA256D00E
:1060C00002C71FF2640E0BEC06F0AAEC36F04F0E7E
:1060D000E8CFB0F1530EE8CFB1F11FC2E8FFE8CF2F
:1060E000B2F13B0EE8CFB3F14FEC09F04FA23ED036
:1060F00047B805D003C729F693EC17F037D003C78C
:1061000000F029C6E8FF001831E00A0E0BEC06F09B
:10611000AAEC36F04F0EE8CFB0F1530EE8CFB1F154
:106120001FC2E8FFE8CFB2F129C6E8FFE8CFB3F11C
:106130003B0EE8CFB4F14FEC09F04FA217D003C7E4
:1061400029F614D0000EF86E8A0EF76E240EF66E45
:1061500070EC06F00BD0000EF86E840EF76E780E21
:10616000F66E70EC06F058EC05F04F9212004F827C
:1061700024C6E8FF300FE8CF24F6AAEC36F0500E24
:10618000D2EC02F0410ED2EC02F0300E4FB4310EE0
:10619000D2EC02F024C6E8FFD2EC02F03B0ED2ECC7
:1061A00002F012004F8250B808D050A406D024C686
:1061B000E8FFD9EC37F0E8CF24F6AAEC36F0500E21
:1061C000D2EC02F0430ED2EC02F024C6E8FFFCEC65
:1061D00006F0300FD2EC02F024C6E8FF11EC07F015
:1061E000300FD2EC02F024C6E8FF27EC07F0300FA6
:1061F000D2EC02F03B0ED2EC02F012004F8250B80B
:1062000009D050B401D090D224C6E8FF37EC37F063
:10621000E8CF24F6AAEC36F0500ED2EC02F04C0E89
:10622000D2EC02F024C6E8FFFCEC06F0300FD2EC12
:1062300002F024C6E8FF11EC07F0300FD2EC02F0B8
:1062400024C6E8FF27EC07F0300FD2EC02F03B0E3B
:10625000D2EC02F012004F8224C6E8FF300FE8CFE4
:1062600024F6AAEC36F0520ED2EC02F0410ED2EC3B
:1062700002F0300E4FB4310ED2EC02F024C6E8FF2B
:10628000D2EC02F03B0ED2EC02F012004F82300E44
:10629000E8CF1FF250B803D050B401D009D012ECAF
:1062A00038F04FA21DD002C71FF2640E0BEC06F0AF
:1062B00024C6E8FF300FE8CF24F6AAEC36F0520EE1
:1062C000D2EC02F0460ED2EC02F01FC2E8FFD2EC94
:1062D00002F024C6E8FFD2EC02F03B0ED2EC02F052
:1062E00012004F82300EE8CF1FF250B803D050B4E6
:1062F00001D009D012EC38F04FA22BD002C71FF208
:10630000640E0BEC06F0AAEC36F0530ED2EC02F061
:10631000480ED2EC02F01FC2E8FFD2EC02F0300EC1
:1063200050B8D2EC02F0300E04B0D2EC02F030C122
:10633000E8FF04B0D2EC02F030C1E8FF04B2D2ECC6
:1063400002F031C1E8FF04B2D2EC02F03B0ED2EC15
:1063500002F012004F82AAEC36F04B0ED2EC02F0A3
:10636000530ED2EC02F0300ED2EC02F024C6E8FF5D
:1063700011EC07F0300FD2EC02F024C6E8FF27EC56
:1063800007F0300FD2EC02F03B0ED2EC02F012001C
:1063900022C6E8FF020A03E1B5EC33F0C8D022C6FA
:1063A000E8FF050A01E1C3D0B4EC32F014C324F6CF
:1063B00022C6E8FF200A11E113EC2FF04F941FC210
:1063C000E8FFE8B04F84140E0BEC06F04FB2CCECB3
:1063D00009F0000EE8CF22F6AAD022C6E8FF210A73
:1063E0000CE1F8EC2EF0140E0BEC06F04FB241EC81
:1063F0000BF0000EE8CF22F69AD022C6E8FF0B0A77
:1064000003E1AAEC31F093D022C6E8FF120A0EE1B4
:1064100024C63CF069EC0CF0140E0BEC06F04FB205
:106420005FEC0CF0000EE8CF22F681D022C6E8FF28
:106430001F0A0CE1ECEC32F0140E0BEC06F04FB23C
:1064400057EC33F0000EE8CF22F671D022C6E8FFF9
:106450000C0A0CE189EC33F0140E0BEC06F04FB291
:10646000F4EC0EF0000EE8CF22F661D022C6E8FF71
:10647000170A0CE1B7EC30F0140E0BEC06F04FB23B
:10648000C2EC0FF0000EE8CF22F651D022C6E8FF92
:106490000D0A0CE1D2EC30F0140E0BEC06F04FB20A
:1064A000DBEC0FF0000EE8CF22F641D022C6E8FF69
:1064B0000E0A03E1FEEC30F03AD022C6E8FF180ADB
:1064C0000CE12BEC31F0140E0BEC06F04FB26AEC41
:1064D00010F0000EE8CF22F62AD022C6E8FF150AF7
:1064E00011E146EC31F04F941FC2E8FFE8B04F8451
:1064F000140E0BEC06F04FB22DEC11F0000EE8CFAD
:1065000022F615D022C6E8FF140A11E171EC31F031
:106510004F941FC2E8FFE8B04F84140E0BEC06F056
:106520004FB2CBEC11F0000EE8CF22F600D01200F3
:106530000450010A08E123C626F0300E01EE30F0C7
:10654000EE6E262EFDD723C6E8FF046406D00406AF
:106550003BEC38F001EC05F006D001EE30F00450D1
:10656000E80605C0EBFF1200300E006E01EE30F0C1
:1065700004C026F0000EE8CF0EF3E8CF0FF3E8CF0B
:1065800010F3E8CF11F3010E041806E130C1E8FF63
:10659000D00FE8CF12F31DD0020E04180BE130C16A
:1065A000E8FFD00FE8CF11F331C1E8FFD00FE8CFFB
:1065B00012F30FD030C1E8FFD00FE8CF10F331C194
:1065C000E8FFD00FE8CF11F332C1E8FFD00FE8CFDA
:1065D00012F312EC3DF01200000EF86E8A0EF76E08
:1065E000660EF66E70EC06F0AAEC36F011EEB0F026
:1065F000450EE66E580EE66E300E50B0E66E50B8A0
:10660000E66E30C1E6FF300E50B8E66E31C1E6FFEF
:1066100050B006D032C1E6FF50A802D033C1E6FF29
:106620003B0EE66E4FEC09F04FA240D0030E50B87F
:10663000040E50B0020E046439D00A0E0BEC06F0C2
:1066400011EE30F004C026F0AAEC36F0450ED2EC84
:1066500002F0580ED2EC02F0300E50B0D2EC02F044
:1066600050B8D2EC02F0E650D2EC02F02606300E22
:1066700050B8D2EC02F0E650D2EC02F02606E6501A
:10668000D2EC02F0262EFBD73B0ED2EC02F0010E2C
:10669000046E140E0BEC06F0A7D7000EF86E890EF0
:1066A000F76EE20EF66E70EC06F04F92120050B8E4
:1066B0000DD002C7E8FF41EC06F003C7E8FF41EC4C
:1066C00006F004C7E8FF41EC06F010D003C7E8FF6E
:1066D00041EC06F005C7E8FF41EC06F006C7E8FF0D
:1066E00041EC06F007C7E8FF41EC06F058EC05F076
:1066F00017EE05F050B817EE08F0E6CF00F03B0EAD
:10670000001804E0005041EC06F0F7D740EC06F02A
:1067100012004F8250B808D050B606D024C6E8FF09
:1067200037EC37F0E8CF24F6AAEC36F04D0ED2EC79
:1067300002F0470ED2EC02F024C6E8FFFCEC06F0B3
:10674000300FD2EC02F024C6E8FF11EC07F0300F56
:10675000D2EC02F024C6E8FF27EC07F0300FD2ECB1
:1067600002F03B0ED2EC02F01200300EE8CF1FF226
:1067700050A409D012EC38F04FA25ED002C71FF22D
:10678000640E0BEC06F0AAEC36F0430EE8CFB0F145
:106790004E0EE8CFB1F11FC2E8FFE8CFB2F13B0ED9
:1067A000E8CFB3F14FEC09F04FA276D447B807D049
:1067B00003C725F604C726F6BEEC1EF03DD01DEC3F
:1067C00034F003C700F025C6E8FF001806E104C74F
:1067D00000F026C6E8FF00182FE00A0E0BEC06F0CA
:1067E000AAEC36F0430EE8CFB0F14E0EE8CFB1F18F
:1067F0001FC2E8FFE8CFB2F125C6E8FFE8CFB3F14A
:1068000026C6E8FFE8CFB4F13B0EE8CFB5F14FEC78
:1068100009F04FA211D003C725F604C726F6140EBF
:106820000BEC06F009D0000EF86E890EF76EE20E42
:10683000F66E70EC06F04F921200030E04600CD05E
:10684000020E0418D8A416EF35F031C132F130C170
:1068500031F1300EE8CF30F130C1E8FFD00FE8CF92
:1068600010F331C1E8FFD00FE8CF11F332C1E8FFD8
:10687000D00FE8CF12F3F3EC05F014C300F0000ED4
:10688000526E536E430E001866E0532A450E0018F0
:1068900062E0532A470E00185EE0532A4A0E0018A1
:1068A0005AE0532A4D0E001856E0532A4F0E001896
:1068B00052E0532A520E00184EE0532A550E00188B
:1068C0004AE0532A580E001846E0532A5B0E00187F
:1068D00042E0010E526E000E536E5E0E00183BE059
:1068E000532A610E001837E0532A640E001833E073
:1068F000532A670E00182FE0532A6B0E00182BE066
:10690000532A6E0E001827E0532A720E001823E057
:10691000532A760E00181FE0532A7B0E00181BE046
:10692000532A7F0E001817E0020E526E000E536EAF
:10693000830E001810E0532A880E00180CE0532A2A
:106940008D0E001808E0532A920E001804E0532A16
:10695000970E001801E16FD0532A9C0E00186BE0CF
:10696000532A9F0E001867E0532AA20E001863E016
:10697000532AA50E00185FE0532AA70E00185BE00B
:10698000030E526E000E536EAB0E001854E0532AE5
:10699000AD0E001850E0532AB10E00184CE0532AF7
:1069A000B30E001848E0532AB70E001844E0532AEB
:1069B000BA0E001840E0532ABD0E00183CE0532ADE
:1069C000C00E001838E0532AC40E001834E0532AD1
:1069D000C70E001830E0040E526E000E536ECB0E40
:1069E000001829E0532ACE0E001825E0532AD20EB3
:1069F000001821E0532ADA0E00181DE0532AE10E98
:106A0000001819E0532AE50E001815E0532AE90E84
:106A1000001811E0532AF10E00180DE0532AFA0E67
:106A2000001809E0532AFE0E001805E034EC07F0C8
:106A3000000E526E536E300E5226532652C025F66B
:106A400053C026F6120022C6E8FF020A1AE1479850
:106A5000000EF86E890EF76EA20EF66E70EC06F060
:106A600058EC05F0FCEC15F058EC05F0000EF86E53
:106A7000800EF76E900EF66E70EC06F0B5EC33F00B
:106A800020D022C6E8FF050A03E193EC17F019D0E5
:106A900022C6E8FF0B0A0BE1140E0BEC06F031ECFA
:106AA0000CF00F0E0BEC06F04CEC0CF00AD022C6EA
:106AB000E8FF0E0A06E1140E0BEC06F0F6EC0FF000
:106AC00000D01200AAEC36F0460ED2EC02F0410ED5
:106AD000D2EC02F03B0ED2EC02F012000A0E0BECEC
:106AE00006F0AAEC36F0560ED2EC02F04D0ED2ECC7
:106AF00002F03B0ED2EC02F012000A0E0BEC06F094
:106B0000AAEC36F0560ED2EC02F0530ED2EC02F0A4
:106B10003B0ED2EC02F01200AAEC36F04D0ED2EC95
:106B200002F0430ED2EC02F03B0ED2EC02F0120067
:106B300002C720F203C721F204C722F2CFEC0BF008
:106B40001200AAEC36F04D0EE8CFB0F1520EE8CFAD
:106B5000B1F123C213F324C214F337EC3DF010C398
:106B6000E8FF300FE8CFB2F111C3E8FF300FE8CFF4
:106B7000B3F112C3E8FF300FE8CFB4F13B0EE8CF1A
:106B8000B5F14FEC09F0E8EC35F01200AAEC36F064
:106B900051884D0ED2EC02F0520ED2EC02F023C21C
:106BA00013F324C214F337EC3DF010C3E8FF300FA9
:106BB000D2EC02F011C3E8FF300FD2EC02F012C3A6
:106BC000E8FF300FD2EC02F03B0ED2EC02F01200E4
:106BD00051EC05F017EE00F0020E2D1804E100C78D
:106BE000E8FF3F0A09E0180E2D645AD001C7E8FFFC
:106BF000520AD8A45EEF36F01C5208E0000EF86E80
:106C0000830EF76E5E0EF66E70EC06F023C213F381
:106C100024C214F337EC3DF010C3E8FF300F41EC11
:106C200006F011C3E8FF300F41EC06F012C3E8FF95
:106C3000300F41EC06F040EC06F058EC05F0020E87
:106C40002D1810E04A9017EE05F027EE02F0080E1E
:106C5000266EE650DE6E300AD8A44A80262EF9D77A
:106C60004AB017D023C217F324C218F325C219F370
:106C700026C21AF36FEC3DF003E203EC0BF027D0D1
:106C8000000EF86E830EF76E9A0EF66E70EC06F03C
:106C90001ED0C3EC36F0C3EC29F040EC06F017D060
:106CA000000EF86E7F0EF76EA20EF66E70EC06F018
:106CB0002D50E4EC06F040EC06F009D0000EF86E22
:106CC0007F0EF76EB60EF66E70EC06F000D02D6AF1
:106CD0001200AAEC36F050B00AD04D0ED2EC02F001
:106CE000410ED2EC02F03B0ED2EC02F009D0560E6F
:106CF000D2EC02F0560ED2EC02F03B0ED2EC02F0D7
:106D0000000EE8CF27F2140E0BEC06F01200000E76
:106D1000F86E8A0EF76E7A0EF66E70EC06F0AAEC3C
:106D200036F050B00AD0410ED2EC02F0420ED2EC56
:106D300002F03B0ED2EC02F009D0560ED2EC02F07B
:106D4000560ED2EC02F03B0ED2EC02F00F0E0BEC22
:106D500006F012004CA4FED75CEC03F00AEC06F03F
:106D600012002C5203E18FEC05F00CD017EE00F06E
:106D70002CC026F0E65041EC06F00D0E41EC06F07A
:106D8000262EF8D7120050B811D009C70CF708C743
:106D90000BF707C70AF706C709F705C708F704C7BF
:106DA00007F703C706F702C705F712D00AC70CF7A3
:106DB00009C70BF708C70AF707C709F706C708F797
:106DC00005C707F704C706F703C705F702C704F7A7
:106DD000300E50A8E8CF04F7E8CF03F7E8CF02F76A
:106DE00012000E01C69100014C94CE6ACD6A0E01CC
:106DF000CE91C681000112002CC03EF02C50E4EC74
:106E000006F027EE00F058EC05F0DECFE8FF41EC8D
:106E100006F03B0A02E03E2EF6D740EC06F01200E8
:106E200022EC37F012EC3DF014C3E8FFC6EC37F06B
:106E3000120022EC37F012EC3DF014C3E8FFAEEC88
:106E400037F01200000EE8CF0EF3E8CF0FF309EC95
:106E500038F0D00FE8CF10F300EC38F0D00FE8CFC7
:106E600011F3F7EC37F0D00FE8CF12F31200016EF8
:106E7000640E016402D0640E016E000EFB6E6E0E95
:106E8000FA6E0144016E900E0124D8B0FA2AF96E10
:106E9000000C030C060C080C0B0C0D0C100C120C47
:106EA000150C180C1A0C1D0C1F0C220C240C270C92
:106EB000290C2C0C2F0C310C340C360C390C3B0CDF
:106EC0003E0C400C430C460C480C4B0C4D0C500C2B
:106ED000520C550C580C5A0C5D0C5F0C620C640C77
:106EE000670C690C6C0C6F0C710C740C760C790CC3
:106EF0007B0C7E0C800C830C860C880C8B0C8D0C10
:106F0000900C920C950C980C9A0C9D0C9F0CA20C5A
:106F1000A40CA70CA90CAC0CAF0CB10CB40CB60CA7
:106F2000B90CBB0CBE0CC00CC30CC60CC80CCB0CF3
:106F3000CD0CD00CD20CD50CD80CDA0CDD0CDF0C3F
:106F4000E20CE40CE70CE90CEC0CEF0CF10CF40C8B
:106F5000F60CF90CFB0CFE0CFF0C1200006EFF0A85
:106F600002E1C80E12D00050006ED890E832002422
:106F7000E83A0F0BE8880024E832D890E832D8903D
:106F8000E8320024E8320024E8321200006EFF0AE2
:106F900002E1640E12000050D8900032D890003206
:106FA000D89000320026003200260032D8900030FF
:106FB0001200006ED8905232522652380F0B526E89
:106FC000D8B05288005052265232D89052325226AF
:106FD000536A533652501200000EF86E830EF76E4D
:106FE000500EF66E70EC06F0476A478612002DC010
:106FF0002FF017EE00F02F50FE0FE3502E6E120010
:107000002DC02FF017EE00F02F50FD0FE3502E6E25
:1070100012002DC02FF017EE00F02F50FC0FE350A0
:107020002E6E1200AAEC36F0560EE8CFB0F1530ED9
:10703000E8CFB1F13B0EE8CFB2F14FEC09F012000E
:10704000000EF86E7F0EF76E620EF66E70EC06F0B4
:107050001200000EF86E890EF76EF40EF66E70ECEC
:1070600006F01200000EF86E800EF76E5E0EF66EE1
:1070700070EC06F01200000EF86E7D0EF76E160E24
:10708000F66E70EC06F01200000EFB6E700EFA6EDB
:107090000544016E9E0E0124D8B0FA2AF96E10D074
:1070A00013D016D019D01CD01FD022D025D028D074
:1070B0002BD02ED031D034D037D03AD03DD01200A2
:1070C00056D863D896D84DD052D85FD89FD849D0DB
:1070D0004ED85BD8A8D845D04AD857D8B1D841D0D7
:1070E00046D860D886D83DD042D85CD88FD839D021
:1070F0003ED858D898D835D03AD854D8A1D831D01D
:1071000036D85DD876D82DD032D859D87FD829D066
:107110002ED855D888D825D02AD851D891D821D062
:1071200026D85AD866D81DD022D856D86FD819D0AC
:107130001ED852D878D815D03CEC05F04ABE04D001
:1071400016D84AD87DD80DD0000EF86E830EF76E93
:10715000CA0EF66E70EC06F0476A47804A6A046A07
:1071600004D040EC06F001EC05F0056A1200010EB7
:1071700041EC06F02250300F41EC06F0300E41ECAD
:1071800006F04A0E41EC06F01200300E41EC06F01B
:10719000360E41EC06F0390E41EC06F0370E41ECAC
:1071A00006F01200300E41EC06F0370E41EC06F00E
:1071B000370E41EC06F0300E41EC06F01200300EB6
:1071C00041EC06F0380E41EC06F0350E41EC06F0CD
:1071D000320E41EC06F01200300E41EC06F0390E92
:1071E00041EC06F0340E41EC06F0310E41EC06F0B5
:1071F0001200310E41EC06F0320E41EC06F0300E7A
:1072000041EC06F0390E41EC06F01200310E41EC73
:1072100006F0330E41EC06F0330E41EC06F0360E6C
:1072200041EC06F01200310E41EC06F0340E41EC58
:1072300006F0370E41EC06F0370E41EC06F0120076
:10724000310E41EC06F0360E41EC06F0330E41EC07
:1072500006F0330E41EC06F0120048AC0DD0000EE3
:10726000F86E7E0EF76E4E0EF66E70EC06F0236A28
:107270003CEC03F0489C0CD0000EF86E7E0EF76ECE
:10728000560EF66E70EC06F0238047EC03F0488C47
:10729000010E3D6E4D8079EC03F00E01C691C6954E
:1072A000C699CA9BCE91CE95CE990F01126B000163
:1072B000046A48904892246A4B964B984B9A120065
:1072C00049B0270649B2272A2728295CD8B42AC002
:1072D00027F02A28276029C027F027501200000E27
:1072E000FB6E720EFA6E1044016EF40E0124D8B0DB
:1072F000FA2AF96E14D03CD064D08CD0B4D0DCD053
:1073000004D12CD154D17FD1A5D1D1D188D2F6D1FD
:107310001CD237D25DD29FD2BAD2E0D2120011C0B5
:1073200027F0090E2A6E60EC39F0116E010E41EC67
:1073300006F011C0E8FFE4EC06F0560E41EC06F052
:107340000D0E41EC06F048A808D0000EF86E7B0E3A
:10735000F76ED00EF66E70EC06F047A495EF3CF099
:107360001150E4EC06F00D0E41EC06F095EF3CF008
:1073700012C027F00D0E2A6E60EC39F0126E010E6D
:1073800041EC06F012C0E8FFE4EC06F0530E41ECCD
:1073900006F00D0E41EC06F048A808D0000EF86E7D
:1073A0007B0EF76EDA0EF66E70EC06F047A495EFE2
:1073B0003CF01250E4EC06F00D0E41EC06F095EFB7
:1073C0003CF013C027F0630E2A6E60EC39F0136EA8
:1073D000010E41EC06F013C0E8FFE4EC06F0500E9D
:1073E00041EC06F00D0E41EC06F048A808D0000E66
:1073F000F86E7B0EF76EE20EF66E70EC06F047A4A8
:1074000095EF3CF01350E4EC06F00D0E41EC06F065
:1074100095EF3CF014C027F0090E2A6E60EC39F0AD
:10742000146E010E41EC06F014C0E8FFE4EC06F027
:10743000410E41EC06F00D0E41EC06F048A808D0D4
:10744000000EF86E7B0EF76EEA0EF66E70EC06F02C
:1074500047A495EF3CF01450E4EC06F00D0E41EC1F
:1074600006F095EF3CF015C027F0090E2A6E60EC8F
:1074700039F0156E010E41EC06F015C0E8FFE4ECA2
:1074800006F0450E41EC06F00D0E41EC06F048A862
:1074900008D0000EF86E7B0EF76EFA0EF66E70ECEA
:1074A00006F047A495EF3CF01550E4EC06F00D0E05
:1074B00041EC06F095EF3CF016C027F0090E2A6E5D
:1074C00060EC39F0166E010E41EC06F016C0E8FFD4
:1074D000E4EC06F0520E41EC06F00D0E41EC06F025
:1074E00048A808D0000EF86E7C0EF76E080EF66EF7
:1074F00070EC06F047A495EF3CF01650E4EC06F073
:107500000D0E41EC06F095EF3CF017C027F0630E2E
:107510002A6E60EC39F0176E010E41EC06F017C0D0
:10752000E8FFE4EC06F0460E41EC06F00D0E41ECEF
:1075300006F048A808D0000EF86E7C0EF76E120E0A
:10754000F66E70EC06F047A495EF3CF01750E4ECB3
:1075500006F00D0E41EC06F095EF3CF018C027F058
:10756000020E2A6E60EC39F0186E010E41EC06F046
:1075700018C0E8FFE4EC06F0580E41EC06F00D0EE2
:1075800041EC06F048A808D0000EF86E7C0EF76EAD
:10759000260EF66E70EC06F047A495EF3CF01850FE
:1075A000E4EC06F00D0E41EC06F095EF3CF019C04E
:1075B00027F00A0E2A6E60EC39F0196E010E41ECCC
:1075C00006F019C0E8FFE4EC06F04F0E41EC06F0BF
:1075D0000D0E41EC06F048A808D0000EF86E7C0EA7
:1075E000F76E2E0EF66E70EC06F047A495EF3CF0A9
:1075F0001950E4EC06F00D0E41EC06F047B497ECA0
:107600003CF095EF3CF01AC027F0010E2A6E60ECBA
:1076100039F01A6E48A808D0000EF86E7C0EF76E8E
:10762000360EF66E70EC06F047A47FD11A6609D0CC
:10763000000EF86E7C0EF76EA00EF66E70EC06F083
:1076400074D1000EF86E7C0EF76EAC0EF66E70EC18
:1076500006F06BD11BC027F01E0E2A6E040E296E99
:1076600060EC39F01B6E040A02E0488401D04894B3
:1076700048A808D0000EF86E7C0EF76E500EF66E1D
:1076800070EC06F047A451D11B50040A09E1000E2A
:10769000F86E7C0EF76EA00EF66E70EC06F045D11B
:1076A0001B50E4EC06F00D0E41EC06F03ED11CC080
:1076B00027F0010E2A6E60EC39F01C6E48A808D045
:1076C000000EF86E7C0EF76E680EF66E70EC06F02B
:1076D00047A42BD11C6609D0000EF86E7C0EF76E05
:1076E000A00EF66E70EC06F020D1000EF86E7C0E47
:1076F000F76EAC0EF66E70EC06F017D11EC027F0D8
:10770000010E2A6E60EC39F01E6E48A808D0000EFB
:10771000F86E7F0EF76EE00EF66E70EC06F047A482
:1077200004D11E6609D0000EF86E7C0EF76EA00E16
:10773000F66E70EC06F0F9D0000EF86E7C0EF76E67
:10774000AC0EF66E70EC06F0F0D01FC027F0320ED3
:107750002A6E0C0E296E60EC39F01F6E48A808D016
:10776000000EF86E7F0EF76EF80EF66E70EC06F0F7
:1077700047A4DBD01F50E4EC06F00D0E41EC06F000
:10778000D4D020C027F0010E2A6E60EC39F0206EB4
:1077900048A808D0000EF86E800EF76E2C0EF66E1C
:1077A00070EC06F047A4C1D0206609D0000EF86E38
:1077B0007C0EF76EA00EF66E70EC06F0B6D0000EE2
:1077C000F86E7C0EF76EAC0EF66E70EC06F0ADD077
:1077D00021C027F0010E2A6E60EC39F0216E48A816
:1077E00008D0000EF86E800EF76E480EF66E70EC44
:1077F00006F047A49AD0216609D0000EF86E7C0EE0
:10780000F76EA00EF66E70EC06F08FD0000EF86EDC
:107810007C0EF76EAC0EF66E70EC06F086D01DC0D6
:1078200027F0140E2A6E050E296E60EC39F01D6EDD
:1078300048A808D0000EF86E7C0EF76E740EF66E37
:1078400070EC06F047A471D01D50E4EC06F00D0E6C
:1078500041EC06F06AD022C027F0050E2A6E010E18
:10786000296E60EC39F0226E48A808D0000EF86E40
:10787000830EF76EB60EF66E70EC06F047A455D088
:107880002250E4EC06F00D0E41EC06F04ED023C081
:1078900027F0010E2A6E60EC39F0236E48A808D05C
:1078A000000EF86E7E0EF76E5E0EF66E70EC06F051
:1078B00047A43BD0236609D0000EF86E7E0EF76E0B
:1078C0004E0EF66E70EC06F030D0000EF86E7E0EA6
:1078D000F76E560EF66E70EC06F027D024C027F037
:1078E000010E2A6E60EC39F0246E47A41ED0246687
:1078F00009D0000EF86E7E0EF76E8E0EF66E70ECEE
:1079000006F013D0000EF86E7E0EF76E6C0EF66E5B
:1079100070EC06F00AD047A408D0000EF86E7D0E79
:10792000F76E160EF66E70EC06F0296A1200050E60
:10793000146E050E156E166A010E186E000EFB6EA3
:10794000790EFA6E1944016E520E0124D8B0FA2A4B
:10795000F96E0BD00FD019D01FD029D02FD039D02D
:1079600043D04BD051D057D01200320E136E320E8E
:10797000176E57D00A0E136E040E146E060E156E97
:10798000030E166E280E176E4CD0280E136E2E0E98
:10799000176E000E186E45D03C0E136E060E146E58
:1079A000040E156E340E176E020E186E3AD0280EA5
:1079B000136E090E166E320E176E33D0320E136E22
:1079C000060E146E070E156E280E176E000E186E3A
:1079D00028D0320E136E060E146E070E156E280E8A
:1079E000176E000E186E1DD0500E136E000E156E21
:1079F000060E166E360E176E14D0140E136E020E8F
:107A0000166E0F0E176E0DD03C0E136E620E176EB3
:107A1000020E186E06D0630E136E430E176E020E22
:107A2000186E1200030111510F25146F14270E3523
:107A3000136F1039102514270F51132714371337DC
:107A40001039112514270E39D8B0010913270F3921
:107A5000145FD8A01307D890143713370E391225A6
:107A600014270E51D8B00E05135F00011200030158
:107A700013390F0BF00F0F6F0F27E20F106F320F3C
:107A8000126F13510F0B102710271227E90F116FD8
:107A90001127112714390F0B11271227113712370D
:107AA000121F123714510F0B12270F37070E0E6FCC
:107AB0000A0E11071227D8A059EF3DF01007112721
:107AC000D8A05EEF3DF00F071027D8A063EF3DF080
:107AD0000E070F27D8A068EF3DF000011200030148
:107AE0001751195D02E118511A5D0001120000EEF4
:107AF00010F0150E266E010E7F6E000E7E6E819CBC
:107B0000819E81808050EE6E7E2A262EF8D712004C
:107B100000EE10F0150E266E010E7F6E600E7E6E6A
:107B2000819C819E81808050EE6E7E2A262EF8D721
:107B3000120000EE10F0010E7F6E000E7E6E266EBB
:107B400026507E6EEE50806E819C819E8184F29ED6
:107B5000F29C550E826EAA0E826E818281B2FED791
:107B6000D19B8194262A2650150AEAE1F28EF28CE6
:107B7000120048616D506F640D00310D0000320D30
:107B80000000330D0000410D0000340D0000350DE4
:107B90000000360D0000420D0000370D0000380DCA
:107BA0000000390D0000430D0000737461720D0078
:107BB000506F696E740D0000300D0000706F756EAF
:107BC000640D0000456E7465720D0000440D0000E8
:107BD00020566F6C756D65200000207370656564BC
:107BE00020002070697463682000206172746963EA
:107BF000756C6174696F6E20000020657870726525
:107C00007373696F6E200000207265766572622062
:107C1000000020666F726D616E742066726571750A
:107C2000656E6379200020746F6E652000002076F9
:107C30006F6963652000204B65792042656570207F
:107C400000004B65792054696D65204F75742000E4
:107C50004B65792054696D65204F757420447572A9
:107C60006174696F6E200000566572626F7369748B
:107C700079200000436F6D6D756E69636174696F83
:107C80006E732054696D654F757420002041626FDA
:107C900072742C200D0020456E61626C65640D00CD
:107CA0002044697361626C65640D00004F6E200DA5
:107CB00000004F6666200D002053706565636820E4
:107CC0004F6E0D00205370656563682064697361B1
:107CD000626C65640D00205370656563682069738C
:107CE0002064697361626C65640D00002001324A92
:107CF00032353030303030300D001E01324A3330F2
:107D00003030303030300D002001324A32303030E7
:107D1000303030300D002001324A313030303035D3
:107D200030300D00200130336A30363030303030A2
:107D3000300D200130356A30353030303030300D84
:107D40000000200130376A30363030303030300DAE
:107D5000200130376A30353030303030300D00009F
:107D6000200130376A30353030303030300D20016E
:107D700030376A30363030303030300D000020017E
:107D8000326A30383030303530300D0054696D652E
:107D9000204F75740D00436F6E666967757261746C
:107DA000696F6E204D6F64650D00436F6E66696785
:107DB00075726174696F6E2053617665640D0000A1
:107DC000436F6E66696775726174696F6E206E6F5E
:107DD000742073617665640D000053617665640DEF
:107DE0000000526543616C6C0D00436C6561720D5F
:107DF0000000436C65617220456E7472790D00005D
:107E0000556E6B6E6F776E0D000053686966740D6A
:107E10000000536869667420320D0000536869667B
:107E200074204F66660D0000436865636B205261E5
:107E300064696F0D00004E6F726D616C0D005261D0
:107E400064696F2054696D65204F75740D00506F23
:107E5000727420310D00506F727420320D00506F1B
:107E6000776572204F6E20746F200000456E746538
:107E70007220746F205265736574206F7220537482
:107E8000617220746F20466C6173680D000052654A
:107E900073657420616E6420466C617368696E67F7
:107EA0002044697361626C65640D000052657365FE
:107EB000740D00005265736574204E6F773F0D009E
:107EC000526573746F726520746F20466163746FBE
:107ED00072792044656661756C74733F2C20507212
:107EE0006573732031746F20726573746F72652CC3
:107EF00020616E79206F74686572206B65792074DB
:107F00006F2061626F72740D000044656661756C6C
:107F1000747320726573746F7265642C205065727F
:107F2000666F726D696E672052657365740D00002F
:107F300057616974696E6720666F72204669726D59
:107F4000776172652C20416E79204B657920546FE2
:107F50002041626F72740D00466C617368696E67D0
:107F60000D004175746F200D0000466173740D00A3
:107F70004D656469756D0D00536C6F770D00457824
:107F800069742057617463680D00535752206973F8
:107F9000200D0000496E76616C6964204461746153
:107FA0000D0044617461204C656E677468204572F1
:107FB000726F720D0000496E76616C6964204865CD
:107FC000616465720D0044617461204572726F7264
:107FD0000D005175657279204572726F720D000047
:107FE0004672657175656E637920416E6E6F756E50
:107FF00063656D656E7420004672657175656E63AC
:108000007920416E6E6F756E63656D656E74204488
:10801000656C617920004620412720422C202044B5
:10802000617461204572726F720D00004127204615
:1080300020616E642072204620616E6E6F756E63E3
:10804000656D656E742000004672657175656E63BE
:108050007920506C7573204D6F6465200000537556
:1080600062200D004220536574204F6E2C200D00BD
:108070004E6F7420617661696C61626C652077690E
:108080007468204220536574204F6E2C200D000030
:108090004672657175656E63790D00002C20496E1E
:1080A00076616C6964204672657175656E63790DE1
:1080B000000041200D0042200D0041204620476174
:1080C000696E0D00416E74656E6E610D0000525850
:1080D00020416E74656E6E610D00436F6D70726548
:1080E0007373696F6E0D000043205720616E64202A
:1080F00044617461205374617475730D00004669A6
:108100006C7465722057696474680D004D696B6505
:10811000204761696E0D00004B65796572205370D0
:108120006565640D00004D6F6E69746F72204C655B
:1081300076656C0D000050726520416D700D000079
:10814000506F7765720D00004E6F69736520426C49
:10815000616E6B65720D00004E42204C6576656C59
:10816000200D0000417474656E756174696F6E0D49
:10817000000046696C746572204E756D6265720D03
:10818000000053706C6974200D0041204D0D0000FB
:108190004D6F6465200D00004320570D0000432003
:1081A000572052657665727365640D004461746191
:1081B0000D00446174612052657665727365640DCB
:1081C000000046204D0D000055205320420D0000B8
:1081D0004C205320420D000041272046534B0D00F8
:1081E00046534B0D0000462053204B2052657665C8
:1081F000727365640D0050534B0D00004E6F697330
:108200006520526564756374696F6E200D004E6F52
:10821000746368200D004175746F204E6F7463683D
:10822000200D00004D616E75616C204E6F746368A7
:10823000200D00004D616E75616C0D0041272047D7
:108240002043200D00004920462053686966740DC4
:1082500000005220492054200D005820492054206D
:108260000D00522049205420616E6420582049207E
:10827000542044697361626C65640D005472616ED0
:10828000736D6974204F6E20562046204F20412781
:10829000200D00005472616E736D6974204F6E2062
:1082A000562046204F2042200D00564F582069731B
:1082B0002044697361626C65642C200D000042618A
:1082C0006E640D0042616E64204F66660D003136AB
:1082D000306D0D0038306D0D000036306D0D000032
:1082E00034306D0D000033306D0D000032306D0DF7
:1082F000000031376D0D000031356D0D0000313259
:108300006D0D000031306D0D0000366D0D00326DC9
:108310000D0056204820460D000037302063206DA8
:108320000D0055204820460D0000312E32204748D0
:108330007A0D000047656E0D00004127204C204358
:108340000D00506C75730D004D696E75730D000056
:108350004D656D6F72790D0042616E6B0D00436863
:10836000616E6E656C0D000045786974204D656D19
:108370006F72790D00005472616E736665720D0044
:10838000546F20562046204F2041270D0000546F87
:1083900020562046204F20420D00456D7074790D07
:1083A00000004E6172726F770D00576964650D00B1
:1083B00044544D460D0044544D4620546F6E652084
:1083C0004475726174696F6E0D004578697420445C
:1083D000544D460D000059616573750D000046202F
:1083E000543435300D004620543935300D00465494
:1083F0004458313230300D00465444583530303016
:108400000D0046544458316F31440D0046544458D1
:10841000316F314D500D0000427265616B20496E25
:108420000D0046756C6C0D00416E74656E6E6120BA
:1084300054756E65720D000055700D00446F776EB7
:108440000D004761696E0D0044656C61790D000097
:10845000436F6D7072657373696F6E0D00004D65CB
:108460007465720D00004F66667365740D00536984
:108470006D706C65780D00004D7573742042652039
:10848000496E2046204D0D0036372E300D0036390E
:108490002E330D0037312E390D0037342E340D00B8
:1084A00037372E300D0037392E370D0038322E3544
:1084B0000D0038352E340D0038382E350D00393189
:1084C0002E350D0039342E380D0039372E340D007D
:1084D0003130302E300D00003130332E350D00009C
:1084E0003130372E320D00003131302E390D000081
:1084F0003131342E380D00003131382E380D000066
:108500003132332E300D00003132372E330D000062
:108510003133312E380D00003133362E350D000049
:108520003134312E330D00003134362E320D00003F
:108530003135312E340D00003135362E370D000027
:108540003136322E320D00003136372E390D000013
:108550003137332E380D00003137392E390D0000F8
:108560003138362E320D00003139322E380D0000F0
:108570003230332E350D00003230362E350D0000EE
:108580003231302E370D00003231382E310D0000DF
:108590003232352E370D00003232392E310D0000C7
:1085A0003233332E360D00003234312E380D0000B8
:1085B0003235302E330D00003235342E310D0000AF
:1085C0004175746F204E6F7463680D00537065655C
:1085D00063682050726F636573736F720D004D6135
:1085E000696E200D00004E6F7420417661696C61E8
:1085F000626C6520696E2046204D204D6F64650DCC
:1086000000004572726F722C20562046204F204188
:1086100027204F722042204F6E6C790D00004320BE
:108620000D005061636B65742042616E647769640C
:1086300074680D003135392E380D00003136352E75
:10864000350D00003137312E330D00003137372E14
:10865000330D00003138332E350D00003138392EFE
:10866000390D00003139362E360D00003139392EE2
:10867000350D0000546F20562046204F0D00435703
:108680002055707065720D004357204C6F776572EE
:108690000D0052205420542059204C6F7765720DE4
:1086A0000000522054205420592055707065720DDE
:1086B000000044617461204C6F7765720D00446165
:1086C00074612055707065720D00446174612046BC
:1086D0004D0D00004461746120464D204E61727260
:1086E0006F770D005061636B6574204C6F77657216
:1086F0000D005061636B65742055707065720D00DC
:1087000055736572204C6F7765720D0055736572F5
:108710002055707065720D005061636B6574204662
:108720004D0D0000464D204E6172726F770D0000B6
:1087300041204D204E6172726F770D00492050200C
:108740004F0D0000457175616C697A65720D00000E
:1087500054756E696E672053746172740D004175B3
:10876000746F20536C6F770D00004175746F204D4E
:1087700069640D004175746F20466173740D0000CB
:108780004D69640D0000562046204F20612720527D
:10879000582C20562046204F2042204F66660D0060
:1087A000562046204F206127204D7574652C205699
:1087B0002046204F2042204F66660D00562046205E
:1087C0004F2061272052582C20562046204F20420F
:1087D0002052580D0000562046204F206127204D82
:1087E0007574652C20562046204F20422052580D8B
:1087F0000000562046204F206127204F66662C201F
:10880000562046204F20422052580D005620462028
:108810004F206127204F66662C20562046204F208F
:1088200042204D7574650D005458206F6E204469C8
:1088300073706C617965642042616E640D005458F8
:10884000206F6E204F70706F736974652042616E87
:10885000640D00004469616C204C6F636B204F6EA7
:108860000D004127204C6F636B204F6E0D0042209E
:108870004C6F636B204F6E0D000041272026204275
:10888000204C6F636B73204F6E0D00004661737454
:108890002053746570204F6E0D0041272046617390
:1088A000742053746570204F6E0D000042204661A5
:1088B00073742053746570204F6E0D00412720267D
:1088C00020422046617374205374657073204F6E8C
:1088D0000D004F7665720D0050657263656E740D04
:1088E00000004D6F6E69746F720D00005368696609
:1088F000740D0000436F6E746F75720D0000412798
:10890000205020460D00444E520D000057696474FB
:10891000680D00004C6F770D0000486967680D0016
:10892000525820436C617269666965720D00545833
:1089300020436C617269666965720D00436C6172F7
:1089400069666965720D0000496E76616C69642024
:108950004D6F64650D00562046204F0D00004D659B
:108960006D6F72790D004D2054756E650D005120AC
:108970004D656D0D00005365740D00005365742046
:108980004F66660D0000545820456E636F64650D98
:108990000000456E636F6465204465636F64650D18
:1089A000000043544353530D00004E6F2044617444
:1089B0006120456E74657265640D00005365742016
:1089C000537461747573204661696C65640D0000B1
:1089D000536574204C6576656C204661696C6564EE
:1089E0000D0053657420546F6E65204661696C6597
:1089F000640D00005365740D0000536574204F66CC
:108A0000660D0000546F6E650D00436F6E74696EE5
:108A1000756F757320546F6E6520537175656C6347
:108A2000680D00004572726F720D00004F6666732C
:108A3000657420446972656374696F6E0D005769CF
:108A4000646520464D0D00004469676974616C0DD2
:108A500000005061636B65740D004E6172726F7738
:108A600020464D0D00004D656E750D004127536C7D
:108A700061736820422C200D0000413D420D000032
:108A800044656275670D0000526F6F66696E6720FE
:108A900046696C7465720D0057726974650D00004B
:108AA0004B657965720D00002048616D506F642040
:108AB0005961657375205265616465722C20566535
:108AC0007273696F6E20322E30306232312C206228
:0E8AD00079204B2036204420512C200D000030
:020000040030CA
:01000000FA05
:01000100D727
:01000200DD20
:01000300FFFD
:010004009F5C
:01000500FFFB
:01000600FFFA
:01000700CF29
:01000800FFF8
:01000A00FFF6
:01000B00FFF5
:020000040031C9
:10010000000406320303003201000114010501144A
:050110000001020000E7
:1001600000050632030300320100011401050114E9
:05017000000102000087
:0603CA0048616D506F64F4
:1003D00020436F7079726967687420526F6265722A
:1003E00074204D2E2053616E74656C6C6F2032301A
:0203F0003232A7
:00000001FF
