:020000040000FA
:0800000000000000DBEF00F03E
:0200080008D01E
:02000A000000F4
:0200180085D091
:06001A008988E9CF03F321
:10002000EACF04F34ABC3DD09EA813D09DA811D0BE
:1000300004010091192F02D09D980BD0040104EE09
:1000400001F01B51EBCFADFF1B2B180E1B19D8B4C1
:100050001B6B9DAA61D09EAA5FD0AECFFBF4060EAB
:100060000F01AB1419E1040100B956D000A302D06E
:10007000008952D004EE1CF00095F82BDC0EF81924
:1000800009E0F951FBC4EBFFF92BDC0EF919D8B4E8
:10009000F96B42D0008340D0AB98AB880401008755
:1000A0003BD0A4A813D0A3A811D005010091192F0B
:1000B00002D0A3980BD0050105EE01F01B51EBCF48
:1000C00073FF1B2B180E1B19D8B41B6BA3AA24D0CB
:1000D000A4AA22D074CFFBF5060E711419E1050114
:1000E00000B91AD000A302D0008916D005EE1CF08A
:1000F0000095F82BDC0EF81909E0F951FBC5EBFF70
:10010000F92BDC0EF919D8B4F96B06D0008304D0B2
:10011000719871880501008704C3EAFF03C3E9FFF2
:10012000899811008988D8CF01F3E8CF00F3E0CF98
:1001300002F39DA009D09EA007D00001372E02D067
:100140004E849D909E902FD0A0A20AD0A1A208D04C
:100150000001382E03D04F80080E386EA19223D0B4
:10016000F2A609D0F2A007D0F2900001DDEC03F076
:100170008150000018D0F2AA0AD0F2A408D00001E1
:100180000252D8B44A82D8A40206F2940CD07DA2BE
:1001900009D07EA207D00001392E02D04B887D9273
:1001A0007E9201D000D002C3E0FF00C3E8FF01C38C
:1001B000D8FF89981000000000000F01896AC00E66
:1001C000386FC00E926E000E396FF00E936E616E36
:1001D000626EF19EF00E8A6E8B6A000E3A6FAE0E62
:1001E000946E8C6A000E3B6FA00E956E8D6A000EA9
:1001F0003C6F000E966E0F01F26AD08EF290F2966E
:10020000F190F298F292F09CF090F096F09EF092BD
:10021000F098F19CF19AF198D76AD66AD59ED59C50
:10022000D59AD598D596D584D582D580F29AF19471
:10023000F294CF6ACE6ACD80CC9CCC98CD92CD8AF8
:10024000CD883F91CC9ECC92CC90CD9ECD9CCD962E
:10025000CD949F909D90A3909E90B36AB26AB18016
:100260003F95B49EB49CB498B492B490B182B18AD4
:10027000B188B19EB19CB196B194A292A092A39282
:10028000A192506B4F6B4E814D9D4D994D934D9169
:100290004E834E8B4E893F994D9F4E9F4E9D4E975C
:1002A0004E957F927D92A3947E929F889F8AA58887
:1002B000A58AB8967096B06A766AAC6A726A0001CE
:1002C0008B8C8C8C056A046A026A2A6A080E0E6E90
:1002D000496A49804A6A4B6A4C6A4D6A4F6A506A59
:1002E0004E6A516A096A3A6A4E844868000EE8CF3D
:1002F00000F6536A546A036A2D6A4F6A89884A9CD9
:100300004FEC40F024B04A8C5384D7EC05F0539462
:1003100014EC02F027EC02F09D9AA39A1AEC05F077
:100320004ABCC2EC02F04AACB9EC02F0F290F286A0
:10033000F2949E90A1927E928998F28EF28C010E98
:100340009FEC05F0310E9FEC05F0340E9FEC05F0AC
:10035000340E9FEC05F0470E9FEC05F00D0E9FEC60
:1003600005F0F6EC04F0D4EC02F0DEEC06F0E8EC7C
:1003700002F01AEC05F0306AD4EC02F01DC03EF039
:100380007D927E9200014B96F3EC02F054B210D0B5
:100390004B861D503E6E17EE00F02D500AC0E3FF55
:1003A0002D2A3B0E0A6204D04E82F9EC2EF0EBD7D8
:1003B0004FA005D04BB603D03E2E01D0D4D74BB8BA
:1003C00017EC08F04FB0EDEC2EF073EC04F04AA6F9
:1003D0002AD0F29AD59E0001AFEC04F049A8BFECF8
:1003E00004F049A003D03CEC30F014D049A203D073
:1003F0003CEC33F00FD049A603D09BEC35F00AD08B
:1004000049A803D037EC3BF005D049A40CD017EC39
:1004100003F000D08BEC04F0056A4A96815000008E
:10042000F290F2860001AFD70F01AC8A9D989D8AA9
:10043000AB6AAB8EAB880401196B1B6B1A6B0401A2
:10044000F86BFA6BF96B0401006B000112000F01ED
:10045000728AA398A38A716A718E71880501196BDB
:100460001B6B1A6B0501F86BFA6BF96B0501006BDE
:10047000000112004ABC15D00401F85102E10085C8
:10048000000C04EE1CF0FA51EBCFFCF4FA2BDC0E5E
:10049000FA19D8B4FA6BF80700930099FCC4E8FF86
:1004A00012000501F85102E10085000C05EE1CF078
:1004B000FA51EBCFFCF5FA2BDC0EFA19D8B4FA6B33
:1004C000F80700930099FCC5E8FF12004ABC20D051
:1004D0000401FC6F00B11AD0195107E1FCC4ADFF53
:1004E0001B2B180E1B19D8B41B6B04EE01F01A510C
:1004F000FCC4EBFF1A2B180E1A19D8B41A6B192B5F
:10050000180E1919D8A401D000819D88000112008D
:100510000501FC6F00B11AD0195107E1FCC573FF4A
:100520001B2B180E1B19D8B41B6B05EE01F01A51CA
:10053000FCC5EBFF1A2B180E1A19D8B41A6B192B1D
:10054000180E1919D8A401D00081A38812000F0138
:100550004ABC07D0B896AC94230EAF6E000EB06EB6
:1005600006D070967294230E756E000E766E0001A2
:100570001200729A7198A398A39A1AEC05F014ECE1
:1005800002F01200AC9AAB989D989D9A1AEC05F077
:1005900027EC02F012004E98E650DE6203D0312EB6
:1005A000FBD701D04E881200A092080E386E4F90F3
:1005B000B36AB26AA192A08212001FC039F04B98B0
:1005C000000EE8CF50FFE8CF4FFF7E927D821200F1
:1005D0002D6ADC0E4ABCDC0E276E17EE00F0E66AD0
:1005E000272EFDD7120054824ABC0CD0040100B55E
:1005F00014D00401F85111E03AEC02F05492E8CF23
:100600000AF00BD0050100B508D00501F85105E04E
:100610003AEC02F05492E8CF0AF00001120009000F
:10062000F550D8B4120066EC02F0F9D71200046A53
:10063000000EFB6E060EFA6E0544016E460E012496
:10064000D8B0FA2AF96EB0D0AFD0AED00DD0ACD0C1
:10065000ABD0AAD016D0A8D0A7D0A6D01ED037D065
:10066000A3D085D089D01200102A1050150AD8B412
:10067000106A4A8860EC3CF04A9865EC04F0256A00
:1006800098D01006140E1060106E4A8860EC3CF092
:100690004A9865EC04F0256A8CD09AEC04F04CBEC4
:1006A00006D04B8260EC3CF065EC04F082D071EC3B
:1006B00040F0000EF86E830EF76E5A0EF66ECEEC1A
:1006C00005F0496A4980F29AD59E256A72D0255272
:1006D000D8B46AD0000EF86E840EF76EE00EF66E97
:1006E000CEEC05F0AC84230EAF6E010EB06EB9EC0B
:1006F00002F04A9C8BEC04F0056A4A968150000097
:10070000F290F286F3EC02F054B211D0C10E0A62FC
:10071000F9D7AFEC04F0000EF86E850EF76E080EF8
:10072000F66ECEEC05F0320E69EC05F0FF004AA63D
:10073000E9D7F29AD59E4A90AFEC04F0BFEC04F0F2
:10074000000EF86E820EF76E3C0EF66ECEEC05F0E3
:10075000320E69EC05F0000EF86E840EF76E5C0E3A
:10076000F66ECEEC05F0320E69EC05F0FF00255276
:10077000D8B41AD09BEF06F09AEC04F04CBE06D029
:100780004B8060EC3CF065EC04F013D0000EF86E8A
:10079000830EF76E700EF66ECEEC05F0496A498056
:1007A000F29AD59E256A05D0EDEC04F065EC04F0D4
:1007B00000D04B924B90056A1200066A062E01D0BB
:1007C0007CD0076A072E01D0F9D7811C006EF00B90
:1007D000F9E0FE0E8A6EECEF03F0EEEF03F0F0EFBF
:1007E00003F0F2EF03F0811CF00B10E00F0E056E2A
:1007F00000B866D00B0E056E00BA62D0070E056E0B
:1008000000BC5ED0030E056E00BE5AD0FD0E8A6E8F
:1008100009EF04F00BEF04F00DEF04F00FEF04F01C
:10082000811CF00B10E00E0E056E00B849D00A0EC8
:10083000056E00BA45D0060E056E00BC41D0020E12
:10084000056E00BE3DD0FB0E8A6E26EF04F028EF49
:1008500004F02AEF04F02CEF04F0811CF00B10E000
:100860000D0E056E00B82CD0090E056E00BA28D00A
:10087000050E056E00BC24D0010E056E00BE20D012
:10088000F70E8A6E43EF04F045EF04F047EF04F0F3
:1008900049EF04F0811CF00B10E00C0E056E00B85F
:1008A0000FD0080E056E00BA0BD0040E056E00BC0A
:1008B00007D0000E056E00BE03D0056A4A9602D02E
:1008C0004A86F296F00E8A6E12004AA40BD0D76ABE
:1008D000D66AD584D592D5804A804A921BC002F050
:1008E000F28AD58E12004AA012004AA212004A9043
:1008F000046A256A4D964D984D9A096A496A49805D
:10090000000EF86E830EF76E3C0EF66ECEEC05F020
:10091000F29AD59E1200F00E8A160000000068ECD4
:1009200005F0811CF00BFBE168EC05F0811CF00B7D
:10093000FBE112004C9EF00E8A1600000000320E01
:10094000066E68EC05F0811CF00B08E0062EF9D766
:10095000DFEC04F0070E69EC05F04C8E1200180E67
:100960009FEC05F0200E9FEC05F012002C0E9FEC82
:1009700005F0200E9FEC05F09EEC05F0120049B842
:100980001DD049A410D01050090A0DE105500B0AE2
:1009900001E105D005500F0AD8A405D000D01A52A5
:1009A000D8A40CD003D01A6601D008D0000EF86E7F
:1009B000820EF76EAA0EF66ECEEC05F012001A52F9
:1009C0000BE0000EF86E820EF76EB80EF66ECEECEF
:1009D00005F0080E69EC05F01200000EF86E820EAC
:1009E000F76EC60EF66ECEEC05F012004ABC0AD0C9
:1009F00000D0000EF86E830EF76EFE0EF66ECEEC93
:100A000005F008D0000EF86E840EF76E060EF66E36
:100A1000CEEC05F012004ABC06D00401006BF86B66
:100A2000F96BFA6B05D00501006BF86BF96BFA6B8B
:100A3000000112004ABC09D0DC0E276E040114EE3E
:100A40001CF0E66A272EFDD708D0DC0E276E0501C4
:100A500015EE1CF0E66A272EFDD700011200539216
:100A6000E8CF0FF32F0807E006E20FC3E8FF3B08CB
:100A700002E001E353820FC3E8FF12000201575165
:100A8000555F5651D8A0563D545F00011200020137
:100A9000551F541F553D5407542B556F54110001D9
:100AA000120002014A514D6FD8904D374D374D27F6
:100AB0004D374B514D274C6B000E496507D0D890F0
:100AC000640E4D27D8B04C2B4907F6D70001120011
:100AD000010EE8CF05F3200EE8CF06F36FEF05F027
:100AE00071EF05F073EF05F075EF05F077EF05F0A6
:100AF0000000F50EE8CF07F30000000007C3E8FF91
:100B0000E806E8CF07F3FAE1000006C3E8FFE806CD
:100B1000E8CF06F3EEE105C3E8FFE806E8CF05F30A
:100B200005E092EF05F094EF05F0D5D712000F6EB7
:100B30009FEC05F09EEC05F00F5012000D0E0E2EEE
:100B400003D082B6FED70E86F29EF29C0B6E0C0E80
:100B50000C6E8B90090E0D6E0C2EACEF05F00C0E8A
:100B60000C6E0D2E12D000000000000000000000EE
:100B700000008B800D0E0C6E0C2EBCEF05F00000FB
:100B8000F28EF28C0B320B50120000000B32D8A008
:100B900003D000008B80E0D78B90DED70900F550A2
:100BA000D8B4120082B6FED79FEC05F0F7D7320E0C
:100BB00069EC05F09EEC05F0230E69EC05F01E0EC5
:100BC0009FEC05F0010E9FEC05F0400E9FEC05F048
:100BD0009EEC05F0010E9FEC05F0330E9FEC05F046
:100BE0004B0E9FEC05F09EEC05F09EEC05F010C05E
:100BF00026F0150E106E100660EC3CF068EC05F067
:100C00001050F9E126C010F0000EF86E810EF76E5C
:100C1000220EF66ECEEC05F012001200E8CF0EF3B5
:100C2000F00BE83825EC06F09FEC05F0200E9FEC69
:100C300005F00EC3E8FF0F0B25EC06F09FEC05F066
:100C40009EEC05F00EC3E8FF1200016E000EFB6E75
:100C50000C0EFA6E0144016E620E0124D8B0FA2A1D
:100C6000F96E300C310C320C330C340C350C360C64
:100C7000370C380C390C410C420C430C440C450C1D
:100C8000460C1200E8CF0EF35AEC06F0300F9FEC42
:100C900005F00EC3E8FF6FEC06F0300F9FEC05F097
:100CA0000EC3E8FF85EC06F0300F9FEC05F00EC395
:100CB000E8FF1200E8CF4AF2000EE8CF4BF24BC239
:100CC000E8FFE82AE8CF4BF24AC2E8FF9C0FE8CFE2
:100CD0004AF2D8B0F4D74BC2E8FFE8061200E8CFDA
:100CE0004AF2000EE8CF4BF24BC2E8FFE82AE8CF09
:100CF0004BF24AC2E8FFF60FE8CF4AF2D8B0F4D779
:100D00004BC2E8FFE80685EF06F0E8CF4BF24BC296
:100D1000E8FFF60FE8CF4BF2D8B0F9D74BC2E8FFA7
:100D20000A0F1200000EF86E850EF76E440EF66E76
:100D3000CEEC05F01200330E9FEC05F09EEC05F0B2
:100D4000640E69EC05F0320E9FEC05F09EEC05F0A8
:100D5000640E69EC05F0310E9FEC05F09EEC05F099
:100D6000640E69EC05F0000EF86E840EF76E5C0EF2
:100D7000F66ECEEC05F0FA0E69EC05F0FF001200FD
:100D80005480000EF86E840EF76E700EF66ECEEC88
:100D900005F065EC04F01200000EF86E820EF76E9E
:100DA000500EF66ECEEC05F01200000EF86E820EBC
:100DB000F76E5C0EF66ECEEC05F01200526A0C0E69
:100DC000446EA7EC02F04ABC03D08B988C8402D00E
:100DD0008C948B882D6A500E66EC02F0530E66ECF4
:100DE00002F03B0E66EC02F02D6604D073EC04F0CA
:100DF0004AB6E1D0F3EC02F054B2ADEF07F017EED3
:100E000000F02D500AC0E3FF2D2A3B0E0A62ADEF21
:100E100007F000C7E8FF500A06E000C7E8FF490AEC
:100E200008E0ADEF07F001C7E8FF530A08E0ADEFB7
:100E300007F001C7E8FF440A13E0ADEF07F002C76F
:100E4000E8FF310AD8A4ADEF07F02D6A490E66EC31
:100E500002F0440E66EC02F03B0E66EC02F0C4D7E2
:100E600002C7E8FF2FEC05F053A277D003C7E8FFD5
:100E70002FEC05F053A271D004C7E8FF2FEC05F06A
:100E800053A26BD002C7E8FFD00FE8CF49F203C7E7
:100E9000E8FFD00FE8CF4AF204C7E8FFD00FE8CF51
:100EA0004BF251EC05F04DC247F0110E471808E126
:100EB0005280000EF86E890EF76E9A0EF66E65D0AF
:100EC000120E471808E15282000EF86E890EF76E76
:100ED000A40EF66E5AD0130E471808E15286000E83
:100EE000F86E890EF76ED80EF66E4FD0140E4718B6
:100EF00008E15284000EF86E890EF76E900EF66EC1
:100F000044D0150E471808E15288000EF86E890E7D
:100F1000F76EAE0EF66E39D0170E471808E1528AFA
:100F2000000EF86E890EF76EB80EF66E2ED0180E03
:100F3000471808E15288000EF86E890EF76EC40E4D
:100F4000F66E23D0160E47180EE1528E000EF86E84
:100F5000890EF76ECE0EF66E18D04FA045D74F9083
:100F6000442E38D72BD7130E476E5286000EF86EDC
:100F7000830EF76EB00EF66ECEEC05F0000EF86E36
:100F8000890EF76E860EF66E00D0CEEC05F00A0ED6
:100F900069EC05F0410E66EC02F0490E66EC02F0D9
:100FA000320E66EC02F03B0E66EC02F09EEC05F0B1
:100FB0000A0E69EC05F012004A9681500000F2908A
:100FC000F2864D902D6A1DC03EF02D6604D073EC64
:100FD00004F04AB614D0F3EC02F054B209D017EE84
:100FE00000F02D500AC0E3FF2D2A0A503B0A1DE0F5
:100FF0004FA0EBD7D4EC02F03E2EE7D70BD0AFECEE
:1010000004F0000EF86E830EF76E3C0EF66ECEEC1A
:1010100005F00CD0AFEC04F0000EF86E830EF76E06
:10102000EE0EF66ECEEC05F001D04D8012004EA40F
:10103000FED7D4EC02F068EC05F0460EE8CFB0F134
:101040005851010A420E05E05851020A430E01E0D0
:10105000410EE8CFB1F13B0EE8CFB2F138EC08F029
:1010600051A202D06FEC3AF02D6A7D924B9812009B
:101070008BEC04F051924D804ABC07D0AB989D9AFE
:1010800014EC02F0B9EC02F006D07198A39A27ECA8
:1010900002F0C2EC02F04DA03DD011EEB0F0180EFF
:1010A0002D6EE6CF46F0465066EC02F046503B0A05
:1010B0000CE02D06D8A4F5D7000EF86E850EF76E5D
:1010C000820EF66ECEEC05F025D0E8EC02F02D6A2B
:1010D000DCEC07F04DA0D0D700C746F03F0E461815
:1010E0000FE0B0C146F000C7E8FF461807E1B1C104
:1010F00046F001C7E8FF461801E10BD0E6D70AD059
:10110000000EF86E850EF76E820EF66ECEEC05F0D0
:1011100001D051827D924B984B9A2DC02EF02D6AB2
:101120003F0EE8CFB0F1E8CF00F712004EA4FED793
:10113000D4EC02F068EC05F0410EE8CFB0F1430EBC
:10114000E8CFB1F13B0EE8CFB2F138EC08F051A294
:1011500002D05BEC17F02D6A12004EA4FED7D4EC3F
:1011600002F068EC05F0410EE8CFB0F14E0EE8CF8A
:10117000B1F13B0EE8CFB2F138EC08F051A202D049
:10118000BAEC17F02D6A12004EA4FED7D4EC02F090
:1011900068EC05F052B852D052BA50D052AE08D0D6
:1011A000F6EC09F051A206D10A0E69EC05F046D022
:1011B0000B0E05180BE11CA023D0000EF86E890E53
:1011C000F76EF00EF66ECEEC05F01AD00F0E051885
:1011D000D8A40BD01CA023D0000EF86E890EF76E99
:1011E000F40EF66ECEEC05F01AD0070E0518D8B442
:1011F000E1D0000EF86E820EF76EC60EF66ED8D0F5
:10120000420E66EC02F0550E66EC02F0FCC1E8FFFF
:1012100052BE66EC02F03B0E66EC02F0CBD0420E02
:1012200066EC02F0440E66EC02F0FCC1E8FF52BE30
:1012300066EC02F03B0E66EC02F0BCD00B0E05181B
:1012400007E1000EF86E820EF76EC60EF66EB0D095
:101250000F0E051807E1000EF86E820EF76EC60E2F
:10126000F66EA6D0420E66EC02F0440E66EC02F07A
:10127000FCC1E8FF52BE66EC02F00C0E05180DE151
:10128000310E66EC02F0300E66EC02F0000EF86EE5
:10129000880EF76EE40EF66E86D0300E66EC02F025
:1012A000000E05180AE1300E66EC02F0000EF86E32
:1012B000880EF76E7E0EF66E76D0010E05180AE1E6
:1012C000310E66EC02F0000EF86E880EF76E840E9A
:1012D000F66E69D0020E05180AE1320E66EC02F0D5
:1012E000000EF86E880EF76E900EF66E5CD0040E4F
:1012F00005180AE1330E66EC02F0000EF86E880E57
:10130000F76E960EF66E4FD0050E05180AE1340EF4
:1013100066EC02F0000EF86E880EF76E9C0EF66E0C
:1013200042D0060E05180AE1350E66EC02F0000EFA
:10133000F86E880EF76EA20EF66E35D0080E051800
:101340000AE1360E66EC02F0000EF86E880EF76EBB
:10135000A80EF66E28D0090E05180AE1370E66ECC5
:1013600002F0000EF86E880EF76EAE0EF66E1BD011
:101370000A0E05180AE1380E66EC02F0000EF86E4F
:10138000880EF76EB40EF66E0ED00D0E05180AE13B
:10139000390E66EC02F0000EF86E880EF76EBA0E8B
:1013A000F66E01D007D03B0E66EC02F04D9A1CB0F1
:1013B000CEEC05F01E0E69EC05F02D6A12004EA46D
:1013C000FED7D4EC02F068EC05F0420EE8CFB0F1A5
:1013D000430EE8CFB1F13B0EE8CFB2F138EC08F0A4
:1013E00051A202D0C9EC17F02D6A1200430EE8CFCB
:1013F000B0F1420EE8CFB1F13B0EE8CFB2F138ECDC
:1014000008F051A215D002C7E8FF300A05E0508C61
:10141000310EE8CFFCF10CD0509C300EE8CFFCF13F
:10142000000EF86E8E0EF76ED00EF66ECEEC05F056
:1014300012004EA4FED7D4EC02F068EC05F0000ECA
:10144000F86E8A0EF76E1E0EF66ECEEC05F0430EA9
:10145000E8CFB0F1470EE8CFB1F13B0EE8CFB2F1E3
:1014600038EC08F051A202D0ABEC17F02D6A120054
:101470004EA4FED7D4EC02F068EC05F0000EF86E36
:101480008A0EF76EAE0EF66ECEEC05F0430EE8CF88
:10149000B0F1540EE8CFB1F13B0EE8CFB2F138EC29
:1014A00008F051A222D002C700F0310E00180EE061
:1014B000320E001803E0CCEC06F017D0000EF86EE8
:1014C0008A0EF76EB60EF66ECEEC05F0430EE8CF40
:1014D000B0F14E0EE8CFB1F13B0EE8CFB2F138ECEF
:1014E00008F051A202D068EC2CF02D6A12004EA434
:1014F000FED7D4EC02F068EC05F0000EF86E8A0E10
:10150000F76E3C0EF66ECEEC05F052B823D052BA10
:1015100021D052BE1FD0450EE8CFB0F1580EE8CF13
:10152000B1F1300EE8CFB2F1310EE8CFB3F1350EA4
:10153000E8CFB4F1300EE8CFB5F1300EE8CFB6F118
:10154000300EE8CFB7F1300EE8CFB8F13B0EE8CF60
:10155000B9F11ED0450EE8CFB0F1580EE8CFB1F189
:10156000300EE8CFB2F1300EE8CFB3F1360EE8CF4F
:10157000B4F1300EE8CFB5F1300EE8CFB6F1300E51
:10158000E8CFB7F1300EE8CFB8F13B0EE8CFB9F1B4
:1015900038EC08F051A2A8D009C7E8FF300A01E0F2
:1015A00005D022C0E8FF300F006E02D0300E006E72
:1015B00052B826D052BA24D052BE22D0450E66EC84
:1015C00002F0580E66EC02F0300E66EC02F0310EBE
:1015D00066EC02F0350E66EC02F0300E66EC02F0BE
:1015E000300E66EC02F0300E66EC02F0300E66EC67
:1015F00002F0005066EC02F03B0E66EC02F021D0E7
:10160000450E66EC02F0580E66EC02F0300E66EC09
:1016100002F0300E66EC02F0360E66EC02F0300E90
:1016200066EC02F0300E66EC02F0300E66EC02F072
:10163000300E66EC02F0005066EC02F03B0E66ECF9
:1016400002F00A0E69EC05F052B823D052BA21D04C
:1016500052BE1FD0450EE8CFB0F1580EE8CFB1F121
:10166000300EE8CFB2F1310EE8CFB3F1350EE8CF4E
:10167000B4F1300EE8CFB5F1300EE8CFB6F1300E50
:10168000E8CFB7F1300EE8CFB8F13B0EE8CFB9F1B3
:101690001ED0450EE8CFB0F1580EE8CFB1F1300EB4
:1016A000E8CFB2F1300EE8CFB3F1360EE8CFB4F1A7
:1016B000300EE8CFB5F1300EE8CFB6F1300EE8CFFE
:1016C000B7F1300EE8CFB8F13B0EE8CFB9F138EC06
:1016D00008F051A209D009C7E8FF300A03E0D5ECB1
:1016E00006F08FD0CCEC06F02D6A12004EA4FED787
:1016F000D4EC02F068EC05F0000EF86E8A0EF76E7E
:101700003C0EF66ECEEC05F0450EE8CFB0F1580E6B
:10171000E8CFB1F1300EE8CFB2F1310EE8CFB3F13E
:10172000350EE8CFB4F1300EE8CFB5F1300EE8CF8A
:10173000B6F1300EE8CFB7F1300EE8CFB8F13B0E7E
:10174000E8CFB9F138EC08F051A25BD009C7E8FF47
:10175000300A01E005D022C0E8FF300F006E02D051
:10176000300E006E450E66EC02F0580E66EC02F08C
:10177000300E66EC02F0310E66EC02F0350E66ECCF
:1017800002F0300E66EC02F0300E66EC02F0300E25
:1017900066EC02F0300E66EC02F0005066EC02F0EF
:1017A0003B0E66EC02F00A0E69EC05F0450EE8CF40
:1017B000B0F1580EE8CFB1F1300EE8CFB2F1310EF2
:1017C000E8CFB3F1350EE8CFB4F1300EE8CFB5F184
:1017D000300EE8CFB6F1300EE8CFB7F1300EE8CFDB
:1017E000B8F13B0EE8CFB9F138EC08F051A209D0BE
:1017F00009C7E8FF300A03E0D5EC06F002D0CCECD4
:1018000006F02D6A12004EA4FED7D4EC02F068EC6C
:1018100005F0460EE8CFB0F1410EE8CFB1F13B0E36
:10182000E8CFB2F138EC08F051A20AD06FEC3AF0F0
:10183000215206E012EC10F051A202D00AEC11F095
:101840002D6A12004EA4FED7D4EC02F068EC05F02D
:10185000460EE8CFB0F1420EE8CFB1F13B0EE8CF33
:10186000B2F138EC08F051A20AD06FEC3AF02152F4
:1018700006E012EC10F051A202D00AEC11F02D6A31
:1018800012004EA4FED7D4EC02F068EC05F052B67C
:1018900009D0000EF86E820EF76EC60EF66ECEEC14
:1018A00005F017D0460EE8CFB0F1430EE8CFB1F106
:1018B0003B0EE8CFB2F138EC08F051A20AD06FEC41
:1018C0003AF0215206E012EC10F051A202D00AECDC
:1018D00011F02D6A12004EA4FED7D4EC02F068EC91
:1018E00005F012EC10F051A21DD0000EF86E860E1D
:1018F000F76EAE0EF66ECEEC05F00A0E69EC05F052
:1019000052B43AEC0DF052B0E3EC0DF052B2E3EC0D
:101910000DF052B83BEC0EF052BA3BEC0EF052B662
:1019200094EC0CF02D6A12003D50310A19E03D5044
:10193000320A16E0460EE8CFB0F1570EE8CFB1F10B
:101940003B0EE8CFB2F138EC08F051A291D033EC65
:1019500018F03D50340A04E03D50350A2BE088D0A1
:101960000A0E69EC05F0450EE8CFB0F1580EE8CF4D
:10197000B1F1300EE8CFB2F1350EE8CFB3F1300E51
:10198000E8CFB4F1300EE8CFB5F1310EE8CFB6F1C3
:10199000300EE8CFB7F1300EE8CFB8F13B0EE8CF0C
:1019A000B9F138EC08F051A263D009C763F20A0E0E
:1019B00069EC05F0530EE8CFB0F14C0EE8CFB1F171
:1019C0003B0EE8CFB2F138EC08F051A251D02C0E0A
:1019D0009FEC05F0200E9FEC05F03D50310A06E02B
:1019E0003D50320A03E03D50340A04E163C2E8FF8F
:1019F000310A09E0000EF86E8A0EF76E040EF66EDC
:101A0000CEEC05F000D053EC23F0530EE8CFB0F14C
:101A1000480EE8CFB1F13B0EE8CFB2F138EC08F058
:101A200051A226D02C0E9FEC05F0200E9FEC05F065
:101A30003D50310A06E03D50320A03E03D50340A81
:101A400004E163C2E8FF310A09E0000EF86E890E76
:101A5000F76EFA0EF66ECEEC05F008D0000EF86EBA
:101A60008F0EF76E400EF66ECEEC05F0F7EC1EF022
:101A70002D6A12003D50310A06E03D50320A03E063
:101A80003D50340A24E1450EE8CFB0F1580EE8CFBE
:101A9000B1F1300EE8CFB2F1340EE8CFB3F1350E2C
:101AA000E8CFB4F1300EE8CFB5F1300EE8CFB6F1A3
:101AB000300EE8CFB7F1300EE8CFB8F13B0EE8CFEB
:101AC000B9F138EC08F051A27CD009C762F20A0ED5
:101AD00069EC05F0460EE8CFB0F1570EE8CFB1F152
:101AE0003B0EE8CFB2F138EC08F051A26AD063ECBB
:101AF00018F03D50330A65E03D50370A62E03D5032
:101B0000360A5FE03D50390A5CE0530EE8CFB0F191
:101B10004C0EE8CFB1F13B0EE8CFB2F138EC08F053
:101B200051A24FD02C0E9FEC05F0200E9FEC05F03B
:101B30003D50310A06E03D50320A03E03D50340A80
:101B400004E162C2E8FF310A09E0000EF86E8A0E75
:101B5000F76E040EF66ECEEC05F000D0AFEC23F07D
:101B6000530EE8CFB0F1480EE8CFB1F13B0EE8CF0D
:101B7000B2F138EC08F051A224D02C0E9FEC05F005
:101B8000200E9FEC05F03D50310A06E03D50320A30
:101B900003E03D50340A04E162C2E8FF300A07E185
:101BA000000EF86E890EF76EFA0EF66E06D0000E75
:101BB000F86E8F0EF76E380EF66ECEEC05F0EFEC89
:101BC0001FF02D6A1200460EE8CFB0F1570EE8CF95
:101BD000B1F13B0EE8CFB2F138EC08F051A249D098
:101BE000ACEC18F03D50310A0AE03D50320A07E0F3
:101BF0003D50340A04E03D50350A01E03AD0530E1E
:101C0000E8CFB0F14C0EE8CFB1F13B0EE8CFB2F126
:101C100038EC08F051A22DD02C0E9FEC05F0200ED0
:101C20009FEC05F0000EF86E8A0EF76E040EF66E4D
:101C3000CEEC05F02FEC24F0530EE8CFB0F1480EB7
:101C4000E8CFB1F13B0EE8CFB2F138EC08F051A289
:101C500010D02C0E9FEC05F0200E9FEC05F0000E2E
:101C6000F86E890EF76EFA0EF66ECEEC05F0E3EC28
:101C700020F02D6A12003D50310A07E03D50320A33
:101C800004E03D50340A01E045D0440EE8CFB0F105
:101C9000410EE8CFB1F13B0EE8CFB2F138EC08F0DD
:101CA00051A2C7D002C760F252B834D03D50310AB9
:101CB00003E03D50320A2EE10A0E69EC05F0450EB4
:101CC000E8CFB0F1580EE8CFB1F1300EE8CFB2F165
:101CD000320EE8CFB3F1380EE8CFB4F160C2E8FFBE
:101CE000300A03E0390EE8CFB4F1300EE8CFB5F199
:101CF000300EE8CFB6F1300EE8CFB7F1300EE8CFB6
:101D0000B8F13B0EE8CFB9F138EC08F051A291D010
:101D100009C761F20A0E69EC05F03D50310A19E07D
:101D20003D50320A16E03D50350A13E0460EE8CF2A
:101D3000B0F1570EE8CFB1F13B0EE8CFB2F138EC7D
:101D400008F051A276D0B8EC19F03D50340A01E009
:101D500070D0530EE8CFB0F14C0EE8CFB1F13B0E8E
:101D6000E8CFB2F138EC08F051A263D02C0E9FEC12
:101D700005F0200E9FEC05F052A80BD03D50310A23
:101D800003E03D50320A0FE160C2E8FF300A0BE089
:101D900013D03D50310A03E03D50320A04E161C2E4
:101DA000E8FF310A09E1000EF86E8A0EF76E040EA4
:101DB000F66ECEEC05F000D003EC25F0530EE8CF24
:101DC000B0F1480EE8CFB1F13B0EE8CFB2F138ECFC
:101DD00008F051A22ED02C0E9FEC05F0200E9FECA7
:101DE00005F052A80BD03D50310A03E03D50320AB5
:101DF0000FE160C2E8FF300A0BE011D03D50310A1C
:101E000003E03D50320A04E161C2E8FF310A07E114
:101E1000000EF86E890EF76EFA0EF66E06D0000E02
:101E2000F86E830EF76EBA0EF66ECEEC05F0CCECC3
:101E300021F02D6A12004EA4FED7D4EC02F068EC1B
:101E400005F0000EF86E870EF76EEC0EF66ECEEC17
:101E500005F052AE03D00BEC12F002D012EC10F0F1
:101E600051A24CD03D50340A41E00A0E69EC05F015
:101E700052BE05D052BA03D052BE01D01FD0470E79
:101E8000E8CFB0F1430EE8CFB1F152AE06D0FCC1BD
:101E9000B2F13B0EE8CFB3F103D03B0EE8CFB2F185
:101EA00038EC08F051A22AD052BE03C7FDF1E5EC90
:101EB00019F053A223D0320E69EC05F0470EE8CF9B
:101EC000B0F1540EE8CFB1F152AE06D0FCC1B2F180
:101ED0003B0EE8CFB3F103D03B0EE8CFB2F138ECC4
:101EE00008F051A20BD036EC1AF008D0000EF86EB4
:101EF0008E0EF76EE20EF66ECEEC05F02D6A120035
:101F00004EA4FED7D4EC02F068EC05F0000EF86E9B
:101F1000870EF76EF60EF66ECEEC05F052AE03D0DD
:101F20000BEC12F002D012EC10F051A21FD03D5079
:101F3000330A0CE03D50370A09E0000EF86E8A0EB5
:101F4000F76E0E0EF66ECEEC05F010D0490EE8CF0F
:101F5000B0F1530EE8CFB1F13B0EE8CFB2F138EC5F
:101F600008F051A203D0D9EC1AF000D02D6A12006B
:101F70004EA4FED7D4EC02F068EC05F0000EF86E2B
:101F8000860EF76EC80EF66ECEEC05F04B0EE8CF5F
:101F9000B0F1530EE8CFB1F13B0EE8CFB2F138EC1F
:101FA00008F051A202D013EC1BF02D6A12004EA4CF
:101FB000FED7D4EC02F068EC05F012EC10F051A260
:101FC0002FD022EC10F052B803D052BA01D028D052
:101FD0000A0E69EC05F03D50310A07E03D50320A27
:101FE00004E03D50340A01E01BD0440EE8CFB0F1CC
:101FF000410EE8CFB1F13B0EE8CFB2F138EC08F07A
:1020000051A20ED002C760F202C7E8FF310A08E110
:10201000000EF86E870EF76E5C0EF66ECEEC05F0D5
:102020002D6A12004D0EE8CFB0F1440EE8CFB1F1A9
:102030003B0EE8CFB2F138EC08F051A202D002C753
:102040003DF01200000EF86E870EF76E400EF66E31
:10205000CEEC05F0310E3D1807E1000EF86E870E4C
:10206000F76E800EF66ED3D0320E3D1807E1000EEB
:10207000F86E870EF76E780EF66EC9D0330E3D18E7
:1020800007E1000EF86E870EF76E480EF66EBFD0B1
:10209000340E3D1807E1000EF86E870EF76E720ED3
:1020A000F66EB5D0350E3D1807E1000EF86E870EBE
:1020B000F76E3A0EF66EABD0360E3D1807E1000E05
:1020C000F86E870EF76E900EF66EA1D0370E3D18A3
:1020D00007E1000EF86E870EF76E4E0EF66E97D083
:1020E000390E3D1807E1000EF86E870EF76E960E5A
:1020F000F66E8DD052AE8DD0410E3D1807E1000E28
:10210000F86E870EF76EA60EF66E81D0420E3D1861
:1021100007E1000EF86E8F0EF76E620EF66E77D046
:10212000430E3D1807E1000EF86E8F0EF76E6A0E33
:10213000F66E6DD0440E3D1807E1000EF86E8F0E5E
:10214000F76E720EF66E63D0450E3D1807E1000E75
:10215000F86E8F0EF76E7A0EF66E59D0460E3D1859
:1021600007E1000EF86E8F0EF76E820EF66E4FD0FE
:10217000470E3D1807E1000EF86E8F0EF76E8A0EBF
:10218000F66E45D0480E3D1807E1000EF86E8F0E32
:10219000F76E920EF66E3BD0490E3D1807E1000E29
:1021A000F86E8F0EF76E9A0EF66E31D04A0E3D180D
:1021B00007E1000EF86E8F0EF76EA20EF66E27D0B6
:1021C0004B0E3D1807E1000EF86E8F0EF76EAA0E4B
:1021D000F66E1DD04C0E3D1807E1000EF86E8F0E06
:1021E000F76EB20EF66E13D04D0E3D1807E1000EDD
:1021F000F86E8F0EF76EBA0EF66E09D04E0E3D18C1
:1022000008E1000EF86E8F0EF76EC20EF66ECEEC81
:1022100005F01200310E3D1804E14C0E9FEC05F064
:1022200048D0320E3D1804E1550E9FEC05F041D028
:10223000330E3D1804E1430E9FEC05F03AD0340E06
:102240003D1804E1460E9FEC05F033D0350E3D18E5
:1022500004E1410E9FEC05F02CD0360E3D180AE14A
:10226000460E9FEC05F0530E9FEC05F04B0E9FECD5
:1022700005F01FD0370E3D1810E1460E9FEC05F01B
:10228000530E9FEC05F04B0E9FEC05F0200E9FECDB
:1022900005F0520E9FEC05F00CD0390E3D1809E107
:1022A000440E9FEC05F0200E9FEC05F0520E9FECC3
:1022B00005F09EEC05F012004EA4FED7D4EC02F01F
:1022C00068EC05F052B01AD052B218D0000EF86E79
:1022D0008D0EF76EC60EF66ECEEC05F04D0EE8CF05
:1022E000B0F1460EE8CFB1F13B0EE8CFB2F138ECD9
:1022F00008F051A20BD0C6EC1BF008D0000EF86E0F
:10230000820EF76EC60EF66ECEEC05F02D6A120048
:102310004EA4FED7D4EC02F068EC05F0000EF86E87
:10232000860EF76EBC0EF66ECEEC05F04D0EE8CFC5
:10233000B0F1470EE8CFB1F13B0EE8CFB2F138EC87
:1023400008F051A202D0DEEC1BF02D6A12004EA460
:10235000FED7D4EC02F068EC05F0000EF86E860EA5
:10236000F76ED60EF66ECEEC05F04D0EE8CFB0F15E
:102370004C0EE8CFB1F13B0EE8CFB2F138EC08F0EB
:1023800051A202D0EDEC1BF02D6A12004EA4FED734
:10239000D4EC02F068EC05F04E0EE8CFB0F1420E3E
:1023A000E8CFB1F13B0EE8CFB2F138EC08F051A222
:1023B00002D072EC1DF02D6A12004EA4FED7D4ECB0
:1023C00002F068EC05F04E0EE8CFB0F1520EE8CF07
:1023D000B1F13B0EE8CFB2F138EC08F051A202D0D7
:1023E00098EC1DF02D6A12004EA4FED7D4EC02F03A
:1023F00068EC05F04E0EE8CFB0F1540EE8CFB1F125
:102400003B0EE8CFB2F138EC08F051A202D0C9EC93
:102410001DF02D6A1200F6EC09F051A214D00A0E3C
:1024200069EC05F04F0EE8CFB0F14D0EE8CFB1F1F9
:10243000FCC1B2F13B0EE8CFB3F138EC08F051A289
:1024400002D003C73DF012004EA4FED7D4EC02F038
:1024500068EC05F052B063D052B261D0000EF86E55
:102460008A0EF76E860EF66ECEEC05F052AE03D0F5
:102470000BEC12F002D012EC10F051A258D03D50EB
:10248000340A44E152B601D02ED00A0E69EC05F0B0
:102490004F0EE8CFB0F1530EE8CFB1F13B0EE8CFCD
:1024A000B2F138EC08F051A242D05BEC1CF002C74C
:1024B000E8FF310A05E002C7E8FF320A01E037D041
:1024C0000A0E69EC05F04F0EE8CFB0F1460EE8CFEA
:1024D000B1F13B0EE8CFB2F138EC08F051A227D0B1
:1024E0001DEC1CF024D00A0E69EC05F0580EE8CF64
:1024F000B0F14F0EE8CFB1F13B0EE8CFB2F138ECBE
:1025000008F051A214D083EC1CF011D0000EF86E2C
:102510008A0EF76E980EF66ECEEC05F008D0000E1F
:10252000F86E820EF76EC60EF66ECEEC05F02D6AD2
:1025300012004EA4FED7D4EC02F068EC05F052AEC7
:1025400007D0F6EC09F051A2B5D00A0E69EC05F0FF
:1025500052A617D0440EE8CFB0F1430EE8CFB1F148
:102560003B0EE8CFB2F138EC08F051A221D0509CDC
:1025700002C700F0310E0018D8B4508C0A0E69EC76
:1025800005F0500EE8CFB0F1410EE8CFB1F152AEF8
:1025900006D0FCC1B2F13B0EE8CFB3F103D03B0E45
:1025A000E8CFB2F138EC08F051A202D0E3EC1CF015
:1025B00051942D6A12004EA4FED7D4EC02F068ECC0
:1025C00005F0000EF86E860EF76EF00EF66ECEEC8D
:1025D00005F0500EE8CFB0F1430EE8CFB1F13B0E5D
:1025E000E8CFB2F138EC08F051A202D027EC1DF090
:1025F0002D6A12004EA4FED7D4EC02F068EC05F070
:10260000000EF86E8D0EF76EE00EF66ECEEC05F055
:10261000500EE8CFB0F1520EE8CFB1F13B0EE8CF4B
:10262000B2F138EC08F051A21DD002C700F0310E13
:10263000001803E0CCEC06F015D0D5EC06F052B053
:1026400011D052B20FD0500EE8CFB0F14C0EE8CFFF
:10265000B1F13B0EE8CFB2F138EC08F051A202D054
:1026600039EC1DF02D6A12004EA4FED7D4EC02F016
:1026700068EC05F052AE07D0F6EC09F051A21AD082
:102680000A0E69EC05F0520EE8CFB0F1410EE8CF2A
:10269000B1F152AE06D0FCC1B2F13B0EE8CFB3F1BE
:1026A00003D03B0EE8CFB2F138EC08F051A202D0D3
:1026B000EBEC1DF051942D6A12004EA4FED7D4EC21
:1026C00002F068EC05F0520EE8CFB0F1540EE8CFFE
:1026D000B1F13B0EE8CFB2F138EC08F051A266D070
:1026E00002C7E8FF006E300A0EE0000EF86E880E9A
:1026F000F76E020EF66ECEEC05F02C0E9FEC05F098
:10270000200E9FEC05F0580EE8CFB0F1540EE8CF44
:10271000B1F13B0EE8CFB2F138EC08F051A246D04F
:1027200002C7E8FF300A0FE0000EF86E880EF76E61
:102730000A0EF66ECEEC05F02C0E9FEC05F0200E86
:102740009FEC05F00CD0300E001809E1000EF86E79
:10275000880EF76E120EF66ECEEC05F027D0490EFD
:10276000E8CFB0F1460EE8CFB1F13B0EE8CFB2F1C1
:1027700038EC08F051A21AD011C7E8FF9FEC05F021
:1027800012C7E8FF9FEC05F013C7E8FF9FEC05F0C8
:1027900014C7E8FF9FEC05F015C7E8FF9FEC05F0B4
:1027A00016C7E8FF9FEC05F09EEC05F02D6A1200BD
:1027B0004EA4FED7D4EC02F068EC05F04650320A85
:1027C0000CE04650330A10E0000EF86E850EF76EEE
:1027D000760EF66ECEEC05F041D0000EF86E8A0E45
:1027E000F76E700EF66E06D0000EF86E880EF76E5D
:1027F000EA0EF66ECEEC05F0000EF86E8A0EF76E5D
:102800007E0EF66ECEEC05F052AE05D0320E0018FC
:10281000310ED8B4006E520E66EC02F04D0E66EC2E
:1028200002F0465066EC02F052AE03D0310E66EC78
:1028300002F03B0E66EC02F00A0E69EC05F0520E57
:10284000E8CFB0F14D0EE8CFB1F13B0EE8CFB2F1D9
:1028500038EC08F051A202D03FEC26F01E0E69ECD5
:1028600005F02D6A12004EA4FED7D4EC02F068ECFD
:1028700005F052B609D0000EF86E820EF76EC60E45
:10288000F66ECEEC05F017D0000EF86E8C0EF76EDB
:102890007C0EF66ECEEC05F0530EE8CFB0F1410E93
:1028A000E8CFB1F13B0EE8CFB2F138EC08F051A21D
:1028B00002D060EC26F02D6A12004EA4FED7D4ECB4
:1028C00002F068EC05F0530EE8CFB0F14D0EE8CF02
:1028D000B1F152B002D052A204D03B0EE8CFB2F117
:1028E00008D0300E51B4310EE8CFB2F13B0EE8CF34
:1028F000B3F138EC08F051A202D046EC27F0519425
:102900002D6A12004EA4D9D7D4EC02F068EC05F081
:1029100051B411D0530EE8CFB0F14D0EE8CFB1F164
:10292000320EE8CFB2F13B0EE8CFB3F138EC08F04D
:1029300051A213D010D0530EE8CFB0F14D0EE8CF16
:10294000B1F1330EE8CFB2F13B0EE8CFB3F138EC82
:1029500008F051A202D046EC27F051942D6A1200E3
:102960004EA4FED7D4EC02F068EC05F052B405D0CA
:1029700052B603D0EDEC04F024D0000EF86E8D0EAC
:10298000F76EA20EF66ECEEC05F012EC10F051A22E
:1029900018D0530EE8CFB0F1540EE8CFB1F13B0E92
:1029A000E8CFB2F138EC08F051A20BD0A4EC28F03B
:1029B00008D0000EF86E820EF76EC60EF66ECEECE4
:1029C00005F02D6A12004EA4FED7D4EC02F068EC9C
:1029D00005F0000EF86E850EF76E3A0EF66ECEEC30
:1029E00005F0520E66EC02F04D0E66EC02F0310E70
:1029F00066EC02F03B0E66EC02F0030E69EC05F0AB
:102A0000520EE8CFB0F14D0EE8CFB1F13B0EE8CF5A
:102A1000B2F138EC08F051A202D0EFEC29F01E0E12
:102A200069EC05F02D6A12004EA4FED7D4EC02F03A
:102A300068EC05F051B207D0000EF86E8A0EF76E02
:102A4000C40EF66E06D0000EF86E8A0EF76EAE0E4D
:102A5000F66ECEEC05F052AE07D00BEC12F051A2A0
:102A60006ED03D50340A63E152AE23D0540EE8CF0D
:102A7000B0F1420EE8CFB1F13B0EE8CFB2F138EC45
:102A800008F051A25CD002C700F000B007D0000EE1
:102A9000F86E8E0EF76ED00EF66E06D0000EF86E43
:102AA000860EF76E0E0EF66ECEEC05F00A0E69EC91
:102AB00005F0540EE8CFB0F14F0EE8CFB1F152AEB1
:102AC00006D000C0B2F13B0EE8CFB3F103D03B0E0D
:102AD000E8CFB2F138EC08F051A231D002C700F0D3
:102AE00052BE03C700F0310E00180EE0320E00187F
:102AF0000BE0330E001818E1000EF86E8A0EF76E28
:102B0000B60EF66ECEEC05F0540EE8CFB0F14E0ED8
:102B1000E8CFB1F13B0EE8CFB2F138EC08F051A2AA
:102B20000ED068EC2CF00BD0CCEC06F008D0000EE8
:102B3000F86E8A0EF76E980EF66ECEEC05F02D6AE2
:102B400012004EA4FED7D4EC02F068EC05F052A6B9
:102B50003FD0530EE8CFB0F1410EE8CFB1F13B0EBC
:102B6000E8CFB2F138EC08F051A228D102C7E8FF53
:102B7000300A0AE0000EF86E8C0EF76E600EF66EEC
:102B8000CEEC05F0DEEF16F0440EE8CFB0F1430EC8
:102B9000E8CFB1F13B0EE8CFB2F138EC08F051A22A
:102BA0000DD102C7E8FF300A09E0000EF86E860E6C
:102BB000F76E0E0EF66ECEEC05F008D0000EF86E35
:102BC0008E0EF76ED00EF66ECEEC05F0B6EC04F07D
:102BD00052AE09D0F6EC09F051A2F0D0FBEC17F0A0
:102BE0000A0E69EC05F0460EE8CFB0F1540EE8CFBE
:102BF000B1F13B0EE8CFB2F138EC08F051A2DED0D3
:102C000002C7E8FF300A0DE002C7E8FF310A12E010
:102C100002C7E8FF320A17E002C7E8FF330A1CE0E8
:102C200035D0000EF86E880EF76E2C0EF66ECEECD8
:102C300005F02CD0000EF86E880EF76E440EF66E7E
:102C4000CEEC05F023D0000EF86E8E0EF76E540E0B
:102C5000F66ECEEC05F009D0000EF86E8E0EF76E13
:102C6000700EF66ECEEC05F011D052BE0FD04D0EA8
:102C7000E8CFB0F1430EE8CFB1F13B0EE8CFB2F1AF
:102C800038EC08F051A29AD0AAEC1BF0B6EC04F094
:102C9000460EE8CFB0F1520EE8CFB1F13B0EE8CFCF
:102CA000B2F138EC08F051A289D002C7E8FF300A2F
:102CB0000DE002C7E8FF310A12E002C7E8FF320A5E
:102CC00017E002C7E8FF330A1CE023D0000EF86EBD
:102CD0008D0EF76EF20EF66ECEEC05F01AD0000EE9
:102CE000F86E8E0EF76E080EF66ECEEC05F011D073
:102CF000000EF86E8E0EF76E1E0EF66ECEEC05F020
:102D000008D0000EF86E8E0EF76E3A0EF66ECEEC10
:102D100005F0B6EC04F04C0EE8CFB0F14B0EE8CF66
:102D2000B1F13B0EE8CFB2F138EC08F051A246D039
:102D300022EC1BF0B6EC04F0460EE8CFB0F1530ED7
:102D4000E8CFB1F152AE06D0FCC1B2F13B0EE8CFF4
:102D5000B3F103D03B0EE8CFB2F138EC08F051A24A
:102D60002DD052BE09D002C7E8FF300A27E002C7C3
:102D7000E8FF310A19E022D002C7E8FF310A07E173
:102D8000000EF86E860EF76E0E0EF66E06D0000E72
:102D9000F86E8E0EF76ED00EF66E03C7E8FF300A9F
:102DA0000DE0CEEC05F000D0000EF86E8D0EF76E43
:102DB000940EF66ECEEC05F0D5EC06F02D6A1200FE
:102DC0004EA4FED7D4EC02F068EC05F0560EE8CF26
:102DD000B0F1580EE8CFB1F13B0EE8CFB2F138ECCC
:102DE00008F051A266D002C7E8FF300A09E1000EE0
:102DF000F86E880EF76E5A0EF66ECEEC05F03CD0EB
:102E0000000EF86E8E0EF76ED80EF66ECEEC05F054
:102E1000560EE8CFB0F1470EE8CFB1F13B0EE8CF48
:102E2000B2F138EC08F051A244D0000EF86E8A0ED0
:102E3000F76E540EF66ECEEC05F0ABEC17F0560EB6
:102E4000E8CFB0F1440EE8CFB1F13B0EE8CFB2F1DC
:102E500038EC08F051A22DD02C0E9FEC05F0200E7E
:102E60009FEC05F0000EF86E8A0EF76E5A0EF66EA5
:102E7000CEEC05F0D4EC2EF0530EE8CFB0F1440EBA
:102E8000E8CFB1F13B0EE8CFB2F138EC08F051A237
:102E900010D02C0E9FEC05F0200E9FEC05F0000EDC
:102EA000F86E8A0EF76E620EF66ECEEC05F0D4EC7C
:102EB0002EF02D6A1200000EF86E890EF76EE00EED
:102EC000F66ECEEC05F002C7E8FF300A07E103C753
:102ED000E8FF300A03E1CCEC06F01FD002C7E8FFA0
:102EE000300A0EE0000EF86E8C0EF76E500EF66E85
:102EF000CEEC05F02C0E9FEC05F0200E9FEC05F0BB
:102F000003C7E8FF300A09E0000EF86E8C0EF76E7A
:102F1000580EF66ECEEC05F000D01200AFEC04F0C7
:102F200002C7E8FF300A08E0000EF86E860EF76E62
:102F30000E0EF66ECEEC05F003C7E8FF9FEC05F031
:102F400004C7E8FF9FEC05F005C7E8FF9FEC05F01C
:102F50009EEC05F0120002C7E8FF9FEC05F003C7E6
:102F6000E8FF9FEC05F004C7E8FF9FEC05F09EEC3E
:102F700005F01200000EF86E860EF76E740EF66EF7
:102F8000CEEC05F002C7E8FF9FEC05F09EEC05F0E3
:102F90001200000EF86E8A0EF76E2C0EF66ECEEC56
:102FA00005F002C7E8FF300A08E002C7E8FF310A6F
:102FB00007E002C7E8FF320A06E0CCEC06F01AD0C0
:102FC000D5EC06F017D0000EF86E870EF76EE40E03
:102FD000F66ECEEC05F0420EE8CFB0F1500EE8CF21
:102FE000B1F13B0EE8CFB2F138EC08F051A202D0BB
:102FF000ABEC17F0120002C7E8FF300A0DE0508C6E
:10300000310EE8CFFCF1000EF86E860EF76E0E0E54
:10301000F66ECEEC05F00CD0509C300EE8CFFCF1F3
:10302000000EF86E8E0EF76ED00EF66ECEEC05F03A
:10303000120002C700F0300E00180BE000D0508CD8
:10304000000EF86E860EF76E0E0EF66ECEEC05F0E4
:1030500009D0509C000EF86E8E0EF76ED00EF66EF4
:10306000CEEC05F012003D50340A04E03D50350A24
:1030700001E016E105C7E8FF300A09E1000EF86E2D
:10308000890EF76E520EF66ECEEC05F01BD0000ED8
:10309000F86E890EF76E5A0EF66ECEEC05F012D071
:1030A00002C7E8FF9FEC05F003C7E8FF9FEC05F0BF
:1030B00004C7E8FF9FEC05F005C7E8FF9FEC05F0AB
:1030C0009EEC05F012003D50310A0AE03D50320AF4
:1030D00007E03D50340A04E03D50350A01E029D0B4
:1030E00005C7E8FF310A0DE005C7E8FF320A15E021
:1030F000000EF86E830EF76EE60EF66ECEEC05F05F
:103100002AD0000EF86E890EF76E520EF66ECEECD7
:1031100005F0310E9FEC05F01CD0000EF86E890E04
:10312000F76E520EF66ECEEC05F0320E9FEC05F007
:1031300010D002C7E8FF9FEC05F003C7E8FF9FEC43
:1031400005F004C7E8FF9FEC05F005C7E8FF9FEC1A
:1031500005F09EEC05F012003D50310A0AE03D50AA
:10316000320A07E03D50340A04E03D50350A01E0E0
:1031700016D005C7E8FF300A09E1000EF86E890E87
:10318000F76E5A0EF66ECEEC05F0F1D0000EF86E2A
:10319000890EF76E520EF66ECEEC05F0E8D0000EFA
:1031A000E8CF47F202C7E8FFD00FE8CF48F203C7E5
:1031B000E8FFD00FE8CF49F204C7E8FFD00FE8CF0F
:1031C0004AF205C7E8FFD00FE8CF4BF222EC40F0FF
:1031D0003D50330A0CE03D50370A09E03D50360AB5
:1031E000D8B484D03D50390AD8B480D0C0D04CC2B5
:1031F00054F24DC255F2000EE8CF56F24F0EE8CF12
:1032000057F247EC40F043E2630EE8CF57F247EC49
:1032100040F041E2950EE8CF57F247EC40F03FE234
:10322000C70EE8CF57F247EC40F03DE2010EE8CF81
:1032300056F22B0EE8CF57F247EC40F03BE28F0EF0
:10324000E8CF57F247EC40F039E2F30EE8CF57F2FF
:1032500047EC40F037E2020EE8CF56F2570EE8CFC7
:1032600057F247EC40F032E2030EE8CF56F2E70E99
:10327000E8CF57F247EC40F02DE2070EE8CF56F2C8
:10328000CF0EE8CF57F247EC40F028E22BD0350EB6
:103290009FEC05F067D0380E9FEC05F063D0310E3F
:1032A0009FEC05F05CD0310E9FEC05F0350E9FECE5
:1032B00005F058D0320E9FEC05F051D0330E9FEC44
:1032C00005F04DD0340E9FEC05F049D0350E9FEC43
:1032D00005F045D0360E9FEC05F041D0310E9FEC45
:1032E00005F03AD0320E9FEC05F036D04CC254F2C5
:1032F0004DC255F2010EE8CF56F2F30EE8CF57F269
:1033000047EC40F013E2030EE8CF56F2E70EE8CFA9
:1033100057F247EC40F011E2050EE8CF56F2DB0E13
:10332000E8CF57F247EC40F00CE20FD0320E9FECA2
:1033300005F0350E9FEC05F015D0350E9FEC05F02D
:103340000ED0310E9FEC05F007D0310E9FEC05F04A
:10335000350E9FEC05F003D0300E9FEC05F0300EDB
:103360009FEC05F0300E9FEC05F09EEC05F012008E
:103370003D50340A01E016D005C7E8FF300A09E1E4
:10338000000EF86E830EF76EE60EF66ECEEC05F0CC
:103390001BD0000EF86E890EF76E520EF66ECEEC54
:1033A00005F012D002C7E8FF9FEC05F003C7E8FF65
:1033B0009FEC05F004C7E8FF9FEC05F005C7E8FFA8
:1033C0009FEC05F09EEC05F01200538252BE14D023
:1033D00002C7E8FF300A28E002C7E8FF310A28E008
:1033E00002C7E8FF320A32E002C7E8FF330A35E0DD
:1033F00092EC06F0539239D003C7E8FF300A14E08C
:1034000003C7E8FF310A14E003C7E8FF320A17E0F8
:1034100003C7E8FF330A1AE003C7E8FF340A1DE0D8
:1034200092EC06F0539221D05392CCEC06F01DD0D2
:10343000000EF86E850EF76E280EF66E14D0000E94
:10344000F86E850EF76E200EF66E0DD0000EF86E3B
:10345000850EF76E1A0EF66E06D0000EF86E8F0E01
:10346000F76E520EF66ECEEC05F0120052B407D095
:1034700052B005D052B203D052B601D00DD002C71F
:10348000E8FF300A09E103C7E8FF300A05E104C795
:10349000E8FF300A01E18AD052B415D052B02DD0E5
:1034A00052B22BD052B843D052BA41D052BE55D0AE
:1034B00052B646D0000EF86E820EF76EC60EF66E4D
:1034C000CEEC05F075D004C7E8FF310A09E1000E23
:1034D000F86E850EF76E1A0EF66ECEEC05F068D01B
:1034E00004C7E8FF320A64E1000EF86E850EF76E3D
:1034F000280EF66ECEEC05F05BD004C7E8FF320A6A
:1035000009E1000EF86E850EF76E1A0EF66ECEEC1F
:1035100005F04ED004C7E8FF340A4AE1000EF86E09
:10352000850EF76E280EF66ECEEC05F041D002C780
:10353000E8FF9FEC05F003C7E8FF9FEC05F033D0F0
:1035400002C7E8FF9FEC05F003C7E8FF9FEC05F01A
:1035500004C7E8FF9FEC05F026D0FDC100F0310E56
:10356000001807E0320E00180DE0330E001813E0CB
:103570001FD003C7E8FF9FEC05F004C7E8FF9FECEE
:1035800005F011D005C7E8FF9FEC05F006C7E8FF7E
:103590009FEC05F008D007C7E8FF9FEC05F008C7CF
:1035A000E8FF9FEC05F09EEC05F002D0CCEC06F0B5
:1035B000120052B405D052B003D052B201D020D084
:1035C00002C7E8FF200A09E002C7E8FF2B0A05E06E
:1035D00002C7E8FF2D0A0AE011D0000EF86E880E2F
:1035E000F76EF20EF66ECEEC05F008D0000EF86E17
:1035F000880EF76EF80EF66ECEEC05F0B6EC04F021
:1036000003C7E8FF9FEC05F004C7E8FF9FEC05F057
:1036100005C7E8FF9FEC05F006C7E8FF9FEC05F043
:103620009EEC05F0120002C7E8FF9FEC05F003C70F
:10363000E8FF9FEC05F004C7E8FF9FEC05F09EEC67
:1036400005F0120052B415D052B665D052BE32D039
:1036500002C7E8FF300A7DE002C7E8FF310A79E1DE
:10366000000EF86E8E0EF76EA00EF66ECEEC05F024
:1036700070D002C7E8FF300A0CE002C7E8FF310A49
:1036800008E1000EF86E8E0EF76E8C0EF66ECEEC24
:1036900005F003C7E8FF300A5CE003C7E8FF310A22
:1036A00058E1000EF86E8E0EF76EA00EF66ECEECA0
:1036B00005F04FD002C7E8FF300A14E002C7E8FF68
:1036C000310A10E1000EF86E8E0EF76ED00EF66E17
:1036D000CEEC05F0000EF86E8E0EF76EB00EF66EA4
:1036E000CEEC05F003C7E8FF300A33E003C7E8FF7C
:1036F000310A2FE1000EF86E860EF76E0E0EF66E92
:10370000CEEC05F0000EF86E8E0EF76EB00EF66E73
:10371000CEEC05F01ED002C7E8FF300A1AE002C75F
:10372000E8FF310A09E1000EF86E8E0EF76EB00E5A
:10373000F66ECEEC05F00DD002C7E8FF320A09E1C3
:10374000000EF86E8E0EF76EC00EF66ECEEC05F023
:1037500000D0120003C7E8FF9FEC05F004C7E8FFA4
:103760009FEC05F002C7E8FF200A0DE0000EF86E9E
:10377000890EF76E080EF66ECEEC05F002C7E8FF74
:103780009FEC05F000D09EEC05F0120002C7E8FFA8
:10379000300A07E002C7E8FF310A0AE092EC06F0BF
:1037A0000CD0410E9FEC05F0270E9FEC05F003D0E6
:1037B000420E9FEC05F09EEC05F0120002C7E8FFF8
:1037C0009FEC05F003C7E8FF9FEC05F004C7E8FF96
:1037D0009FEC05F09EEC05F0120002C7E8FF9FEC9D
:1037E00005F003C7E8FF9FEC05F004C7E8FF9FEC76
:1037F00005F09EEC05F0120017EE00F0020EE3500B
:10380000300A11E1030EE350300A0DE1040EE350DB
:10381000300A04E1310E9FEC05F00CD0040EE350A9
:103820009FEC05F007D0310E9FEC05F0300E9FECB9
:1038300005F000D09EEC05F0120002C7E8FF9FECF7
:1038400005F003C7E8FF9FEC05F004C7E8FF9FEC15
:1038500005F005C7E8FF9FEC05F006C7E8FF9FEC01
:1038600005F007C7E8FF9FEC05F008C7E8FF300A3E
:1038700008E109C7E8FF300A04E10AC7E8FF300A97
:1038800011E02E0E9FEC05F008C7E8FF9FEC05F055
:1038900009C7E8FF9FEC05F00AC7E8FF9FEC05F0B9
:1038A0009EEC05F0000EF86E8A0EF76EA80EF66E0E
:1038B000CEEC05F0120002C7E8FF300A09E002C7AB
:1038C000E8FF310A0EE002C7E8FF320A13E01AD01F
:1038D000000EF86E8A0EF76E8E0EF66ECEEC05F0C8
:1038E00011D0000EF86E880EF76EF20EF66ECEEC6A
:1038F00005F008D0000EF86E880EF76EF80EF66E22
:10390000CEEC05F0120002C7E8FF300A05E002C75E
:10391000E8FF310A0AE056D0000EF86E880EF76E06
:10392000F20EF66ECEEC05F008D0000EF86E880EA2
:10393000F76EF80EF66ECEEC05F003C7E8FF9FECCD
:1039400005F004C7E8FF9FEC05F005C7E8FF9FEC12
:1039500005F006C7E8FF9FEC05F007C7E8FF9FECFE
:1039600005F008C7E8FF9FEC05F009C7E8FF9FECEA
:1039700005F00AC7E8FF9FEC05F00BC7E8FF300A27
:1039800008E10CC7E8FF300A04E10DC7E8FF300A80
:1039900011E02E0E9FEC05F00BC7E8FF9FEC05F041
:1039A0000CC7E8FF9FEC05F00DC7E8FF9FEC05F0A2
:1039B0009EEC05F0000EF86E8A0EF76EA80EF66EFD
:1039C000CEEC05F0120052BE07D052B616D002C798
:1039D000E8FF300A26E130D002C7E8FF300A08E0ED
:1039E000000EF86E860EF76E0E0EF66ECEEC05F03B
:1039F00003C7E8FF300A15E11FD050AC0DD0000E10
:103A0000F86E860EF76E0E0EF66ECEEC05F003C75E
:103A1000E8FF300A06E110D002C7E8FF300A01E1F2
:103A20000BD0000EF86E860EF76EE60EF66ECEEC3C
:103A300005F0D5EC06F00AD0000EF86E860EF76E93
:103A4000E60EF66ECEEC05F0CCEC06F0120002C7E6
:103A5000E8FF9FEC05F003C7E8FF9FEC05F004C703
:103A6000E8FF9FEC05F0570E9FEC05F09EEC05F08B
:103A700012002C0E9FEC05F0200E9FEC05F0000EBE
:103A8000F86E8E0EF76EFE0EF66ECEEC05F002C7E7
:103A9000E8FF9FEC05F003C7E8FF9FEC05F004C7C3
:103AA000E8FF9FEC05F02C0E9FEC05F0200E9FEC3C
:103AB00005F09EEC05F0000EF86E8F0EF76E060E08
:103AC000F66ECEEC05F005C7E8FF9FEC05F006C7E3
:103AD000E8FF9FEC05F007C7E8FF9FEC05F09EECC0
:103AE00005F01200000EF86E860EF76EF80EF66EF8
:103AF000CEEC05F002C7E8FF310A03E0CCEC06F09B
:103B000015D0D5EC06F052B011D052B20FD04E0EF7
:103B1000E8CFB0F14C0EE8CFB1F13B0EE8CFB2F1F7
:103B200038EC08F051A202D0FCEC1BF02D6A120018
:103B3000000EF86E870EF76EAC0EF66ECEEC05F04A
:103B400002C700F0310E001806E0320E001809E03E
:103B5000CCEC06F01CD0310EE8CFF9F19FEC05F06B
:103B600005D0320EE8CFF9F19FEC05F0D5EC06F068
:103B7000520EE8CFB0F14C0EE8CFB1F13B0EE8CFDA
:103B8000B2F138EC08F051A202D077EC1EF02D6AA9
:103B90001200000EF86E8D0EF76ED40EF66ECEEC9F
:103BA00005F002C7E8FF310A03E0CCEC06F011D0C3
:103BB000D5EC06F0410EE8CFB0F14C0EE8CFB1F1F4
:103BC0003B0EE8CFB2F138EC08F051A202D0ABECDA
:103BD00017F02D6A120052BE0BD052B645D002C764
:103BE000E8FF300A5DE103C7E8FF300A59E163D01E
:103BF00002C7E8FF300A08E0000EF86E860EF76E86
:103C00000E0EF66ECEEC05F003C7E8FF310A09E0B0
:103C100003C7E8FF320A0CE003C7E8FF330A12E0EB
:103C20004AD02D0E9FEC05F0360E9FEC05F013D018
:103C30002D0E9FEC05F0310E9FEC05F0320E9FEC3F
:103C400005F009D02D0E9FEC05F0310E9FEC05F02C
:103C5000380E9FEC05F0440E9FEC05F0420E9FECF1
:103C600005F09EEC05F031D050AC11D0000EF86E8E
:103C7000860EF76E0E0EF66ECEEC05F004C7E8FF6A
:103C8000300A0EE105C7E8FF300A0AE114D002C786
:103C9000E8FF300A05E103C7E8FF300A01E10BD075
:103CA000000EF86E870EF76E140EF66ECEEC05F071
:103CB000D5EC06F00AD0000EF86E870EF76E140EE3
:103CC000F66ECEEC05F0CCEC06F01200AFEC04F092
:103CD00002C7E8FF9FEC05F003C7E8FF9FEC05F083
:103CE00004C7E8FF9FEC05F09EEC05F01200F9C157
:103CF000E8FF320A12E003C7E8FF300A05E003C715
:103D0000E8FF9FEC05F070D0000EF86E850EF76EA0
:103D1000120EF66ECEEC05F069D003C7E8FF300A4C
:103D200004E1320E9FEC05F056D003C7E8FF310ADC
:103D300004E1340E9FEC05F04ED003C7E8FF320AD1
:103D400004E1360E9FEC05F046D003C7E8FF330AC6
:103D500004E1380E9FEC05F03ED003C7E8FF340ABB
:103D600007E1310E9FEC05F0300E9FEC05F033D0EB
:103D700003C7E8FF350A07E1310E9FEC05F0320E6C
:103D80009FEC05F028D003C7E8FF360A07E1310EA3
:103D90009FEC05F0340E9FEC05F01DD003C7E8FF43
:103DA000370A07E1310E9FEC05F0360E9FEC05F067
:103DB00012D003C7E8FF380A07E1310E9FEC05F087
:103DC000380E9FEC05F007D0320E9FEC05F0300E58
:103DD0009FEC05F000D04D0E9FEC05F0200E9FECFF
:103DE00005F0530E9FEC05F09EEC05F012003D50DF
:103DF000310A0DE03D50320A0AE03D50340A07E036
:103E00003D50350AD8B48BEF1FF0EEEF1FF063C2C0
:103E1000E8FF310AD8B4A2D002C7E8FF300A6BE14C
:103E200003C7E8FF300A07E1310E9FEC05F0340EBE
:103E30009FEC05F0CBD003C7E8FF310A07E1310E54
:103E40009FEC05F0360E9FEC05F0C0D003C7E8FFED
:103E5000320A07E1310E9FEC05F0380E9FEC05F0B9
:103E6000B5D003C7E8FF330A04E1320E9FEC05F03A
:103E7000AAD003C7E8FF340A07E1320E9FEC05F031
:103E8000320E9FEC05F0A2D003C7E8FF350A07E128
:103E9000320E9FEC05F0340E9FEC05F097D003C76F
:103EA000E8FF360A07E1320E9FEC05F0360E9FEC74
:103EB00005F08CD003C7E8FF370A07E1320E9FEC0C
:103EC00005F0380E9FEC05F081D003C7E8FF380AF3
:103ED00007E1330E9FEC05F0300E9FEC05F076D035
:103EE00003C7E8FF390A07E1330E9FEC05F0340EF3
:103EF0009FEC05F06BD003C7E8FF300A04E1340EF5
:103F00009FEC05F060D003C7E8FF310A67E1350E8A
:103F10009FEC05F058D003C7E8FF300A07E1320EE6
:103F20009FEC05F0350E9FEC05F050D003C7E8FF7D
:103F3000310A04E1330E9FEC05F045D003C7E8FFDA
:103F4000320A04E1340E9FEC05F03DD003C7E8FFD0
:103F5000330A44E1350E9FEC05F035D003C7E8FF86
:103F6000300A07E1310E9FEC05F0370E9FEC05F0AB
:103F700030D003C7E8FF310A0AE1310E9FEC05F0AB
:103F8000390E9FEC05F0330E9FEC05F022D003C7ED
:103F9000E8FF320A0AE1320E9FEC05F0310E9FEC89
:103FA00005F0360E9FEC05F014D003C7E8FF330A86
:103FB00015E1500E9FEC05F0530E9FEC05F04B0EF3
:103FC0009FEC05F009D0300E9FEC05F0300E9FEC11
:103FD00005F0300E9FEC05F09EEC05F012003D5010
:103FE000310A0DE03D50320A0AE03D50340A07E044
:103FF0003D50350AD8B493EF20F0E2EF20F062C2D2
:10400000E8FF310AD8B4B2D002C7E8FF300A68E14D
:1040100003C7E8FF300A04E1310E9FEC05F0C7D07A
:1040200003C7E8FF310A07E1310E9FEC05F0320EBD
:104030009FEC05F0BFD003C7E8FF320A07E1310E5D
:104040009FEC05F0340E9FEC05F0B4D003C7E8FFF9
:10405000330A07E1310E9FEC05F0360E9FEC05F0B8
:10406000A9D003C7E8FF340A07E1310E9FEC05F041
:10407000380E9FEC05F09ED003C7E8FF350A04E137
:10408000320E9FEC05F093D003C7E8FF360A07E134
:10409000320E9FEC05F0320E9FEC05F08BD003C77B
:1040A000E8FF370A07E1320E9FEC05F0340E9FEC73
:1040B00005F080D003C7E8FF380A07E1320E9FEC15
:1040C00005F0360E9FEC05F075D003C7E8FF390AFE
:1040D00007E1320E9FEC05F0380E9FEC05F06AD038
:1040E00003C7E8FF300A04E1330E9FEC05F05FD010
:1040F00003C7E8FF310A07E1330E9FEC05F0340EE9
:104100009FEC05F057D003C7E8FF320A04E1340EF4
:104110009FEC05F04CD003C7E8FF330A53E1350E9E
:104120009FEC05F044D003C7E8FF300A07E1320EE8
:104130009FEC05F0350E9FEC05F03CD003C7E8FF7F
:10414000310A04E1330E9FEC05F031D003C7E8FFDC
:10415000320A04E1340E9FEC05F029D003C7E8FFD2
:10416000330A30E1350E9FEC05F021D003C7E8FF9C
:10417000300A04E1310E9FEC05F019D003C7E8FFC7
:10418000310A07E1310E9FEC05F0350E9FEC05F08A
:1041900011D003C7E8FF320A15E1320E9FEC05F09B
:1041A000320E9FEC05F0310E9FEC05F006D0300E7C
:1041B0009FEC05F0300E9FEC05F0300E9FEC05F003
:1041C0009EEC05F0120002C7E8FF320AD8B4D4D042
:1041D00002C7E8FF300A68E103C7E8FF300A04E1DC
:1041E000350E9FEC05F0CCD003C7E8FF310A07E19C
:1041F000340E9FEC05F0380E9FEC05F0C4D003C7D9
:10420000E8FF320A07E1340E9FEC05F0360E9FEC12
:1042100005F0B9D003C7E8FF330A07E1340E9FEC7D
:1042200005F0340E9FEC05F0AED003C7E8FF340A6A
:1042300007E1340E9FEC05F0320E9FEC05F0A3D0A1
:1042400003C7E8FF350A04E1340E9FEC05F098D06F
:1042500003C7E8FF360A07E1330E9FEC05F0380E7E
:104260009FEC05F090D003C7E8FF370A07E1330E53
:104270009FEC05F0360E9FEC05F085D003C7E8FFF4
:10428000380A07E1330E9FEC05F0340E9FEC05F081
:104290007AD003C7E8FF390A07E1330E9FEC05F037
:1042A000320E9FEC05F06FD003C7E8FF300A04E13F
:1042B000330E9FEC05F064D003C7E8FF310A07E135
:1042C000320E9FEC05F0380E9FEC05F05CD003C772
:1042D000E8FF320A07E1320E9FEC05F0360E9FEC44
:1042E00005F051D003C7E8FF330A07E1320E9FEC17
:1042F00005F0340E9FEC05F046D003C7E8FF340A02
:1043000007E1320E9FEC05F0320E9FEC05F03BD03A
:1043100003C7E8FF350A04E1320E9FEC05F030D008
:1043200003C7E8FF360A07E1310E9FEC05F0380EAF
:104330009FEC05F028D003C7E8FF370A07E1310EEC
:104340009FEC05F0360E9FEC05F01DD003C7E8FF8B
:10435000380A07E1310E9FEC05F0340E9FEC05F0B2
:1043600012D003C7E8FF390A16E1310E9FEC05F0C1
:10437000320E9FEC05F007D0310E9FEC05F000D017
:10438000300E9FEC05F0300E9FEC05F0300E9FECE8
:1043900005F09EEC05F012003D50310A0DE03D5055
:1043A000320A0AE03D50340A14E03D50350AD8B4D0
:1043B0007AEF22F052EF23F052A806D060C2E8FF55
:1043C000310AD8B4BCD005D061C2E8FF310A01E09F
:1043D000B6D002C7E8FF300A68E103C7E8FF300A39
:1043E00004E1310E9FEC05F052D103C7E8FF310A1A
:1043F00007E1310E9FEC05F0320E9FEC05F04AD13B
:1044000003C7E8FF320A07E1310E9FEC05F0340ED6
:104410009FEC05F03FD103C7E8FF330A07E1310EF7
:104420009FEC05F0360E9FEC05F034D103C7E8FF92
:10443000340A07E1310E9FEC05F0380E9FEC05F0D1
:1044400029D103C7E8FF350A04E1320E9FEC05F0DD
:104450001ED103C7E8FF360A07E1320E9FEC05F0D4
:10446000320E9FEC05F016D103C7E8FF370A07E1CB
:10447000320E9FEC05F0340E9FEC05F00BD103C714
:10448000E8FF380A07E1320E9FEC05F0360E9FEC8C
:1044900005F000D103C7E8FF390A07E1320E9FECAF
:1044A00005F0380E9FEC05F0F5D003C7E8FF300AA1
:1044B00004E1330E9FEC05F0EAD003C7E8FF310AB0
:1044C00007E1330E9FEC05F0340E9FEC05F0E2D0CF
:1044D00003C7E8FF320A04E1340E9FEC05F0D7D0A1
:1044E00003C7E8FF330A04E1350E9FEC05F0CFD097
:1044F00052EF23F003C7E8FF300A07E1320E9FECCA
:1045000005F0350E9FEC05F0C5D003C7E8FF310A72
:1045100004E1330E9FEC05F0BAD003C7E8FF320A7E
:1045200004E1340E9FEC05F0B2D003C7E8FF330A74
:1045300004E1350E9FEC05F0AAD052EF23F002C73C
:10454000E8FF300A72E103C7E8FF300A04E1310EE8
:104550009FEC05F09CD003C7E8FF310A07E1310E5C
:104560009FEC05F0310E9FEC05F094D003C7E8FFF7
:10457000320A07E1310E9FEC05F0320E9FEC05F098
:1045800089D003C7E8FF330A07E1310E9FEC05F03D
:10459000330E9FEC05F07ED003C7E8FF340A07E135
:1045A000310E9FEC05F0340E9FEC05F073D003C77D
:1045B000E8FF350A07E1310E9FEC05F0350E9FEC60
:1045C00005F068D003C7E8FF360A07E1310E9FEC1B
:1045D00005F0360E9FEC05F05DD003C7E8FF370A03
:1045E00007E1310E9FEC05F0370E9FEC05F052D03D
:1045F00003C7E8FF380A0CE152B810D0310E9FEC27
:1046000005F0370E9FEC05F0350E9FEC05F045D018
:1046100003C7E8FF390A09E152B80DD0310E9FEC0B
:1046200005F0380E9FEC05F035D003C7E8FF300ADF
:1046300009E152B80DD0310E9FEC05F0390E9FEC18
:1046400005F028D003C7E8FF310A06E152B80AD0C6
:10465000320E9FEC05F01BD003C7E8FF320A09E1D8
:1046600052B80BD0320E9FEC05F0310E9FEC05F0E6
:1046700011D003C7E8FF330A15E1320E9FEC05F0B5
:10468000320E9FEC05F0310E9FEC05F006D0300E97
:104690009FEC05F0300E9FEC05F0300E9FEC05F01E
:1046A0009EEC05F012003D50310A0BE03D50320AFD
:1046B00008E03D50340A05E03D50350A0AE0AEEF0F
:1046C00023F063C2E8FF310A24E0CFEC25F0AEEF1F
:1046D00023F003C7E8FF300A04E1310E9FEC05F038
:1046E00038D003C7E8FF310A04E1310E9FEC05F032
:1046F0002DD003C7E8FF320A04E1320E9FEC05F02B
:1047000025D003C7E8FF330A29E1350E9FEC05F0F9
:104710001DD003C7E8FF300A09E1000EF86E890ECC
:10472000F76E5A0EF66ECEEC05F018D003C7E8FF10
:10473000310A14E1000EF86E890EF76E520EF66E15
:10474000CEEC05F00BD0300E9FEC05F0300E9FEC58
:1047500005F0300E9FEC05F09EEC05F012003D5088
:10476000310A0BE03D50320A08E03D50340A05E0C2
:104770003D50350A0AE02EEF24F062C2E8FF310A0C
:1047800021E0CFEC25F02EEF24F003C7E8FF300A3C
:1047900001E15FD003C7E8FF310A04E1310E9FEC6D
:1047A00005F054D003C7E8FF320A04E1320E9FEC53
:1047B00005F04CD003C7E8FF330A50E1350E9FECFB
:1047C00005F044D003C7E8FF300A04E1350E9FEC42
:1047D00005F03FD003C7E8FF310A04E1310E9FEC3A
:1047E00005F034D003C7E8FF320A07E1320E9FEC30
:1047F00005F0350E9FEC05F02CD003C7E8FF330A17
:1048000004E1350E9FEC05F021D003C7E8FF340A20
:1048100004E1310E9FEC05F016D003C7E8FF350A1E
:1048200007E1310E9FEC05F0350E9FEC05F00ED040
:1048300003C7E8FF360A12E1320E9FEC05F0340E92
:104840009FEC05F003D0300E9FEC05F0300E9FEC8E
:1048500005F0300E9FEC05F09EEC05F0120002C74B
:10486000E8FF320AD8B4BFD002C7E8FF300A5CE1E3
:1048700003C7E8FF300A04E1310E9FEC05F0BDD01C
:1048800003C7E8FF310A04E1350E9FEC05F0B5D00F
:1048900003C7E8FF320A04E1310E9FEC05F0AAD00D
:1048A00003C7E8FF330A07E1310E9FEC05F0350E30
:1048B0009FEC05F0A2D003C7E8FF340A04E1320EF2
:1048C0009FEC05F097D003C7E8FF350A07E1320EE9
:1048D0009FEC05F0350E9FEC05F08FD003C7E8FF85
:1048E000360A04E1330E9FEC05F084D003C7E8FFDD
:1048F000370A07E1330E9FEC05F0350E9FEC05F00B
:104900007CD003C7E8FF380A04E1340E9FEC05F0C1
:1049100071D003C7E8FF390A07E1340E9FEC05F0B8
:10492000350E9FEC05F069D003C7E8FF300A04E1BB
:10493000350E9FEC05F05ED003C7E8FF310A07E1B2
:10494000350E9FEC05F0350E9FEC05F056D003C7F1
:10495000E8FF320A04E1360E9FEC05F04BD003C7A6
:10496000E8FF330A07E1360E9FEC05F0350E9FECA9
:1049700005F043D003C7E8FF340A04E1370E9FEC8B
:1049800005F038D003C7E8FF350A07E1370E9FEC82
:1049900005F0350E9FEC05F030D003C7E8FF360A6E
:1049A00004E1380E9FEC05F025D003C7E8FF370A75
:1049B00007E1380E9FEC05F0350E9FEC05F01DD099
:1049C00003C7E8FF380A04E1390E9FEC05F012D066
:1049D00003C7E8FF390A16E1390E9FEC05F0350EE2
:1049E0009FEC05F00AD0310E9FEC05F000D0300EA0
:1049F0009FEC05F0300E9FEC05F0300E9FEC05F0BB
:104A00009EEC05F012003D50310A0BE03D50320A99
:104A100008E03D50340A11E03D50350A12E0CEEF77
:104A200025F052A805D060C2E8FF310A2CE005D07D
:104A300061C2E8FF310A01E026D0CFEC25F0CEEFCD
:104A400025F003C7E8FF300A04E1310E9FEC05F0C2
:104A5000A0D003C7E8FF310A04E1310E9FEC05F056
:104A600095D003C7E8FF320A04E1320E9FEC05F04F
:104A70008DD003C7E8FF330A04E1330E9FEC05F045
:104A800085D0CEEF25F002C7E8FF300A56E103C714
:104A9000E8FF300A04E1350E9FEC05F07AD003C739
:104AA000E8FF310A04E1380E9FEC05F072D003C72D
:104AB000E8FF320A04E1310E9FEC05F067D003C72E
:104AC000E8FF330A07E1310E9FEC05F0350E9FEC4D
:104AD00005F05FD003C7E8FF340A04E1320E9FEC13
:104AE00005F054D003C7E8FF350A07E1320E9FEC0A
:104AF00005F0350E9FEC05F04CD003C7E8FF360AF1
:104B000004E1330E9FEC05F041D003C7E8FF370AFC
:104B100004E1340E9FEC05F039D003C7E8FF380AF2
:104B200004E1350E9FEC05F031D003C7E8FF390AE8
:104B300004E1360E9FEC05F029D003C7E8FF300AE8
:104B400004E1310E9FEC05F01ED003C7E8FF310AE7
:104B500007E1310E9FEC05F0350E9FEC05F016D005
:104B600003C7E8FF320A04E1320E9FEC05F00BD0D8
:104B700003C7E8FF330A12E1320E9FEC05F0350E51
:104B80009FEC05F003D0300E9FEC05F0300E9FEC4B
:104B900005F0300E9FEC05F09EEC05F0120002C708
:104BA000E8FF300A50E103C7E8FF300A04E1310EA4
:104BB0009FEC05F05ED003C7E8FF310A04E1350E33
:104BC0009FEC05F056D003C7E8FF320A04E1310E2E
:104BD0009FEC05F04BD003C7E8FF330A04E1320E27
:104BE0009FEC05F043D003C7E8FF340A04E1330E1D
:104BF0009FEC05F03BD003C7E8FF350A04E1340E13
:104C00009FEC05F033D003C7E8FF360A04E1350E08
:104C10009FEC05F02BD003C7E8FF370A04E1360EFE
:104C20009FEC05F023D003C7E8FF380A04E1370EF4
:104C30009FEC05F01BD003C7E8FF390A04E1380EEA
:104C40009FEC05F013D003C7E8FF300A04E1390EEA
:104C50009FEC05F00BD003C7E8FF310A0FE1310EDE
:104C60009FEC05F000D0300E9FEC05F0300E9FEC6D
:104C700005F0300E9FEC05F09EEC05F0120003C726
:104C8000E8FF9FEC05F004C7E8FF9FEC05F005C7BF
:104C9000E8FF9FEC05F006C7E8FF9FEC05F01CA0BD
:104CA0000CD0440E9FEC05F06F0E9FEC05F0740ED7
:104CB0009FEC05F0730E9FEC05F09EEC05F01200E2
:104CC00002C7E8FF300A04E1CCEC06F045EF27F01C
:104CD00002C7E8FF310AD8A445EF27F0D5EC06F06B
:104CE000000EF86E8C0EF76E8C0EF66ECEEC05F0A4
:104CF00003C7E8FF9FEC05F004C7E8FF9FEC05F051
:104D000005C7E8FF300A09E1000EF86E8C0EF76E59
:104D10009E0EF66ECEEC05F00ED005C7E8FF310A08
:104D2000D8A445EF27F0000EF86E8C0EF76EBE0E7D
:104D3000F66ECEEC05F006C7E8FF300A09E1000E7A
:104D4000F86E8C0EF76EDE0EF66ECEEC05F00ED021
:104D500006C7E8FF310AD8A445EF27F0000EF86E29
:104D60008C0EF76EF20EF66ECEEC05F007C7E8FF7C
:104D7000300A09E1000EF86E8D0EF76E040EF66E25
:104D8000CEEC05F00ED007C7E8FF310AD8A445EFF6
:104D900027F0000EF86E8D0EF76E120EF66ECEEC4A
:104DA00005F008C7E8FF300A09E1000EF86E8D0E25
:104DB000F76E1E0EF66ECEEC05F00CD008C7E8FFBD
:104DC000310A63E1000EF86E8D0EF76E340EF66E4A
:104DD000CEEC05F009C7E8FF300A09E1000EF86ED5
:104DE0008D0EF76E480EF66ECEEC05F00CD009C7AE
:104DF000E8FF310A4AE1000EF86E8D0EF76E6C0E78
:104E0000F66ECEEC05F00AC7E8FF000A3EE00AC7DE
:104E1000E8FF9FEC05F00BC7E8FF000A36E00BC780
:104E2000E8FF9FEC05F00CC7E8FF000A2EE00CC776
:104E3000E8FF9FEC05F00DC7E8FF000A26E00DC76C
:104E4000E8FF9FEC05F00EC7E8FF000A1EE00EC762
:104E5000E8FF9FEC05F00FC7E8FF000A16E00FC758
:104E6000E8FF9FEC05F010C7E8FF000A0EE010C74E
:104E7000E8FF9FEC05F011C7E8FF000A06E011C744
:104E8000E8FF9FEC05F09EEC05F0120051A408D05D
:104E9000000EF86E860EF76E0E0EF66ECEEC05F076
:104EA000530E9FEC05F0000EE8CF49F252B011D03E
:104EB00052B20FD005C7E8FFD00FE8CF4AF206C7BD
:104EC000E8FFD00FE8CF4BF251EC05F04DC200F0F7
:104ED0000FD004C7E8FFD00FE8CF4AF205C7E8FFBC
:104EE000D00FE8CF4BF251EC05F04DC200F002E0DC
:104EF00051A402D0D86A0036000EFB6E4F0EFA6E37
:104F00000044016E0E0E0124D8B0FA2AF96E1FD0AB
:104F100022D025D028D02BD02ED031D034D037D0AD
:104F20003AD03DD040D043D046D049D04CD04FD0DD
:104F300052D05ED06AD076D082D08ED09AD0A6D011
:104F4000B2D0BED0CAD0D6D0E2D0EED0FAD0300E99
:104F50009FEC05F0F6D0310E9FEC05F0F2D0310E4B
:104F60009FEC05F0EED0310E9FEC05F0EAD0320E4A
:104F70009FEC05F0E6D0320E9FEC05F0E2D0330E48
:104F80009FEC05F0DED0340E9FEC05F0DAD0340E45
:104F90009FEC05F0D6D0350E9FEC05F0D2D0360E42
:104FA0009FEC05F0CED0360E9FEC05F0CAD0370E40
:104FB0009FEC05F0C6D0380E9FEC05F0C2D0380E3D
:104FC0009FEC05F0BED0390E9FEC05F0BAD0390E3B
:104FD0009FEC05F0B6D0390E9FEC05F02B0E9FEC40
:104FE00005F0350E9FEC05F0300E9FEC05F0A9D0D2
:104FF000390E9FEC05F02B0E9FEC05F0310E9FEC67
:1050000005F0300E9FEC05F09CD0390E9FEC05F0BA
:105010002B0E9FEC05F0310E9FEC05F0350E9FEC4A
:1050200005F08FD0390E9FEC05F02B0E9FEC05F0AC
:10503000320E9FEC05F0300E9FEC05F082D0390E59
:105040009FEC05F02B0E9FEC05F0320E9FEC05F067
:10505000300E9FEC05F075D0390E9FEC05F02B0E4D
:105060009FEC05F0320E9FEC05F0350E9FEC05F03D
:1050700068D0390E9FEC05F02B0E9FEC05F0330E37
:105080009FEC05F0300E9FEC05F05BD0390E9FECE5
:1050900005F02B0E9FEC05F0330E9FEC05F0350E5E
:1050A0009FEC05F04ED0390E9FEC05F02B0E9FECD7
:1050B00005F0340E9FEC05F0300E9FEC05F041D06A
:1050C000390E9FEC05F02B0E9FEC05F0340E9FEC93
:1050D00005F0300E9FEC05F034D0390E9FEC05F052
:1050E0002B0E9FEC05F0340E9FEC05F0350E9FEC77
:1050F00005F027D0390E9FEC05F02B0E9FEC05F044
:10510000350E9FEC05F0300E9FEC05F01AD0390EED
:105110009FEC05F02B0E9FEC05F0350E9FEC05F093
:10512000350E9FEC05F00DD0390E9FEC05F02B0EDF
:105130009FEC05F0360E9FEC05F0300E9FEC05F06D
:1051400000D09EEC05F012003D50340A7DE03D5049
:10515000350A7AE052B403D052B616D03FD103C715
:10516000E8FF300A22E003C7E8FF310A31E003C755
:10517000E8FF320A3AE003C7E8FF330A49E003C711
:10518000E8FF340A52E02AD103C7E8FF300A20E0E2
:1051900003C7E8FF310A29E003C7E8FF320A38E015
:1051A00003C7E8FF330A41E019D1300E9FEC05F048
:1051B0002E0E9FEC05F0350E9FEC05F0000EF86EFC
:1051C0008A0EF76EA80EF66ECEEC05F0EEEF29F023
:1051D000310E9FEC05F0000EF86E8A0EF76EA80EE9
:1051E000F66ECEEC05F0EEEF29F0320E9FEC05F0F6
:1051F0002E0E9FEC05F0350E9FEC05F0000EF86EBC
:105200008A0EF76EA80EF66ECEEC05F0EEEF29F0E2
:10521000350E9FEC05F0000EF86E8A0EF76EA80EA4
:10522000F66ECEEC05F0EEEF29F0310E9FEC05F0B6
:10523000300E9FEC05F0000EF86E8A0EF76EA80E89
:10524000F66ECEEC05F0CAD003C7E8FF300A0CE1D9
:10525000350E9FEC05F0000EF86E8A0EF76EA80E64
:10526000F66ECEEC05F0BAD003C7E8FF310A15E1BF
:10527000360E9FEC05F02E0E9FEC05F0320E9FECE3
:1052800005F0350E9FEC05F0000EF86E8A0EF76EF5
:10529000A80EF66ECEEC05F0A1D003C7E8FF320AE7
:1052A0000FE1310E9FEC05F0300E9FEC05F0000E83
:1052B000F86E8A0EF76EA80EF66ECEEC05F08ED064
:1052C00003C7E8FF330A15E1310E9FEC05F0320EFB
:1052D0009FEC05F02E0E9FEC05F0350E9FEC05F0CF
:1052E000000EF86E8A0EF76EA80EF66ECEEC05F084
:1052F00075D003C7E8FF340A0FE1310E9FEC05F0CB
:10530000350E9FEC05F0000EF86E8A0EF76EA80EB3
:10531000F66ECEEC05F062D003C7E8FF350A0FE168
:10532000320E9FEC05F0300E9FEC05F0000EF86E8B
:105330008A0EF76EA80EF66ECEEC05F04FD003C7BE
:10534000E8FF360A0FE1320E9FEC05F0350E9FECB8
:1053500005F0000EF86E8A0EF76EA80EF66ECEEC13
:1053600005F03CD003C7E8FF370A0FE1330E9FEC8E
:1053700005F0300E9FEC05F0000EF86E8A0EF76E09
:10538000A80EF66ECEEC05F029D003C7E8FF380A68
:105390000FE1350E9FEC05F0300E9FEC05F0000E8E
:1053A000F86E8A0EF76EA80EF66ECEEC05F016D0EB
:1053B00003C7E8FF390A12E1310E9FEC05F0300E09
:1053C0009FEC05F0300E9FEC05F0000EF86E8A0E93
:1053D000F76EA80EF66ECEEC05F000D01200000EAF
:1053E000E8CF49F205C7E8FFD00FE8CF4AF206C779
:1053F000E8FFD00FE8CF4BF251EC05F04DC200F0C2
:1054000052B4D7EF2BF052B075EF2BF052B275EFCC
:105410002BF0000EFB6E540EFA6E0044016E280E47
:105420000124D8B0FA2AF96E1FD028D031D03AD052
:1054300043D04CD055D05ED067D070D079D082D0D8
:105440008BD094D09DD0A6D0AFD0B8D0C1D0CAD088
:10545000D3D0DCD0E5D0F1D0FDD009D112D11BD111
:1054600024D12DD139D11ED2310E9FEC05F02E0E54
:105470009FEC05F0300E9FEC05F014D2310E9FEC3E
:1054800005F02E0E9FEC05F0310E9FEC05F00AD2D0
:10549000310E9FEC05F02E0E9FEC05F0320E9FECC6
:1054A00005F000D2310E9FEC05F02E0E9FEC05F0BA
:1054B000330E9FEC05F0F6D1310E9FEC05F02E0E69
:1054C0009FEC05F0340E9FEC05F0ECD1310E9FEC13
:1054D00005F02E0E9FEC05F0350E9FEC05F0E2D1A5
:1054E000310E9FEC05F02E0E9FEC05F0360E9FEC72
:1054F00005F0D8D1310E9FEC05F02E0E9FEC05F093
:10550000370E9FEC05F0CED1310E9FEC05F02E0E3C
:105510009FEC05F0380E9FEC05F0C4D1310E9FECE6
:1055200005F02E0E9FEC05F0390E9FEC05F0BAD178
:10553000320E9FEC05F02E0E9FEC05F0300E9FEC26
:1055400005F0B0D1320E9FEC05F02E0E9FEC05F069
:10555000320E9FEC05F0A6D1320E9FEC05F02E0E18
:105560009FEC05F0340E9FEC05F09CD1320E9FECC1
:1055700005F02E0E9FEC05F0360E9FEC05F092D153
:10558000320E9FEC05F02E0E9FEC05F0380E9FECCE
:1055900005F088D1330E9FEC05F02E0E9FEC05F040
:1055A000300E9FEC05F07ED1330E9FEC05F02E0EF1
:1055B0009FEC05F0310E9FEC05F074D1330E9FEC9B
:1055C00005F02E0E9FEC05F0330E9FEC05F06AD12E
:1055D000330E9FEC05F02E0E9FEC05F0370E9FEC7E
:1055E00005F060D1340E9FEC05F02E0E9FEC05F017
:1055F000350E9FEC05F056D1360E9FEC05F02E0EC1
:105600009FEC05F0320E9FEC05F04CD1390E9FEC6B
:1056100005F02E0E9FEC05F0340E9FEC05F042D104
:10562000310E9FEC05F0350E9FEC05F02E0E9FEC31
:1056300005F0380E9FEC05F035D1320E9FEC05F0E9
:10564000380E9FEC05F02E0E9FEC05F0360E9FEC09
:1056500005F028D1350E9FEC05F0340E9FEC05F0D7
:105660002E0E9FEC05F0320E9FEC05F01BD1310E93
:105670009FEC05F0300E9FEC05F0350E9FEC05F029
:1056800011D1320E9FEC05F0300E9FEC05F0380E74
:105690009FEC05F007D1340E9FEC05F0310E9FEC26
:1056A00005F0330E9FEC05F0FDD0380E9FEC05F0B1
:1056B000320E9FEC05F0320E9FEC05F0F3D0310E68
:1056C0009FEC05F0360E9FEC05F0340E9FEC05F0D4
:1056D000310E9FEC05F0E6D0000EF86E8F0EF76EDF
:1056E0002A0EF66ECEEC05F0DFD0000EFB6E570EE4
:1056F000FA6E0044016E000E0124D8B0FA2AF96E49
:1057000009D012D01BD024D02DD036D039D03FD0E4
:1057100045D0C8D0310E9FEC05F02E0E9FEC05F061
:10572000300E9FEC05F0BED0310E9FEC05F02E0E32
:105730009FEC05F0310E9FEC05F0B4D0310E9FECDC
:1057400005F02E0E9FEC05F0350E9FEC05F0AAD06B
:10575000320E9FEC05F02E0E9FEC05F0300E9FEC04
:1057600005F0A0D0330E9FEC05F02E0E9FEC05F057
:10577000300E9FEC05F096D0360E9FEC05F092D0DF
:10578000310E9FEC05F0380E9FEC05F08BD0350EF6
:105790009FEC05F0340E9FEC05F084D0000EF86EFF
:1057A0008F0EF76E2A0EF66ECEEC05F07DD0000E51
:1057B000FB6E570EFA6E0044016EC40E0124D8B081
:1057C000FA2AF96E0BD014D01DD026D02FD038D0A5
:1057D00041D04AD053D056D05CD064D0310E9FEC2B
:1057E00005F02E0E9FEC05F0300E9FEC05F05AD020
:1057F000310E9FEC05F02E0E9FEC05F0310E9FEC64
:1058000005F050D0310E9FEC05F02E0E9FEC05F008
:10581000320E9FEC05F046D0310E9FEC05F02E0EB7
:105820009FEC05F0350E9FEC05F03CD0310E9FEC5F
:1058300005F02E0E9FEC05F0370E9FEC05F032D0F0
:10584000320E9FEC05F02E0E9FEC05F0300E9FEC13
:1058500005F028D0320E9FEC05F02E0E9FEC05F0DF
:10586000350E9FEC05F01ED0330E9FEC05F02E0E8A
:105870009FEC05F0300E9FEC05F014D0360E9FEC37
:1058800005F010D0310E9FEC05F0380E9FEC05F0BE
:1058900009D0000EF86E8F0EF76E2A0EF66ECEEC63
:1058A00005F002D09EEC05F01CA011D0200E9FEC5C
:1058B00005F0540E9FEC05F06F0E9FEC05F0200EE6
:1058C0009FEC05F0310E9FEC05F09EEC05F0120008
:1058D000000EE8CF49F202C7E8FFD00FE8CF4AF246
:1058E00003C7E8FFD00FE8CF4BF251EC05F04DC2F3
:1058F00000F0519252B0518252B2518252B651824E
:10590000000EFB6E590EFA6E0044016E160E012455
:10591000D8B0FA2AF96E32D033D037D038D039D057
:105920003AD03BD03CD03DD03ED03FD040D041D00B
:1059300042D043D044D045D046D047D048D049D0BB
:105940004AD04BD04CD04DD04ED04FD053D057D062
:105950005BD05FD063D067D06BD072D079D080D06D
:1059600089D090D097D09ED0A2D0A4D0A8D0A9D0D2
:10597000AAD0ABD0ACD0ADD0AED015D26DEF2DF05B
:1059800051B26DEF2DF074EF2DF07BEF2DF082EF23
:105990002DF089EF2DF090EF2DF097EF2DF09EEF89
:1059A0002DF0A5EF2DF0ACEF2DF0B3EF2DF0BAEF09
:1059B0002DF0C1EF2DF0C8EF2DF0CFEF2DF0D6EF89
:1059C0002DF0DDEF2DF0E4EF2DF0EBEF2DF0F2EF09
:1059D0002DF0F9EF2DF000EF2EF007EF2EF00EEF87
:1059E0002EF015EF2EF01CEF2EF052BE23EF2EF00E
:1059F0002AEF2EF052BE2AEF2EF038EF2EF052BED4
:105A000031EF2EF046EF2EF052BE38EF2EF054EF6D
:105A10002EF052BE3FEF2EF062EF2EF052BE46EF58
:105A20002EF070EF2EF052BE4DEF2EF085EF2EF0DF
:105A300052BE54EF2EF051B293EF2EF08CEF2EF0B9
:105A400052BE5BEF2EF051B29AEF2EF093EF2EF094
:105A500052BE62EF2EF051B2A1EF2EF09AEF2EF06F
:105A600052BE69EF2EF051B2AFEF2EF0A1EF2EF043
:105A7000AFEF2EF052BE70EF2EF051B2B6EF2EF017
:105A8000A8EF2EF052BE77EF2EF051B2BDEF2EF000
:105A9000AFEF2EF052BE7EEF2EF051B2CBEF2EF0D4
:105AA000B6EF2EF052BE85EF2EF0BDEF2EF052BEB7
:105AB0008CEF2EF052BE93EF2EF0CBEF2EF09AEF3C
:105AC0002EF0A1EF2EF0A8EF2EF0AFEF2EF0B6EFF4
:105AD0002EF0BDEF2EF0C4EF2EF0000EF86E8A0E01
:105AE000F76ECE0EF66E5DD1000EF86E8A0EF76E72
:105AF000D40EF66E56D1000EF86E8A0EF76EDA0EE0
:105B0000F66E4FD1000EF86E8A0EF76EE00EF66E4E
:105B100048D1000EF86E8A0EF76EE60EF66E41D191
:105B2000000EF86E8A0EF76EEC0EF66E3AD1000E8D
:105B3000F86E8A0EF76EF20EF66E33D1000EF86E26
:105B40008A0EF76EF80EF66E2CD1000EF86E8A0EE5
:105B5000F76EFE0EF66E25D1000EF86E8B0EF76E08
:105B6000040EF66E1ED1000EF86E8B0EF76E0A0E46
:105B7000F66E17D1000EF86E8B0EF76E100EF66EE5
:105B800010D1000EF86E8B0EF76E160EF66E09D160
:105B9000000EF86E8B0EF76E1E0EF66E02D1000E22
:105BA000F86E8B0EF76E260EF66EFBD0000EF86EBA
:105BB0008B0EF76E2E0EF66EF4D0000EF86E8B0E76
:105BC000F76E360EF66EEDD0000EF86E8B0EF76E99
:105BD0003E0EF66EE6D0000EF86E8B0EF76E460E99
:105BE000F66EDFD0000EF86E8B0EF76E4E0EF66E70
:105BF000D8D0000EF86E8B0EF76E560EF66ED1D022
:105C0000000EF86E8B0EF76E5E0EF66ECAD0000EAA
:105C1000F86E8B0EF76E660EF66EC3D0000EF86E41
:105C20008B0EF76E6E0EF66EBCD0000EF86E8B0EFD
:105C3000F76E760EF66EB5D0000EF86E8B0EF76E20
:105C40007E0EF66EAED0000EF86E8C0EF76E100E55
:105C5000F66EA7D0000EF86E8B0EF76E860EF66EFF
:105C6000A0D0000EF86E8C0EF76E180EF66E99D05E
:105C7000000EF86E8B0EF76E8E0EF66E92D0000E42
:105C8000F86E8C0EF76E200EF66E8BD0000EF86E4E
:105C90008B0EF76E960EF66E84D0000EF86E8C0E9C
:105CA000F76E280EF66E7DD0000EF86E8B0EF76E36
:105CB0009E0EF66E76D0000EF86E8C0EF76E300EDD
:105CC000F66E6FD0000EF86E8B0EF76EA60EF66EA7
:105CD00068D0000EF86E8C0EF76E380EF66E61D03E
:105CE000000EF86E8B0EF76EAE0EF66E5AD0000EEA
:105CF000F86E8C0EF76E400EF66E53D0000EF86EF6
:105D00008C0EF76E480EF66E4CD0000EF86E8B0EB1
:105D1000F76EB60EF66E45D0000EF86E8B0EF76E6F
:105D2000BE0EF66E3ED0000EF86E8B0EF76EC60EEF
:105D3000F66E37D0000EF86E8B0EF76ECE0EF66E46
:105D400030D0000EF86E8B0EF76ED60EF66E29D0A0
:105D5000000EF86E8B0EF76EDE0EF66E22D0000E81
:105D6000F86E8B0EF76EE60EF66E1BD0000EF86E18
:105D70008B0EF76EEE0EF66E14D0000EF86E8B0ED4
:105D8000F76EF60EF66E0DD0000EF86E8B0EF76EF7
:105D9000FE0EF66E06D0000EF86E8C0EF76E060E36
:105DA000F66ECEEC05F0120002C7E8FF9FEC05F09E
:105DB00003C7E8FF9FEC05F004C7E8FF9FEC05F080
:105DC00005C7E8FF9FEC05F06D0E9FEC05F0530E44
:105DD0009FEC05F09EEC05F01200500E66EC02F010
:105DE000530E66EC02F03B0E66EC02F04F9000D0D2
:105DF000120017EE00F0000EE3503F0AD8B431EF66
:105E000030F000C7E8FF460A21E101C7E8FF410A78
:105E1000000E0AE001C7E8FF420A010E05E001C7D3
:105E2000E8FF430A13E1020E586F1FC039F01E52FB
:105E30000BE07DA2DDEC02F00001010E4DBA396EDF
:105E40004CB4396E4CB6396E31EF30F000C7E8FF14
:105E5000410A20E101C7E8FF430A06E11C52D8A429
:105E60005BEC17F031EF30F001C7E8FF470A09E1BA
:105E70002052D8B431EF30F01C52D8A48EEC17F079
:105E8000F0D001C7E8FF4E0A05E11C52D8A4BAECD5
:105E900017F0E7D000C7E8FF420A0BE152BE09D075
:105EA00001C7E8FF430A05E11C52D8A4C9EC17F06A
:105EB000D8D000C7E8FF430A11E101C7E8FF470A4D
:105EC00005E11C52D8A4ABEC17F0CBD001C7E8FF1A
:105ED000420A04E11C52D8A4FBEC17F000C7E8FF0B
:105EE000440A09E101C7E8FF430A05E11C52D8A4AE
:105EF00019EC18F0B6D000C7E8FF4B0A0CE101C757
:105F0000E8FF530A08E11C52D8B4ABD0AFEC04F060
:105F100013EC1BF0A6D000C7E8FF4D0A23E101C730
:105F2000E8FF440A07E102C73DF01C52D8A42AEC5E
:105F300010F097D001C7E8FF470A08E11C52D8B417
:105F400090D0AFEC04F0DEEC1BF08BD001C7E8FF83
:105F50004C0A08E11C52D8B484D0AFEC04F0EDEC4C
:105F60001BF07FD000C7E8FF4E0A1BE101C7E8FF26
:105F7000420A05E11C52D8A472EC1DF072D001C790
:105F8000E8FF520A05E11C52D8A498EC1DF069D034
:105F900001C7E8FF540A05E11C52D8A4C9EC1DF062
:105FA00060D000C7E8FF500A37E101C7E8FF410AA7
:105FB00005E11C52D8A4E3EC1CF053D001C7E8FF64
:105FC000430A1FE102C7E8FFD00FE8CF49F203C739
:105FD000E8FFD00FE8CF4AF204C7E8FFD00FE8CFC0
:105FE0004BF251EC05F04DC200F0FBC1E8FF00C0E0
:105FF000FBF1001811E01C52D8B433D027EC1DF08F
:1060000030D001C7E8FF530A07E102C7E8FF310AB1
:1060100028E0010E3E6E25D000C7E8FF520A14E1C9
:1060200001C7E8FF410A05E11C52D8A4EBEC1DF0C2
:1060300018D001C7E8FF470A07E1205212E01C52BE
:10604000D8A466EC1EF00DD000C7E8FF560A09E19F
:1060500001C7E8FF440A05E11C52D8A4D4EC2EF095
:1060600000D0010E376E2D6A306A4E92000EE8CFD6
:10607000B3FFE8CFB2FF1200000EE8CF5EF29AEC59
:1060800004F0000EFB6E600EFA6E0544016E980E71
:106090000124D8B0FA2AF96E10D032D057D071D07E
:1060A000B3D0CFD0F1D00BD145D163D17FD19FD127
:1060B00014D236D250D291D212004CBE12D04DAA78
:1060C00003D0C4EC08F0D2D24DB808D04DB603D0FE
:1060D00003EC0CF0CBD2A1EC15F0C8D2B0EC14F06C
:1060E000C5D24DBABBD24DB808D04DB603D022ECC4
:1060F0000CF0BCD2E0EC16F0B9D25CEC11F0B6D2E8
:106100004CBE11D04DAA03D0C4EC08F0AFD24DB8AC
:1061100009D04DB603D041EC0CF0A8D2519214EC4A
:1061200015F0A4D29BD24DBA99D24DB80ED04DB62F
:1061300009D0518252AE03D014EC15F097D238EC4E
:106140000AF094D224EC12F091D288D24CBE0ED038
:106150004DAA03D0C4EC08F089D24DB806D04DB694
:1061600003D0C9EC39F082D279D278D24DBA76D246
:106170004DB806D04DB603D033EC14F077D26ED2C2
:106180006DD24CBE2CD04DBA69D24DB61BD04DA8A5
:106190000CD000D04D964D98000EF86E830EF76E21
:1061A000CC0EF66ECEEC05F063D24D864D98000E07
:1061B000F86E830EF76EBA0EF66ECEEC05F065EC57
:1061C00004F056D24D884D96000EF86E830EF76E91
:1061D000C20EF66ECEEC05F065EC04F049D24DBA75
:1061E0003DD24DB63BD24DB839D24B8210C000F0F3
:1061F000000E106E4A88498460EC3CF04A9849943D
:1062000000C010F04B9232D24CBE10D04DAA03D039
:10621000C4EC08F02BD24DB808D04DB603D099ECA1
:1062200012F024D234EC13F021D218D24DBA16D287
:106230004DB806D04DB603D034EC13F017D20ED2C1
:106240000DD24CBE12D04DAA03D0C4EC08F00ED231
:106250004DB80AD04DB603D01BEC0FF007D2330E69
:10626000466ED8EC13F002D2F9D14DBAF7D14DB841
:106270000AD04DB605D0320E466ED8EC13F0F6D1EA
:10628000E3EC14F0F3D1EAD14CBE0ED04DAA03D00A
:10629000C4EC08F0EBD14DB806D04DB603D06BEC92
:1062A0000CF0E4D1DBD1DAD14DBAD8D14DB806D05B
:1062B0004DB603D080EC0FF0D9D1D0D1CFD14CBEA8
:1062C00022D04DB81FD04DB61CD04DBA10D052B010
:1062D000C5D152B2C3D14D8A000EF86E880EF76E4A
:1062E0006E0EF66ECEEC05F065EC04F0C1D14D9A61
:1062F000000EF86E880EF76E740EF66ECEEC05F09A
:10630000B5D1ACD1ABD14DBAA9D14DB812D04DB6A3
:106310000FD04B8010C000F0000E106E4A884984E8
:1063200060EC3CF04A98499400C010F04B909ED12C
:1063300095D194D14CBE10D04DAA03D0C4EC08F036
:1063400095D14DB808D04DB603D0C6EC11F08ED122
:10635000ADEC08F08BD182D14DBA80D14DB808D0C8
:106360004DB603D0DFEC09F081D196EC08F07ED178
:1063700075D14CBE10D04DAA03D0C4EC08F076D134
:106380004DB808D04DB603D0DDEC11F06FD1B8ECAC
:106390000FF06CD163D14DBA61D14DB806D04DB676
:1063A00003D088EC11F062D159D158D14CBE10D035
:1063B0004DAA03D0C4EC08F059D14DB808D04DB661
:1063C00003D0F4EC11F052D1FAEC12F04FD146D1D7
:1063D0004DBA44D14DB808D04DB603D0DBEC12F025
:1063E00045D1A7EC11F042D119EC0AF03FD14CBED7
:1063F00044D04DAA03D0C4EC08F038D14DB825D014
:106400004DB610D04B8010C000F00D0E106E4A88B3
:10641000498460EC3CF04A98499400C010F04B90DD
:106420004B9A24D1000EF86E890EF76E000EF66EB0
:10643000CEEC05F0496A4986E5EC38F081EC37F09E
:10644000ABEC37F026EC39F011D1410E66EC02F0DE
:10645000490E66EC02F0320E66EC02F03B0E66EC82
:1064600002F0410E9FEC05F0200E9FEC05F0490E66
:106470009FEC05F0D5EC06F0F9D04DBAEFD04DB851
:1064800014D04DB60FD0000EF86E830EF76E460E88
:10649000F66ECEEC05F0496A49844A8860EC3CF01F
:1064A0004A98D9D077EC0AF0E1D0410E66EC02F0C0
:1064B000490E66EC02F0300E66EC02F03B0E66EC24
:1064C00002F0410E9FEC05F0200E9FEC05F0490E06
:1064D0009FEC05F0CCEC06F0C9D04CBE12D04DAA12
:1064E00003D0C4EC08F0C2D04DB80AD04DB604D0E9
:1064F00051945DEC14F0BAD0519482EC14F0B6D003
:10650000ADD04DBAABD04DB80AD04DB604D0518401
:106510005DEC14F0ABD0518482EC14F0A7D09ED087
:106520004CBE10D04DAA03D0C4EC08F09FD04DB89B
:1065300008D04DB603D0D7EC0FF098D05DEC13F037
:1065400095D08CD04DBA8AD04DB804D04DB601D07C
:1065500085D084D083D04CBE35D04DAA01D07ED01A
:106560004DB82FD04DB622D058C2E8FF010A0BE03B
:1065700058C2E8FF020A0EE0000EF86E860EF76EB3
:10658000620EF66E0DD0000EF86E860EF76E660E79
:10659000F66E06D0000EF86E8F0EF76E340EF66EA5
:1065A000CEEC05F0046A496A498255D0000EF86EB7
:1065B000830EF76E920EF66ECEEC05F060EC35F0C1
:1065C00055D04CD04DBA4AD04DB806D04DB601D0BA
:1065D00045D021EC35F04AD041D04CBE24D04DAA54
:1065E00003D0C4EC08F042D04DB81CD04DB60FD04B
:1065F0004B8010C000F00B0E106E4A88498460EC8E
:106600003CF04A98499400C010F04B902FD0000EF7
:10661000F86E890EF76E600EF66ECEEC05F0496AE4
:10662000498824D01BD04DBA19D04DB806D04DB6EC
:1066300003D020EC3CF01AD011D05CC2E8FF42EC51
:1066400006F0B6EC04F05DC2E8FF42EC06F09EEC0A
:1066500005F00CD003D065EC04F008D0000EF86E05
:10666000820EF76EC60EF66ECEEC05F04D964D9886
:106670005194056A7D921200000EFB6E660EFA6E52
:106680000544016E8E0E0124D8B0FA2AF96E10D09E
:106690001DD02AD037D03FD04CD059D066D06ED044
:1066A0007BD088D095D09DD0B6D0C3D002D1120077
:1066B000000EF86E810EF76E2A0EF66ECEEC05F027
:1066C000042A310E056EFEEC39F001D1000EF86E91
:1066D000810EF76E2E0EF66ECEEC05F0042A320E09
:1066E000056EFEEC39F0F3D0000EF86E810EF76EF9
:1066F000320EF66ECEEC05F0042A330E056EFEEC7B
:1067000039F0E5D0000EF86E820EF76EC60EF66E0A
:10671000CEEC05F0DCD0000EF86E810EF76E3A0E6E
:10672000F66ECEEC05F0042A340E056EFEEC39F060
:10673000CED0000EF86E810EF76E3E0EF66ECEECE9
:1067400005F0042A350E056EFEEC39F0C0D0000EBF
:10675000F86E810EF76E420EF66ECEEC05F0042A4E
:10676000360E056EFEEC39F0B2D0000EF86E820ED9
:10677000F76EC60EF66ECEEC05F0A9D0000EF86EE0
:10678000810EF76E4A0EF66ECEEC05F0042A370E37
:10679000056EFEEC39F09BD0000EF86E810EF76EA0
:1067A0004E0EF66ECEEC05F0042A380E056EFEECA9
:1067B00039F08DD0000EF86E810EF76E520EF66E27
:1067C000CEEC05F0042A390E056EFEEC39F07FD0D0
:1067D000000EF86E820EF76EC60EF66ECEEC05F069
:1067E00076D0096666D0060E041809E1000EF86E30
:1067F000820EF76EC60EF66ECEEC05F068D0000E77
:10680000F86E810EF76E600EF66ECEEC05F004C0E9
:1068100009F0092A5CD0000EF86E810EF76E680E42
:10682000F66ECEEC05F0042A300E056EFEEC39F063
:106830004ED00452D8A42FD058C2E8FF000A13E06B
:1068400052B601D004D058C2E8FF010A18E0000E89
:10685000F86E860EF76E620EF66ECEEC05F0000E48
:10686000E8CF58F234D0000EF86E860EF76E660E42
:10687000F66ECEEC05F0010EE8CF58F228D0000EEF
:10688000F86E8F0EF76E340EF66ECEEC05F0020E3B
:10689000E8CF58F21CD0000EF86E810EF76E740E21
:1068A000F66ECEEC05F0496A49806BEC34F0046A70
:1068B00010D0000EF86E830EF76E9A0EF66ECEECC8
:1068C00005F0496A49804C6A046A096A02D065EC9D
:1068D00004F0056A1200300E006E01EE30F004C0C4
:1068E00027F00952D8B404D0091C070F086E61D0F4
:1068F000030E041824E1000EEB50390A20E1010ECA
:10690000EB50390A1CE1020EEB50390A18E1320E45
:1069100069EC05F0000EF86E840EF76EBA0EF66E96
:10692000CEEC05F0C80E69EC05F0F29EF29C60EC2E
:1069300040F071EC40F0C80E69EC05F0FF00030E6A
:10694000041818E1000EEB50370A14E1010EEB5069
:10695000370A10E1020EEB50370A0CE1320E69ECF7
:1069600005F0000EF86E8F0EF76ECA0EF66ECEECC6
:1069700005F066D0040E086E010E04181AE0030E2E
:10698000086E020E041815E0020E086E030E0418BD
:1069900010E0040E086E040E04180BE0030E086EDF
:1069A000050E041806E0020E086E060E041801E03B
:1069B00047D027062750EBCF2CF000C0EBFF082470
:1069C0002CC0EBFF2752D8A4F4D7460E66EC02F099
:1069D00058C2E8FF010A420E06E058C2E8FF020A68
:1069E000430E01E0410E66EC02F050AE4C8450BE06
:1069F0004C860B0E276E086A01EE30F00850EBCF84
:106A0000E8FF66EC02F0082A272EF6D73B0E66EC6C
:106A100002F0096A30C111F631C112F632C113F623
:106A200033C114F634C115F635C116F636C117F662
:106A300037C118F638C119F639C11AF63AC11BF632
:106A40001200460EE8CFB0F158C2E8FF010A420E2C
:106A500005E058C2E8FF020A65E0410EE8CFB1F157
:106A60003B0EE8CFB2F138EC08F051A227D002C7B4
:106A700011F603C712F604C713F605C714F606C7C6
:106A800015F607C716F608C717F609C718F60AC796
:106A900019F60BC71AF60CC71BF6000EF86E830E1C
:106AA000F76E8A0EF66ECEEC05F008D0000EF86E8A
:106AB0008F0EF76E0E0EF66ECEEC05F02D6A1200FC
:106AC00011C6E8FF000A09E1000EF86E860EF76EA7
:106AD0004C0EF66ECEEC05F02DD0460E66EC02F0B4
:106AE00058C2E8FF010A420E05E058C2E8FF020A58
:106AF00019E0410E66EC02F050AE4C8450BE4C865C
:106B00000B0E276E086A06EE11F00850EBCFE8FF77
:106B100066EC02F0082A272EF6D73B0E66EC02F050
:106B2000096A08D0000EF86E8F0EF76E0E0EF66E24
:106B3000CEEC05F01200000EFB6E6B0EFA6E0544F3
:106B4000016E4C0E0124D8B0FA2AF96E10D01DD077
:106B50002AD037D079D086D093D0A0D0D3D0E0D06F
:106B6000EDD0FAD015D115D122D167D11200000E87
:106B7000F86E810EF76E2A0EF66ECEEC05F0042A42
:106B8000310E056E3DEC37F074D1000EF86E810EBB
:106B9000F76E2E0EF66ECEEC05F0042A320E056E60
:106BA0003DEC37F066D1000EF86E810EF76E320EB6
:106BB000F66ECEEC05F0042A330E056E3DEC37F090
:106BC00058D1046A52B626D05DC200F0002A00C037
:106BD0005DF2130E52B8090E006431D05CC2E8FFBA
:106BE000010A12E05DC200F0630E006428D0010EBD
:106BF00052B4000E52B0000E52B2000EE8CF5CF25A
:106C0000000EE8CF5DF21BD0000EE8CF5CF2E8CFBB
:106C10005DF215D05DC200F0002A00C05DF2630E87
:106C200000640DD0000EE8CF5DF25CC2E8FFE82AF8
:106C3000E8CF5CF2FD0F03E1000EE8CF5CF2ABECB5
:106C400037F0C2EC38F017D1000EF86E810EF76EF7
:106C50003A0EF66ECEEC05F0042A340E056E3DECCD
:106C600037F007D1000EF86E810EF76E3E0EF66E0D
:106C7000CEEC05F0042A350E056E3DEC37F0F9D068
:106C8000000EF86E810EF76E420EF66ECEEC05F039
:106C9000042A360E056E3DEC37F0EBD0046A5DC277
:106CA00000F0000600C05DF2FF0E001826E152B6AB
:106CB00018D0630EE8CF5DF252B41FD052B01DD091
:106CC00052B21BD05CC2E8FF010A010ED8B4000E1C
:106CD000E8CF5CF2130E52B8090ED8A4E8CF5DF2EB
:106CE0000CD0630EE8CF5DF25CC200F0000600C07D
:106CF0005CF203E2020EE8CF5CF2ABEC37F0C2ECE0
:106D000038F0B9D0000EF86E810EF76E4A0EF66EAE
:106D1000CEEC05F0042A370E056E3DEC37F0A9D015
:106D2000000EF86E810EF76E4E0EF66ECEEC05F08C
:106D3000042A380E056E3DEC37F09BD0000EF86E3D
:106D4000810EF76E520EF66ECEEC05F0042A390E67
:106D5000056E3DEC37F08DD05EC2E8FF010A0CE015
:106D6000000EF86E890EF76E300EF66ECEEC05F062
:106D7000010EE8CF5EF27DD0020EE8CF5EF2000E8B
:106D8000F86E890EF76E3E0EF66ECEEC05F071D001
:106D900054D0000EF86E810EF76E680EF66ECEECD3
:106DA00005F0042A300E056E3DEC37F062D05EC26D
:106DB000E8FFE85011E0000EF86E890EF76E260E1F
:106DC000F66ECEEC05F06DEC38F0496A49804C6AFD
:106DD000046AFBEC38F04FD0000EF86E810EF76EAF
:106DE000740EF66ECEEC05F052B612D059C2E8FF22
:106DF000300A1BE059C2E8FF310A0EE15AC2E8FF2F
:106E0000300A13E05AC2E8FF310A52A80EE004D05B
:106E100059C2E8FFCD0F09E3000EF86E820EF76E3F
:106E2000C60EF66ECEEC05F00AD0ABEC37F068EC8F
:106E300005F0C2EC38F0046A1ED004520BE0000EDC
:106E4000F86E830EF76E9A0EF66ECEEC05F04C6A75
:106E5000046A0FD0000EF86E890EF76E180EF66EEB
:106E6000CEEC05F0496A4980FBEC38F04C6A046AC4
:106E700002D065EC04F0056A12000450010A07E133
:106E8000300EE8CF59F2E8CF5AF2E8CF5BF2040EA9
:106E900004180CE10406000EF86E820EF76EC60EA2
:106EA000F66ECEEC05F065EC04F02AD0010E041865
:106EB0000FE0020E041807E05AC259F25BC25AF200
:106EC00005C05BF207D05BC25AF205C05BF202D08C
:106ED00005C05BF259C2E8FFD00FE8CF5CF2000EAC
:106EE000E8CF49F25AC2E8FFD00FE8CF4AF25BC2BE
:106EF000E8FFD00FE8CF4BF251EC05F04DC25DF248
:106F000012004EA4FED7D4EC02F068EC05F04D0E52
:106F1000E8CFB0F1430EE8CFB1F13B0EE8CFB2F1CC
:106F200038EC08F051A216D002C7E8FFD00FE8CF26
:106F30005CF2000EE8CF49F203C7E8FFD00FE8CFBC
:106F40004AF204C7E8FFD00FE8CF4BF251EC05F04E
:106F50004DC25DF212004EA4FED7D4EC02F068ECF4
:106F600005F04D0EE8CFB0F1520EE8CFB1F1300E82
:106F7000E8CFB2F15CC2E8FF300FE8CFB3F15DC2F9
:106F8000E8FF6FEC06F0300FE8CFB4F15DC2E8FF28
:106F900085EC06F0300FE8CFB5F13B0EE8CFB6F147
:106FA00038EC08F051A202D0D7EC37F0120017EEFF
:106FB00000F0290E2E6478D000C7E8FF3F0AD8A45D
:106FC00062EF38F001C7E8FF520AD8A462EF38F048
:106FD0001C5208E0000EF86E890EF76E080EF66E71
:106FE000CEEC05F003C7E8FFD00FE8CF5CF203C793
:106FF000E8FF9FEC05F0B6EC04F01C5208E0000E30
:10700000F86E890EF76E0E0EF66ECEEC05F0000EE1
:10701000E8CF49F204C7E8FFD00FE8CF4AF205C72E
:10702000E8FFD00FE8CF4BF251EC05F04DC25DF216
:1070300004C7E8FF9FEC05F005C7E8FF9FEC05F0EB
:107040009EEC05F0B6EC04F02B0E2E6001D00ED0B5
:1070500017EE29F0080E276EE6503B0A05E03B0AC2
:107060009FEC05F0272EF8D7B6EC04F04C9017EE05
:1070700007F027EE03F00B0E276EE650DE6E300AA7
:10708000D8A44C80272EF9D74CB009D0000EF86E4A
:10709000890EF76E4A0EF66ECEEC05F002D06FEC5C
:1070A0003AF09EEC05F017D0000EF86E850EF76EE4
:1070B000520EF66ECEEC05F02E5042EC06F09EEC31
:1070C00005F009D0000EF86E850EF76E660EF66EAE
:1070D000CEEC05F000D02E6A12004EA4FED7D4EC00
:1070E00002F068EC05F0460E66EC02F0520E66EC1B
:1070F00002F05EC2E8FF020A300ED8B4310E66EC30
:1071000002F03B0E66EC02F00A0E69EC05F04D0E43
:1071100066EC02F0430E66EC02F05CC2E8FF300F52
:1071200066EC02F05DC2E8FF6FEC06F0300F66EC33
:1071300002F05DC2E8FF85EC06F0300F66EC02F06D
:107140003B0E66EC02F00A0E69EC05F0460E66ECAA
:1071500002F0520E66EC02F0320E66EC02F03B0ECC
:1071600066EC02F00A0E69EC05F0530E66EC02F0D4
:10717000560E66EC02F03B0E66EC02F0000EE8CF15
:107180005EF212004EA4FED7D4EC02F068EC05F0DB
:107190004D0E66EC02F0430E66EC02F05CC2E8FFB6
:1071A000300F66EC02F05DC2E8FF6FEC06F0300FC6
:1071B00066EC02F05DC2E8FF85EC06F0300F66EC8D
:1071C00002F03B0E66EC02F012004EA4FED7D4ECA7
:1071D00002F068EC05F0460EE8CFB0F1520EE8CFB1
:1071E000B1F13B0EE8CFB2F138EC08F051A202D079
:1071F00002C75FF212004EA4FED7D4EC02F068EC96
:1072000005F0460E66EC02F0520E66EC02F05FC22C
:10721000E8FF310A0CE05FC2E8FF320A0CE05FC20F
:10722000E8FF330A0CE0300E66EC02F00BD0310EB2
:1072300066EC02F007D0320E66EC02F003D0330E9B
:1072400066EC02F03B0E66EC02F012004EA4FED794
:10725000D4EC02F068EC05F0460E66EC02F0520E3B
:1072600066EC02F0320E66EC02F03B0E66EC02F0C9
:1072700012002D5209E1000EF86E820EF76EC60E56
:10728000F66ECEEC05F00BD017EE00F02DC027F017
:10729000E6509FEC05F09EEC05F0272EF9D7120082
:1072A0008BEC04F051924D8011EEB0F0180E2D6E63
:1072B000E6CF46F0465066EC02F046503B0A0CE042
:1072C0002D06D8A4F5D7000EF86E850EF76E820E47
:1072D000F66ECEEC05F02AD0D4EC02F097EC39F043
:1072E0004DA024D000C746F0B0C1E8FF461807E122
:1072F00001C746F0B1C1E8FF461801E103D01AEC1E
:1073000005F0D2D700C746F0440A0FE101C746F0A6
:10731000530A0BE117EE02F0080E316EE650400AF8
:1073200004E1312EFBD74D84BFD7518212004A961B
:1073300081500000F290F2864D902D6A1D503E6EF5
:107340002D6604D073EC04F04AB613D0F3EC02F0CF
:1073500054B209D017EE00F02D500AC0E3FF2D2AD9
:107360000A503B0A14E04FA0EBD7D4EC02F03E2EBB
:10737000E7D7AFEC04F0000EF86E830EF76EEE0E5A
:10738000F66ECEEC05F01D503E6E4F8001D04D8064
:1073900012004EA4FED7D4EC02F068EC05F01AEC13
:1073A00005F0490EE8CFB0F1460EE8CFB1F13B0E43
:1073B000E8CFB2F150EC39F051A21FD017EE02F035
:1073C00021EE80F0210E316EE650DE6E312EFCD7BC
:1073D0001AEC05F02D6A9EC100F0000EF86E870EC3
:1073E000F76E320EF66ECEEC05F0310E001A03E1A8
:1073F000D5EC06F002D0CCEC06F012000450010AE5
:1074000008E10B0E276E300E01EE30F0EE6E272EE7
:10741000FDD70C0E041804E1040665EC04F006D058
:1074200001EE30F00450E80605C0EBFF120001C782
:10743000E8FF410A02E14C9C0FD001C7E8FF420A75
:1074400002E14C8C09D0000EF86E850EF76EC60E68
:10745000F66ECEEC05F0DCD048C0E8FF020A02E18F
:107460004BBC3AD04CB402D04CA60CD017EE02F074
:1074700021EE3CF04CBC21EE48F012EC3BF04EA06B
:10748000C7D02AD04EA400D04CB229D04BBA27D0B6
:1074900017EE02F021EE3CF04CBC21EE48F012EC6D
:1074A0003BF04EA0B5D01E52D8B495D07DB205D0D9
:1074B0004CAC4C884CBC4C8A0CD04CAC01D003D0AA
:1074C0004CAA07D002D04CA804D07D924C984C9A7C
:1074D00082D0DDEC02F07FD0000E1C647CD04B9A91
:1074E00017EE02F0300EE66209D0E6620BD0E662DB
:1074F0000DD0E6620FD0E66211D014D002C7E8FFCB
:107500009FEC05F003C7E8FF9FEC05F004C7E8FF18
:107510009FEC05F005C7E8FF9FEC05F006C7E8FF04
:107520009FEC05F02E0E9FEC05F007C7E8FF9FECDF
:1075300005F008C7E8FF9FEC05F009C7E8FF9FECDE
:1075400005F017EE0CF0300EE56205D0E5621FD0B5
:10755000E56232D03ED0640E9FEC05F06F0E9FECDA
:1075600005F0740E9FEC05F00AC7E8FF9FEC05F0EC
:10757000200E9FEC05F00BC7E8FF9FEC05F0200EF6
:107580009FEC05F00CC7E8FF9FEC05F022D0640EDD
:107590009FEC05F06F0E9FEC05F0740E9FEC05F06C
:1075A0000AC7E8FF9FEC05F0200E9FEC05F00BC723
:1075B000E8FF9FEC05F00DD0640E9FEC05F06F0E18
:1075C0009FEC05F0740E9FEC05F00AC7E8FF9FECF6
:1075D00005F0B6EC04F017EE02F021EE3CF04CBCE6
:1075E00021EE48F0E6CFDEFFE6CFDEFFE6CFDEFF9E
:1075F000E6CFDEFFE6CFDEFFE6CFDEFFE6CFDEFF43
:10760000E6CFDEFFE6CFDEFFE6CFDEFFE6CFDEFF32
:107610004E904CAC4C944CBC4C964BAC02D04CBCF9
:107620004B9C12004E90E650DE621FD0E650DE62A8
:107630001CD0E650DE6219D0E650DE6216D0E6506D
:10764000DE6213D0E650DE6210D0E650DE620DD06E
:10765000E650DE620AD0E650DE6207D0E650DE6217
:1076600004D0E650DE6201D001D04E801200000E40
:10767000FB6E760EFA6E0544016E840E0124D8B0BE
:10768000FA2AF96E10D013D016D019D01CD01FD002
:1076900022D025D028D02BD02ED031D034D037D006
:1076A0003AD03DD0120056D863D896D84DD052D893
:1076B0005FD89FD849D04ED85BD8A8D845D04AD8F3
:1076C00057D8B1D841D046D860D886D83DD042D816
:1076D0005CD88FD839D03ED858D898D835D03AD839
:1076E00054D8A1D831D036D85DD876D82DD032D85C
:1076F00059D87FD829D02ED855D888D825D02AD87F
:1077000051D891D821D026D85AD866D81DD022D8A1
:1077100056D86FD819D01ED852D878D815D09AEC30
:1077200004F04CBE04D016D84AD87DD80DD0000E37
:10773000F86E890EF76E7A0EF66ECEEC05F0496A99
:1077400049804C6A046A04D09EEC05F065EC04F0B4
:10775000056A1200010E9FEC05F02350300F9FECDC
:1077600005F0300E9FEC05F04A0E9FEC05F012007C
:10777000300E9FEC05F0360E9FEC05F0390E9FECB5
:1077800005F0370E9FEC05F01200300E9FEC05F06F
:10779000370E9FEC05F0370E9FEC05F0300E9FEC96
:1077A00005F01200300E9FEC05F0380E9FEC05F04E
:1077B000350E9FEC05F0320E9FEC05F01200300EF6
:1077C0009FEC05F0390E9FEC05F0340E9FEC05F0B0
:1077D000310E9FEC05F01200310E9FEC05F0320ED9
:1077E0009FEC05F0300E9FEC05F0390E9FEC05F094
:1077F0001200310E9FEC05F0330E9FEC05F0330EB6
:107800009FEC05F0360E9FEC05F01200310E9FEC58
:1078100005F0340E9FEC05F0370E9FEC05F0370EA7
:107820009FEC05F01200310E9FEC05F0360E9FEC38
:1078300005F0330E9FEC05F0330E9FEC05F01200BF
:107840004AAC0DD0000EF86E830EF76EFE0EF66E8B
:10785000CEEC05F0246AB9EC02F04A9C0CD0000E84
:10786000F86E840EF76E060EF66ECEEC05F02480F0
:10787000C2EC02F04A8C010E3E6E4F80E8EC02F042
:107880009D90A0927D92F2949E90A1927E92F29011
:107890000001046A4A904A92256A4D964D984D9A85
:1078A00012004BB028064BB2282A28282A5CD8B4EC
:1078B0002BC028F02B2828602AC028F0285012005E
:1078C000000EFB6E780EFA6E1044016ED60E012487
:1078D000D8B0FA2AF96E15D03DD065D08DD0B5D08C
:1078E000DDD005D12DD155D180D1A6D1D2D189D22B
:1078F000F7D11DD238D25ED2A0D2BDD2D8D2FED21C
:10790000120011C028F0090E2B6E51EC3CF0116EE4
:10791000010E9FEC05F011C0E8FF42EC06F0560E98
:107920009FEC05F00D0E9FEC05F04AA808D0000E64
:10793000F86E810EF76E800EF66ECEEC05F049A45F
:10794000A5EF3FF0115042EC06F00D0E9FEC05F054
:10795000A5EF3FF012C028F00D0E2B6E51EC3CF05D
:10796000126E010E9FEC05F012C0E8FF42EC06F02B
:10797000530E9FEC05F00D0E9FEC05F04AA808D0C1
:10798000000EF86E810EF76E8A0EF66ECEEC05F0E4
:1079900049A4A5EF3FF0125042EC06F00D0E9FEC0B
:1079A00005F0A5EF3FF013C028F0630E2B6E51ECED
:1079B0003CF0136E010E9FEC05F013C0E8FF42ECA3
:1079C00006F0500E9FEC05F00D0E9FEC05F04AA856
:1079D00008D0000EF86E810EF76E920EF66ECEECA9
:1079E00005F049A4A5EF3FF0135042EC06F00D0E50
:1079F0009FEC05F0A5EF3FF014C028F0090E2B6EA8
:107A000051EC3CF0146E010E9FEC05F014C0E8FF41
:107A100042EC06F0410E9FEC05F00D0E9FEC05F0D8
:107A20004AA808D0000EF86E810EF76E9A0EF66E18
:107A3000CEEC05F049A4A5EF3FF0145042EC06F05F
:107A40000D0E9FEC05F0A5EF3FF015C028F0090ED4
:107A50002B6E51EC3CF0156E010E9FEC05F015C03D
:107A6000E8FF42EC06F0450E9FEC05F00D0E9FEC92
:107A700005F04AA808D0000EF86E810EF76EAA0E27
:107A8000F66ECEEC05F049A4A5EF3FF0155042ECA0
:107A900006F00D0E9FEC05F0A5EF3FF016C028F0A4
:107AA000090E2B6E51EC3CF0166E010E9FEC05F0AA
:107AB00016C0E8FF42EC06F0520E9FEC05F00D0EEA
:107AC0009FEC05F04AA808D0000EF86E810EF76E04
:107AD000B80EF66ECEEC05F049A4A5EF3FF01650B7
:107AE00042EC06F00D0E9FEC05F0A5EF3FF017C03D
:107AF00028F0630E2B6E51EC3CF0176E010E9FECDC
:107B000005F017C0E8FF42EC06F0460E9FEC05F0CA
:107B10000D0E9FEC05F04AA808D0000EF86E810EFD
:107B2000F76EC20EF66ECEEC05F049A4A5EF3FF05D
:107B3000175042EC06F00D0E9FEC05F0A5EF3FF05C
:107B400018C028F0020E2B6E51EC3CF0186E010E9E
:107B50009FEC05F018C0E8FF42EC06F0580E9FECD1
:107B600005F00D0E9FEC05F04AA808D0000EF86E47
:107B7000810EF76ED60EF66ECEEC05F049A4A5EF99
:107B80003FF0185042EC06F00D0E9FEC05F0A5EF0B
:107B90003FF019C028F00A0E2B6E51EC3CF0196E24
:107BA000010E9FEC05F019C0E8FF42EC06F04F0E05
:107BB0009FEC05F00D0E9FEC05F04AA808D0000ED2
:107BC000F86E810EF76EDE0EF66ECEEC05F049A46F
:107BD000A5EF3FF0195042EC06F00D0E9FEC05F0BA
:107BE00049B4A7EC3FF0A5EF3FF01AC028F0010E12
:107BF0002B6E51EC3CF01A6E4AA808D0000EF86EBD
:107C0000810EF76EE60EF66ECEEC05F049A49DD11E
:107C10001A6609D0000EF86E820EF76E500EF66EE0
:107C2000CEEC05F092D1000EF86E820EF76E5C0E6F
:107C3000F66ECEEC05F089D11BC028F01E0E2B6E1F
:107C4000040E2A6E51EC3CF01B6E040A02E04A84DA
:107C500001D04A944AA808D0000EF86E820EF76E42
:107C6000000EF66ECEEC05F049A46FD11B50040A4D
:107C700009E1000EF86E820EF76E500EF66ECEEC35
:107C800005F063D11B5042EC06F00D0E9FEC05F0A1
:107C90005CD11CC028F0010E2B6E51EC3CF01C6E28
:107CA0004AA808D0000EF86E820EF76E180EF66E17
:107CB000CEEC05F049A449D11C6609D0000EF86E3F
:107CC000820EF76E500EF66ECEEC05F03ED1000E31
:107CD000F86E820EF76E5C0EF66ECEEC05F035D1C6
:107CE0001EC028F0010E2B6E51EC3CF01E6E4AA80F
:107CF00008D0000EF86E850EF76E900EF66ECEEC84
:107D000005F049A422D11E6609D0000EF86E820E3D
:107D1000F76E500EF66ECEEC05F017D1000EF86E31
:107D2000820EF76E5C0EF66ECEEC05F00ED11FC023
:107D300028F0320E2B6E0C0E2A6E51EC3CF01F6EAA
:107D40004AA808D0000EF86E850EF76EA80EF66EE3
:107D5000CEEC05F049A4F9D01F5042EC06F00D0E10
:107D60009FEC05F0F2D020C028F0010E2B6E51ECF4
:107D70003CF0206E4AA808D0000EF86E850EF76E13
:107D8000DC0EF66ECEEC05F049A4DFD0206609D0FB
:107D9000000EF86E820EF76E500EF66ECEEC05F009
:107DA000D4D0000EF86E820EF76E5C0EF66ECEEC3E
:107DB00005F0CBD021C028F0010E2B6E51EC3CF029
:107DC000216E4AA808D0000EF86E850EF76EF80EE8
:107DD000F66ECEEC05F049A4B8D0216609D0000EAD
:107DE000F86E820EF76E500EF66ECEEC05F0ADD04A
:107DF000000EF86E820EF76E5C0EF66ECEEC05F09D
:107E0000A4D01DC028F0140E2B6E050E2A6E51EC66
:107E10003CF01D6E4AA808D0000EF86E820EF76E78
:107E2000240EF66ECEEC05F049A48FD01D5042EC26
:107E300006F00D0E9FEC05F088D022C028F0070E4A
:107E400052B6090E2B6E010E2A6E51EC3CF0226EDA
:107E50004AA808D0000EF86E8A0EF76E440EF66E31
:107E6000CEEC05F049A471D0225042EC06F00D0E84
:107E70009FEC05F06AD023C028F0050E2B6E010E92
:107E80002A6E51EC3CF0236E4AA808D0000EF86E22
:107E9000890EF76E660EF66ECEEC05F049A455D04D
:107EA000235042EC06F00D0E9FEC05F04ED024C09E
:107EB00028F0010E2B6E51EC3CF0246E4AA808D03D
:107EC000000EF86E840EF76E0E0EF66ECEEC05F018
:107ED00049A43BD0246609D0000EF86E830EF76EDD
:107EE000FE0EF66ECEEC05F030D0000EF86E840E6D
:107EF000F76E060EF66ECEEC05F027D025C028F002
:107F0000010E2B6E51EC3CF0256E49A41ED0256667
:107F100009D0000EF86E840EF76E3E0EF66ECEECB3
:107F200005F013D0000EF86E840EF76E1C0EF66E80
:107F3000CEEC05F00AD049A408D0000EF86E820EEF
:107F4000F76EC60EF66ECEEC05F02A6A1200050E2C
:107F5000146E050E156E166A010E186E000EFB6E7D
:107F60007F0EFA6E1944016E720E0124D8B0FA2AFF
:107F7000F96E0BD00FD019D01FD029D02FD039D007
:107F800043D04BD051D057D01200320E136E320E68
:107F9000176E57D00A0E136E040E146E060E156E71
:107FA000030E166E280E176E4CD0280E136E2E0E72
:107FB000176E000E186E45D03C0E136E060E146E32
:107FC000040E156E340E176E020E186E3AD0280E7F
:107FD000136E090E166E320E176E33D0320E136EFC
:107FE000060E146E070E156E280E176E000E186E14
:107FF00028D0320E136E060E146E070E156E280E64
:10800000176E000E186E1DD0500E136E000E156EFA
:10801000060E166E360E176E14D0140E136E020E68
:10802000166E0F0E176E0DD03C0E136E620E176E8D
:10803000020E186E06D0630E136E430E176E020EFC
:10804000186E120002014A5148254D6F4D274735E1
:108050004C6F493949254D2748514C274D374C37EE
:1080600049394A254D274739D8B001094C274839A5
:108070004D5FD8A04C07D8904D374C3747394B252A
:108080004D274751D8B047054C5F0001120002014F
:108090005451565D02E15551575D0001120000EE4A
:1080A00010F0160E276E010EAA6E000EA96EA69E87
:1080B000A69CA680A850EE6EA92A272EF8D71200FB
:1080C00000EE10F0160E276E010EAA6E600EA96E5D
:1080D000A69EA69CA680A850EE6EA92A272EF8D7A9
:1080E000120000EE10F0010EAA6E000EA96E276EAF
:1080F0002750A96EEE50A86EA69EA69CA684F29E5E
:10810000F29C550EA76EAA0EA76EA682A6B2FED747
:10811000A698A694272A2750160AEAE1F28EF28C36
:10812000120048616D506F640D00310D0000320D7A
:108130000000330D0000410D0000340D0000350D2E
:108140000000360D0000420D0000370D0000380D14
:108150000000390D0000430D0000737461720D00C2
:10816000506F696E740D0000300D0000706F756EF9
:10817000640D0000456E7465720D0000440D000032
:1081800020566F6C756D6520000020737065656406
:108190002000207069746368200020617274696334
:1081A000756C6174696F6E2000002065787072656F
:1081B0007373696F6E2000002072657665726220AD
:1081C000000020666F726D616E7420667265717555
:1081D000656E6379200020746F6E65200000207644
:1081E0006F6963652000204B6579204265657020CA
:1081F00000004B65792054696D65204F757420002F
:108200004B65792054696D65204F757420447572F3
:108210006174696F6E200000566572626F736974D5
:1082200079200000436F6D6D756E69636174696FCD
:108230006E732054696D654F757420002041626F24
:1082400072742C200D0020456E61626C65640D0017
:108250002044697361626C65640D00004F6E200DEF
:1082600000004F6666200D0020537065656368202E
:108270004F6E0D00205370656563682064697361FB
:10828000626C65640D0020537065656368206973D6
:108290002064697361626C65640D00002001324ADC
:1082A00032353030303030300D001E01324A33303C
:1082B0003030303030300D002001324A3230303032
:1082C000303030300D002001324A3130303030351E
:1082D00030300D00200130336A30363030303030ED
:1082E000300D200130356A30353030303030300DCF
:1082F0000000200130376A30363030303030300DF9
:10830000200130376A30353030303030300D0000E9
:10831000200130376A30353030303030300D2001B8
:1083200030376A30363030303030300D00002001C8
:10833000326A30383030303530300D0054696D6578
:10834000204F75740D00436F6E66696775726174B6
:10835000696F6E204D6F64650D00436F6E666967CF
:1083600075726174696F6E2053617665640D0000EB
:10837000436F6E66696775726174696F6E206E6FA8
:10838000742073617665640D000053617665640D39
:108390000000526543616C6C0D00436C6561720DA9
:1083A0000000436C65617220456E7472790D0000A7
:1083B000556E6B6E6F776E0D000053686966740DB5
:1083C0000000536869667420320D000053686966C6
:1083D00074204F66660D0000436865636B20526130
:1083E00064696F0D00004E6F726D616C0D0052611B
:1083F00064696F2054696D65204F75740D00506F6E
:10840000727420310D00506F727420320D00506F65
:10841000776572204F6E20746F200000456E746582
:108420007220746F205265736574206F72205374CC
:10843000617220746F20466C6173680D0000526594
:1084400073657420616E6420466C617368696E6741
:108450002044697361626C65640D00005265736548
:10846000740D00005265736574204E6F773F0D00E8
:10847000526573746F726520746F20466163746F08
:1084800072792044656661756C74733F2C2050725C
:108490006573732031746F20726573746F72652C0D
:1084A00020616E79206F74686572206B6579207425
:1084B0006F2061626F72742E0D0044656661756C89
:1084C000747320726573746F7265642C20506572CA
:1084D000666F726D696E672052657365740D00007A
:1084E00057616974696E6720666F72204669726DA4
:1084F000776172652120416E79204B657920546F38
:108500002041626F72740D00466C617368696E671A
:108510000D004175746F200D0000466173740D00ED
:108520004D656469756D0D00536C6F770D0045786E
:1085300069742057617463680D0053575220697342
:10854000200D0000496E76616C696420446174619D
:108550000D0044617461204C656E6774682045723B
:10856000726F720D0000496E76616C696420486517
:10857000616465720D0044617461204572726F72AE
:108580000D005175657279204572726F720D000091
:108590004672657175656E637920416E6E6F756E9A
:1085A00063656D656E7420004672657175656E63F6
:1085B0007920416E6E6F756E63656D656E742044D3
:1085C000656C617920004620412720422C20204400
:1085D000617461204572726F720D00004127204660
:1085E00020616E642072204620616E6E6F756E632E
:1085F000656D656E742000004672657175656E6309
:108600007920506C7573204D6F64652000005375A0
:1086100062200D004220536574204F6E2C200D0007
:108620004E6F7420617661696C61626C6520776958
:108630007468204220536574204F6E2C200D00007A
:108640004672657175656E63790D00002C20496E68
:1086500076616C6964204672657175656E63790D2B
:10866000000041200D0042200D00412046204761BE
:10867000696E0D00416E74656E6E610D000052589A
:1086800020416E74656E6E610D00436F6D70726592
:108690007373696F6E0D000043205720616E642074
:1086A00044617461205374617475730D00004669F0
:1086B0006C7465722057696474680D004D696B6550
:1086C000204761696E0D00004B657965722053701B
:1086D0006565640D00004D6F6E69746F72204C65A6
:1086E00076656C0D000050726520416D700D0000C4
:1086F000506F7765720D00004E6F69736520426C94
:10870000616E6B65720D00004E42204C6576656CA3
:10871000200D0000417474656E756174696F6E0D93
:10872000000046696C746572204E756D6265720D4D
:10873000000053706C6974200D0041204D0D000045
:108740004D6F6465200D00004320570D000043204D
:10875000572052657665727365640D0044617461DB
:108760000D00446174612052657665727365640D15
:10877000000046204D0D000055205320420D000002
:108780004C205320420D000041272046534B0D0042
:1087900046534B0D0000462053204B205265766512
:1087A000727365640D0050534B0D00004E6F69737A
:1087B0006520526564756374696F6E200D004E6F9D
:1087C000746368200D004175746F204E6F74636888
:1087D000200D00004D616E75616C204E6F746368F2
:1087E000200D00004D616E75616C0D004127204722
:1087F0002043200D00004920462053686966740D0F
:1088000000005220492054200D00582049205420B7
:108810000D00522049205420616E642058204920C8
:10882000542044697361626C65640D005472616E1A
:10883000736D6974204F6E20562046204F204127CB
:10884000200D00005472616E736D6974204F6E20AC
:10885000562046204F2042200D00564F5820697365
:108860002044697361626C65642C200D00004261D4
:108870006E640D0042616E64204F66660D003136F5
:10888000306D0D0038306D0D000036306D0D00007C
:1088900034306D0D000033306D0D000032306D0D41
:1088A000000031376D0D000031356D0D00003132A3
:1088B0006D0D000031306D0D0000366D0D00326D14
:1088C0000D0056204820460D000037302063206DF3
:1088D0000D0055204820460D0000312E322047481B
:1088E0007A0D000047656E0D00004127204C2043A3
:1088F0000D00506C75730D004D696E75730D0000A1
:108900004D656D6F72790D0042616E6B0D004368AD
:10891000616E6E656C0D000045786974204D656D63
:108920006F72790D00005472616E736665720D008E
:10893000546F20562046204F2041270D0000546FD1
:1089400020562046204F20420D00456D7074790D51
:1089500000004E6172726F770D00576964650D00FB
:1089600044544D460D0044544D4620546F6E6520CE
:108970004475726174696F6E0D00457869742044A6
:10898000544D460D00004B656E776F6F640D00000F
:10899000545334203830200D0000545335203730E4
:1089A00020440D0054533520373020530D005453CC
:1089B0003520393020530D005453352039302053A1
:1089C00020470D0054533820393020530D005453A4
:1089D0003920393020530D005453323030300D00DF
:1089E000416E74656E6E612054756E65720D000087
:1089F00055700D00446F776E0D004869676820431D
:108A000075740D004C6F77204375740D0000432082
:108A100057204D6F6465204F6E6C790D00004361E7
:108A20007272696572204761696E0D0042656174FA
:108A30002043616E63656C6C65720D0020566F6932
:108A40006365200020566F69636520566F6C756DF5
:108A5000652000004761696E0D0044656C61790D09
:108A6000000043205720427265616B20496E0D0063
:108A7000436F6D7072657373696F6E0D00004D65A5
:108A80007465720D00004F66667365740D0053695E
:108A90006D706C65780D00004D7573742042652013
:108AA000496E2046204D0D004B487A0D000043547E
:108AB0004353530D000043726F737320546F6E6500
:108AC000200D0000504C20546F6E650D00003637AD
:108AD0002E300D0036392E330D0037312E390D0072
:108AE00037342E340D0037372E300D0037392E37FE
:108AF0000D0038322E350D0038352E340D00383843
:108B00002E350D0039312E350D0039342E380D003B
:108B100039372E340D003130302E300D0000313019
:108B2000332E350D00003130372E320D000031313B
:108B3000302E390D00003131342E380D0000313126
:108B4000382E380D00003132332E300D0000313216
:108B5000372E330D00003133312E380D0000313304
:108B6000362E350D00003134312E330D00003134F6
:108B7000362E320D00003135312E340D00003135E6
:108B8000362E370D00003136322E320D00003136D0
:108B9000372E390D00003137332E380D00003137B4
:108BA000392E390D00003138362E320D00003139A2
:108BB000322E380D00003230332E350D00003230A9
:108BC000362E350D00003231302E370D0000323197
:108BD000382E310D00003232352E370D0000323282
:108BE000392E310D00003233332E360D0000323471
:108BF000312E380D00003235302E330D0000323565
:108C0000342E310D00003137353020487A0D000008
:108C10003135392E380D00003136352E350D000036
:108C20003137312E330D00003137372E330D000030
:108C30003138332E350D00003138392E390D000012
:108C40003139362E360D00003139392E350D000000
:108C5000522058204F6E0D00542058204F6E0D00AA
:108C6000536174656C6C697465204D6F646520494F
:108C70007320456E61626C65640D0000536174651C
:108C80006C6C697465204D6F64650D002C204D651A
:108C90006D6F7279204368616E6E656C0D002C20DB
:108CA0004D61696E205570206C696E6B2C20537578
:108CB0006220446F776E206C696E6B0D00002C2073
:108CC0004D61696E20446F776E206C696E6B2C204D
:108CD000537562205570206C696E6B0D00002C205E
:108CE0004D61696E20496E20436F6E74726F6C0D1A
:108CF00000002C2053756220496E20436F6E747201
:108D00006F6C0D002C205472616365204F66660DF8
:108D100000002C205472616365204F6E0D002C20E2
:108D200054726163652052657665727365204F6683
:108D3000660D00002C2054726163652052657665D3
:108D4000727365204F6E0D002C204D554C544920F8
:108D500043204820636F6E74726F6C2069732056D5
:108D60002046204F204D6F64650D00002C204D558E
:108D70004C54492043204820636F6E74726F6C20FE
:108D80006973204D656D6F7279204368616E6E6501
:108D90006C0D000046696E652054756E696E670D36
:108DA00000004D554C54492043204820636F6E7499
:108DB000726F6C206672657175656E63792073746D
:108DC0006570730D000043757272656E74204D6599
:108DD0006E750D004175746F204E6F7463680D00E1
:108DE0005370656563682050726F636573736F724B
:108DF0000D0052656365697665204F6E20562046EA
:108E0000204F204127200D0052656365697665205B
:108E10004F6E20562046204F2042200D0000526504
:108E20006365697665204F6E204D656D6F727920A0
:108E30004368616E6E656C0D00005265636569760E
:108E400065204F6E2043616C6C204368616E6E65D7
:108E50006C200D005472616E736D6974204F6E202A
:108E60004D656D6F7279204368616E6E656C0D00A3
:108E70005472616E736D6974204F6E2043616C6C27
:108E8000204368616E6E656C200D0000467265714E
:108E900075656E6379204C6F636B204F6E0D00001B
:108EA00054756E696E67204C6F636B204F6E0D00BA
:108EB0004620646F74204C6F636B204F6E0D000072
:108EC000412720646F74204C6F636B204F6E0D0040
:108ED0004D61696E200D0000564F58204F6E2C20BA
:108EE0000D004E6F7420417661696C61626C652083
:108EF000696E2046204D204D6F64650D0000496E5F
:108F00007075740D00004F75747075740D004572A6
:108F1000726F722C20562046204F204127204F721E
:108F20002042204F6E6C790D0000496E66696E61BB
:108F3000740D000043200D0043656E7465720D00D2
:108F40005061636B65742042616E64776964746814
:108F50000D0052657475726E656420546F204F6EFB
:108F60000D0050534B2D520D00004C53422D4431F7
:108F70000D005553422D44310D00464D2D44310D09
:108F8000000041204D2D44310D004C53422D443200
:108F90000D005553422D44320D00464D2D44320DE7
:108FA000000041204D2D44320D004C53422D4433DE
:108FB0000D005553422D44330D00464D2D44330DC5
:108FC000000041204D2D44330D002048616D506F4D
:108FD00064204B656E776F6F642020526561646515
:108FE000722C2056657273696F6E20312E303442B8
:108FF00031362C206279204B2036204420512C2001
:029000000D0061
:020000040030CA
:0100010022DC
:0100020006F7
:010003003CC0
:01000500B545
:010006008079
:010008000FE8
:010009008076
:01000A000FE6
:01000B00E014
:01000C000FE4
:01000D0040B2
:0200000400F00A
:10010000000406320303003201000114010501144A
:06011000000103020000E3
:1001600000050632030300320100011401050114E9
:0601700000010302000083
:0603CA0048616D506F64F4
:1003D00020436F7079726967687420526F6265722A
:1003E00074204D2E2053616E74656C6C6F2032301A
:0203F0003231A8
:00000001FF
