:020000040000FA
:0800000000000000F3EF00F026
:0200080008D01E
:02000A000000F4
:020018008ED088
:06001A008388E9CF03F327
:10002000EACF04F348BC41D00E01CDA914D0C5A934
:1000300012D0040100917C2F03D00E01C5990BD082
:10004000040104EE01F07E51EBCF9AFF7E2B7B0E74
:100050007E19D8B47E6B0E01C5AB67D0CDAB65D031
:1000600099CFFDF4060E0F019D1419E1040100B9AA
:100070005CD000A302D0008958D004EE7FF0009538
:10008000FA2B7B0EFA1909E0FB51FDC4EBFFFB2BA9
:100090007B0EFB19D8B4FB6B48D0008346D00F0110
:1000A0009D989D880401008740D00E01CDAD14D0ED
:1000B000C5AD12D0050100917C2F03D00E01C59D66
:1000C0000BD0050105EE01F07E51EBCF9AFE7E2BA1
:1000D0007B0E7E19D8B47E6B0E01C5AF26D0CDAF96
:1000E00024D099CEFEF5060E0E019D1519E10501ED
:1000F00000B91BD000A302D0008917D005EE7FF015
:100100000095FB2B7C0EFB1909E0FC51FEC5EBFFB3
:10011000FC2B7C0EFC19D8B4FC6B07D0008305D0F7
:100120000E019D999D890501008704C3EAFF03C361
:10013000E9FF83981100D8CF01F3E8CF00F3E0CFB7
:1001400002F30E01C6A10BD0CEA109D00001342EBE
:1001500003D04C840E01C6910E01CE913DD00E010C
:10016000C6A50BD0CEA509D00001352E03D04D80F9
:10017000100E356E0E01CE952FD00E01C2A90ED0F5
:10018000CAA90CD0CA990F01125308E00F01126BD3
:10019000000145EC04F08E5000001ED00E01C2ABF1
:1001A0000CD0CAAB0AD000010252D8B44882D8A4FD
:1001B00002060E01CA9B00010FD00E01C6A90BD08A
:1001C000CEA909D00001362E03D049880E01C69968
:1001D0000E01CE9901D000D002C3E0FF00C3E8FFBA
:1001E00001C3D8FF1000000000000F01836AC00E99
:1001F000116FC00E886E000E196FF00E896E186FA9
:10020000136F146BF00E846E856A000E216FAE0EB4
:100210008A6E866A000E266FA00E8B6E876A000EAD
:100220002E6F000E8C6E000E0F6F176F1F6F246FF6
:100230002C6FF29EF29C0E01550EA06FAA0EA06FBD
:10024000A091170EB56F090EFD6F1F0E8D6F0F0178
:100250000B0E056F0E01550EA06FAA0EA06FA081A8
:100260000F01F26AF28A126B0E01CA99C299BA9909
:10027000BA91CA91C291BA93CA93C293BA95CA95D8
:10028000C2950F01F290F292F294D46AD36A0E01F1
:10029000E2910F01D59ED588D69ED68CD69AD69857
:1002A000D686D694D692D6900E01BA9BCA9BC29B94
:1002B000CE6ACD6ACF80D09CD098CF92CF8ACF889B
:1002C000D09ED296D294D292D280CF940E01DC9757
:1002D000E293BE91C691C791CE910F01C86AC76AD9
:1002E000C9800E01E297BE95C695C793CE950F01C2
:1002F000CA9ECA9CCA98CB96CB94CB92CB90C9820B
:10030000C98AC988CC96CC94CC92CC80C994C26A54
:10031000C16AC380C49CC498C492C490C382C38A77
:10032000C3880E01E29BBE99C699C795CE990F016D
:10033000C49EC696C694C692C680C3940E01BD895B
:10034000BD8BBD8DBD8F9F979C6B9E6B0F019F9644
:100350009C6A9E6A0001858C868C046A036A026A24
:10036000296A080E0D6E2C6A476A4780486A496AF6
:100370004A6A4B6A4D6A4E6A4C6A4F6A086A376A23
:100380004C844468FF0EE8CF02F6020EE8CF27F651
:10039000000EE8CF05F2546A000EE8CF5CF8E8CF13
:1003A0005EF8D6EC39F08388489C5AEC46F024B0CD
:1003B000488C819C818E47EC06F08AEC05F08AEC33
:1003C00005F048BC15EC03F048AC0AEC03F00F0153
:1003D000126B0E01C289CA9BCE91CE95CE990001B7
:1003E0008398F28EF28C66EC05F02AEC03F0A1EC17
:1003F00021F047EC03F02E6A2AEC03F020503B6E0C
:100400000E01C699CE990001499652EC03F049BEFF
:100410000DD017EE00F02C5009C0E3FF2C2AFD0E82
:10042000096204D04C825FEC23F0EED74DA005D0DA
:1004300049B603D03B2E01D0D8D749B84EEC07F0CF
:100440004DB029EC23F0E0EC04F048A638D00E01C2
:10045000C29B0F01D59E00011FEC05F047AA2FECAF
:1004600005F047A003D0FCEC25F01DD047A203D037
:1004700040EC2BF018D047A803D053EC2CF013D04D
:1004800047A603D099EC30F00ED047AC03D065EC12
:1004900035F009D047AA03D018EC41F004D047A4A6
:1004A0000ED076EC03F0FBEC04F0046A48968E5014
:1004B00000000F01126B0E01CA99C2890001A4D776
:1004C0000F019E8A0E01C599C58B0F019D6A9D8EF5
:1004D0009D8804017C6B7E6B7D6B0401FA6BFC6B69
:1004E000FB6B0401006B000112000E019E8BC59D89
:1004F000C58F9D6B9D8F9D8905017C6B7E6B7D6B90
:100500000501FB6BFD6BFC6B0501006B000112002C
:1005100048BC15D00401FA5102E10085000C04EE3C
:100520007FF0FC51EBCFFEF4FC2B7B0EFC19D8B412
:10053000FC6BFA0700930099FEC4E8FF1200050166
:10054000FB5102E10085000C05EE7FF0FD51EBCF81
:10055000FFF5FD2B7C0EFD19D8B4FD6BFB07009356
:100560000099FFC5E8FF120048BC21D00401FE6FCE
:1005700000B11BD07C5107E1FEC49AFF7E2B7B0E9D
:100580007E19D8B47E6B04EE01F07D51FEC4EBFF02
:100590007D2B7B0E7D19D8B47D6B7C2B7B0E7C195B
:1005A000D8A401D000810E01C58900011200050107
:1005B000FF6F00B11BD07C5107E1FFC59AFE7E2B77
:1005C0007B0E7E19D8B47E6B05EE01F07D51FFC520
:1005D000EBFF7D2B7B0E7D19D8B47D6B7C2B7B0EC6
:1005E0007C19D8A401D000810E01C58D12000F0125
:1005F00048BC07D09F969E94110E9B6E000E9C6E79
:1006000007D00E019F979E95110E9B6F000E9C6F59
:10061000000112000E019E9B9D99C59DC59F000182
:100620008AEC05F060EC02F012000F019E9A9D9892
:100630000E01C599C59B00018AEC05F075EC02F02E
:1006400012004C98E650DE6203D02F2EFBD701D06B
:100650004C8812000E01C695100E356E4D900F019C
:10066000C86AC76A0E01CE95C685000112000E0148
:10067000C69900011DC036F04998000EE8CFC2FFB0
:10068000E8CFC1FF0E01CE99C689000112002C6A85
:100690007B0E48BC7C0E276E17EE00F0E66A272E14
:1006A000FDD71200498E48BC0CD0040100B514D00F
:1006B0000401FA5111E088EC02F0499EE8CF09F0FC
:1006C0000BD0050100B508D00501FB5105E088EC11
:1006D00002F0499EE8CF09F0000112000900F55030
:1006E000D8B41200B4EC02F0F9D71200036A000E7D
:1006F000FB6E070EFA6E0444016E040E0124D8B09E
:10070000FA2AF96EB9D0B8D0B7D00DD0B5D0B4D0E0
:10071000B3D016D0B1D0B0D0AFD01ED039D0ACD07D
:100720008CD090D012000F2A0F50160AD8B40F6A3E
:10073000488848EC42F04898CFEC04F0256AA1D0F4
:100740000F06150E0F600F6E488848EC42F048986F
:10075000CFEC04F0256A95D00AEC05F04ABE06D02D
:10076000498248EC42F0CFEC04F08BD07CEC46F0B0
:10077000000EF86E8F0EF76E700EF66E3EEC06F001
:10078000476A47800E01C29B0001D59E256A79D039
:100790002552D8B471D0000EF86E900EF76EF60E9A
:1007A000F66E3EEC06F09E84230E9B6E010E9C6E50
:1007B0000AEC03F0489CFBEC04F0046A48968E5067
:1007C00000000F01126B0E01C289000152EC03F010
:1007D00049BE11D0C10E0962F9D71FEC05F0000E19
:1007E000F86E910EF76E1E0EF66E3EEC06F0320EAF
:1007F000D9EC05F0FF0048A6E9D70E01C29B000125
:10080000D59E48901FEC05F02FEC05F0000EF86E19
:100810008E0EF76E520EF66E3EEC06F0320ED9ECEE
:1008200005F0000EF86E900EF76E720EF66E3EEC4E
:1008300006F0320ED9EC05F0FF002552D8B41CD0DA
:100840000BEF07F00AEC05F04ABE06D0498048ECF1
:1008500042F0CFEC04F015D0000EF86E8F0EF76E5C
:10086000860EF66E3EEC06F0476A47800E01C29B8C
:100870000001D59E256A05D05DEC05F0CFEC04F0B3
:1008800000D049924990046A1200056A052E01D0F1
:100890007CD0066A062E01D0F9D78E1C006EF00BB4
:1008A000F9E0FE0E846E54EF04F056EF04F058EFBA
:1008B00004F05AEF04F08E1CF00B10E00F0E046EE3
:1008C00000B866D00B0E046E00BA62D0070E046E3C
:1008D00000BC5ED0030E046E00BE5AD0FD0E846EC6
:1008E00071EF04F073EF04F075EF04F077EF04F0AC
:1008F0008E1CF00B10E00E0E046E00B849D00A0EEC
:10090000046E00BA45D0060E046E00BC41D0020E43
:10091000046E00BE3DD0FB0E846E8EEF04F090EFAF
:1009200004F092EF04F094EF04F08E1CF00B10E052
:100930000D0E046E00B82CD0090E046E00BA28D03B
:10094000050E046E00BC24D0010E046E00BE20D043
:10095000F70E846EABEF04F0ADEF04F0AFEF04F0F0
:10096000B1EF04F08E1CF00B10E00C0E046E00B81A
:100970000FD0080E046E00BA0BD0040E046E00BC3B
:1009800007D0000E046E00BE03D0046A489604D05F
:1009900048860E01C2990001F00E846E120048A430
:1009A0000ED0D46AD36AD696D684D682D6904880A2
:1009B00048921AC002F00E01C28B0001D58E1200BF
:1009C00048A0120048A212004890036A256A4B947E
:1009D0004B964B98086A4B9A476A4780000EF86E10
:1009E0008F0EF76E520EF66E3EEC06F00E01C29BB5
:1009F0000001D59E1200F00E841600000000D8EC15
:100A000005F08E1CF00BFBE1D8EC05F08E1CF00B12
:100A1000FBE112004A9EF00E841600000000320E28
:100A2000056ED8EC05F08E1CF00B08E0052EF9D70A
:100A30004FEC05F0070ED9EC05F04A8E1200180EA7
:100A40000FEC06F0200E0FEC06F012002C0E0FEC4F
:100A500006F0200E0FEC06F00EEC06F0120047BA7E
:100A60001DD047A410D00F50090A0DE104500B0A05
:100A700001E105D004500F0AD8A405D000D01952C6
:100A8000D8A40CD003D0196601D008D0000EF86E9F
:100A90008E0EF76EC00EF66E3EEC06F01200195286
:100AA0000BE0000EF86E8E0EF76ECE0EF66E3EEC7C
:100AB00006F0080ED9EC05F01200000EF86E8E0E4E
:100AC000F76EDC0EF66E3EEC06F0120048BC0AD063
:100AD00000D0000EF86E900EF76E140EF66E3EEC1F
:100AE00006F008D0000EF86E900EF76E1C0EF66E33
:100AF0003EEC06F0120048BC06D00401006BFA6B15
:100B0000FB6BFC6B05D00501006BFB6BFC6BFD6B9D
:100B10000001120048BC09D07B0E276E040114EEC0
:100B20007FF0E66A272EFDD708D07C0E276E0501E0
:100B300015EE7FF0E66A272EFDD7000112005490D3
:100B4000E8CF0AF22F0807E006E20AC2E8FF3B08F6
:100B500002E001E354800AC2E8FF120002010E51D4
:100B60000C5F0D51D8A00D3D0B5F0001120002017A
:100B70000C1F0B1F0C3D0B070B2B0C6F0B110001F7
:100B8000120003011151146FD89014371437142731
:100B9000143712511427136B000E106507D0D8902C
:100BA000640E1427D8B0132B1007F6D700011200DB
:100BB000010EE8CF05F3200EE8CF06F3DFEF05F0D6
:100BC000E1EF05F0E3EF05F0E5EF05F0E7EF05F005
:100BD0000000F50EE8CF07F30000000007C3E8FFB0
:100BE000E806E8CF07F3FAE1000006C3E8FFE806ED
:100BF000E8CF06F3EEE105C3E8FFE806E8CF05F32A
:100C000005E002EF06F004EF06F0D5D712000E6EF5
:100C10000FEC06F00EEC06F00E5012000D0E0D2E2D
:100C200003D08FB6FED70D86F29EF29C0A6E0C0E94
:100C30000B6E8590090E0C6E0B2E1CEF06F00C0E41
:100C40000B6E0C2E12D0000000000000000000000F
:100C5000000085800D0E0B6E0B2E2CEF06F00000B1
:100C6000F28EF28C0A320A50120000000A32D8A02A
:100C700003D000008580E0D78590DED70900F550CD
:100C8000D8B412008FB6FED70FEC06F0F7D7320EAD
:100C9000D9EC05F00EEC06F0230ED9EC05F01E0E93
:100CA0000FEC06F0010E0FEC06F0400E0FEC06F014
:100CB0000EEC06F0010E0FEC06F0330E0FEC06F012
:100CC0004B0E0FEC06F00EEC06F00EEC06F00FC02B
:100CD00026F0160E0F6E0F0648EC42F0D8EC05F029
:100CE0000F50F9E126C00FF0000EF86E8D0EF76E72
:100CF000380EF66E3EEC06F012001200E8CF15F347
:100D0000F00BE83895EC06F00FEC06F0200E0FEC37
:100D100006F015C3E8FF0F0B95EC06F00FEC06F09C
:100D20000EEC06F015C3E8FF1200016E000EFB6E1C
:100D30000D0EFA6E0144016E420E0124D8B0FA2A5B
:100D4000F96E300C310C320C330C340C350C360C83
:100D5000370C380C390C410C420C430C440C450C3C
:100D6000460C1200E8CF15F3CAEC06F0300F0FEC7A
:100D700006F015C3E8FFDFEC06F0300F0FEC06F0CD
:100D800015C3E8FFF5EC06F0300F0FEC06F015C3C5
:100D9000E8FF1200E8CF11F3000EE8CF12F312C300
:100DA000E8FFE82AE8CF12F311C3E8FF9C0FE8CF71
:100DB00011F3D8B0F4D712C3E8FFE8061200E8CF69
:100DC00011F3000EE8CF12F312C3E8FFE82AE8CFD0
:100DD00012F311C3E8FFF60FE8CF11F3D8B0F4D740
:100DE00012C3E8FFE806F5EF06F0E8CF12F312C3EE
:100DF000E8FFF60FE8CF12F3D8B0F9D712C3E8FF37
:100E00000A0F1200000EF86E910EF76E5A0EF66E73
:100E10003EEC06F01200330E0FEC06F00EEC06F07E
:100E2000640ED9EC05F0320E0FEC06F00EEC06F075
:100E3000640ED9EC05F0310E0FEC06F00EEC06F066
:100E4000640ED9EC05F0000EF86E900EF76E720E7F
:100E5000F66E3EEC06F0FA0ED9EC05F0FF0012003B
:100E60005488000EF86E900EF76E860EF66E3EEC0D
:100E700006F0CFEC04F01200000EF86E8E0EF76E46
:100E8000660EF66E3EEC06F01200000EF86E8E0E48
:100E9000F76E720EF66E3EEC06F012002CEC08F0C7
:100EA000D4EC08F04FA22BD009C715F608C716F6E8
:100EB00007C717F606C718F605C719F60601155134
:100EC0001A630ED016511B630BD017511C6308D048
:100ED00018511D6305D019511E6302D000010FD0B7
:100EE000000115C61AF616C61BF617C61CF618C65C
:100EF0001DF619C61EF61FEC05F0ADEC23F049985F
:100F000012004F9217EE00F0FA0E2C6EE6CF43F06F
:100F10004350B4EC02F04350FD0A0CE02C06D8A478
:100F2000F5D7000EF86E910EF76E980EF66E3EEC49
:100F300006F01BD0F0EC07F04CAE17D000C743F022
:100F4000B0C1E8FF43180DE101C743F0B1C1E8FFAC
:100F5000431807E102C743F0B3C1E8FF431801E1BA
:100F600003D047EC03F0E6D74F821200FBEC04F00D
:100F70004F9211EEB0F0200E2C6EE6CF43F04350AE
:100F8000B4EC02F04350FD0A0CE02C06D8A4F5D7CF
:100F9000000EF86E910EF76E980EF66E3EEC06F0AF
:100FA0001ED0F0EC07F04CAE1AD04FBEF1EC40F082
:100FB00000C743F0B0C1E8FF43180DE101C743F09B
:100FC000B1C1E8FF431807E102C743F0B3C1E8FF2E
:100FD000431801E103D047EC03F0E3D74F8212003E
:100FE000E6EC40F04C9E2C6A20503B6E2C6604D000
:100FF000E0EC04F048B615D052EC03F049BE09D03D
:1010000017EE00F02C5009C0E3FF2C2A0950FD0A0E
:1010100021E04DA0EBD73B06D8B40ED02AEC03F06C
:10102000E5D71FEC05F0000EF86E8F0EF76E520E2E
:10103000F66E3EEC06F00FD01FEC05F0000EF86ED9
:10104000900EF76E040EF66E3EEC06F020503B6EEE
:101050004D8001D04C8E12002AEC03F0D8EC05F044
:101060008AEC05F012002CEC08F046A0BFEC3BF037
:1010700046B0E8EC3BF04FA219D01EEC1FF046A2A0
:1010800003D08CEC40F012D0D4EC08F04FA20ED07C
:101090001FEC05F0ADEC23F01F5208E0DEEC08F089
:1010A0004FA204D000C63AF0C7EC24F02C6A12001C
:1010B0002CEC08F0D4EC08F04FA256D036EC1FF020
:1010C000FF0A46E0549C1FEC05F0ADEC23F01F52E4
:1010D0004BE0DEEC08F04FA247D000C63AF0C7EC78
:1010E00024F052A441D0D8EC05F06FEC1FF0070EAD
:1010F000E66ED20EE66EFD0EE66EB6EC07F04FA27F
:1011000033D01EEC1FF046B22DD036EC1FF0E85263
:10111000D8B4410ED8A4420E0FEC06F00EEC06F047
:10112000D8EC05F06FEC1FF00F0EE66EFD0EE66ECC
:10113000B6EC07F04FA218D036EC1FF0E85214E0DE
:10114000010A12E1530E0FEC06F00EEC06F00CD083
:10115000548C000EF86E950EF76E600EF66E3EEC37
:1011600006F002D095EC40F02C6A12002CEC08F04E
:10117000DEEC08F04FA206D000C63AF01FEC05F0F6
:1011800039EC25F02C6A12002CEC08F0DEEC08F0AB
:101190004FA208D000C622F601C623F61FEC05F0C8
:1011A000DEEC25F02C6A12006FEC1FF0030EE66EE9
:1011B000FD0EE66EB6EC07F02C6A12006FEC1FF025
:1011C000040EE66EFD0EE66EB6EC07F04FA208D0F8
:1011D0003FEC1FF0E8CF00F636EC1FF0E8CF01F649
:1011E0002C6A12002CEC08F06FEC1FF01A0EE66E61
:1011F000060EE66EFD0EE66EB6EC07F04FA250D07E
:101200003FEC1FF0E852D8A42AD02CEC08F06FEC89
:101210001FF01A0EE66E060E51B6040EE66E010EB3
:10122000E66E50B609D050BC07D050BE05D051BABA
:1012300003D001C6E8FFE66EFD0EE66EB6EC07F0E1
:101240004FA22ED01EEC1FF046B22AD0000EF86E30
:10125000930EF76E720EF66E3EEC06F021D02CEC7B
:1012600008F06FEC1FF01A0EE66E060E51B6040E73
:10127000E66E000EE66E50B608D050BC06D050BEEA
:1012800004D051BA02D0000EE66EFD0EE66EB6EC4A
:1012900007F04FA205D01EEC1FF046B201D000D0DF
:1012A0002C6A12002CEC08F0DEEC08F04FA229D0DA
:1012B00024C6E8FF120A02E000C63AF024C6E8FF9E
:1012C000150A02E001C623F60A0ED9EC05F06FEC10
:1012D0001FF0060EE66E3A50E66E060AD8A423C644
:1012E000E8FFD8B4010EE66EFD0EE66EB6EC07F030
:1012F0004FA207D01EEC1FF046B201D002D095ECF1
:1013000040F02C6A12002CEC08F0000EF86E960EDD
:10131000F76E4C0EF66E3EEC06F06FEC1FF0160EFC
:10132000E66E120EE66EFD0EE66EB6EC07F04FA20C
:101330007AD01EEC1FF046B274D006C7E8FF000A50
:101340002EE006C7E8FF010A2DE050B618D050BACB
:1013500016D050BC14D050BE12D006C7E8FF000A09
:1013600052BC32E051B20BD051B409D051B807D0C1
:1013700051BE05D052B403D052B801D009D006C72F
:10138000E8FF020A18E006C7E8FF030A1DE004D0E0
:1013900006C7E8FF020A18E0C2EC40F044D03CEC7B
:1013A00007F041D0000EF86E910EF76E300EF66E1B
:1013B0003EEC06F011D0000EF86E960EF76E540E4D
:1013C000F66E3EEC06F008D0000EF86E910EF76E49
:1013D0003E0EF66E3EEC06F00A0ED9EC05F06FEC10
:1013E0001FF01A0EE66E040EE66EFD0EE66EB6EC0B
:1013F00007F04FA218D01EEC1FF046B214D026EC16
:1014000005F006C7E8FFF00BE838300F0FEC06F0E8
:1014100006C7E8FF0F0B300F0FEC06F00EEC06F0DE
:1014200002D095EC40F02C6A12002CEC08F004502D
:10143000310A06E00450320A06E0030E006E05D0C1
:10144000010E006E02D0020E006E6FEC1FF0160E41
:10145000E66E120EE66E0050E66EFD0EE66EB6EC1F
:1014600007F04FA207D01EEC1FF046B203D083EC6A
:1014700009F000D0036A12002CEC08F0000EF86EA0
:10148000950EF76E000EF66E3EEC06F06FEC1FF058
:10149000150EE66E130EE66EFD0EE66EB6EC07F068
:1014A0004FA230D01EEC1FF046B22AD0000EE8CF7B
:1014B0000EF3E8CF0FF306C7E8FFE8CF10F307C736
:1014C000E8FFF00BE838E8CF11F307C7E8FF0F0B90
:1014D000E8CF12F3E5EC3EF014C3E8FFF3EC3FF085
:1014E000006E52A402D0D89000320050B2EC06F048
:1014F0001B5203E0250E0FEC06F00EEC06F002D0B6
:1015000095EC40F02C6A12002CEC08F0000EF86EFE
:10151000920EF76E8A0EF66E3EEC06F06FEC1FF040
:10152000120EE66EFD0EE66EB6EC07F04FA287D007
:1015300005C7E8FF000A0CE106C7E8FFFD0A3BE02B
:1015400006C7E8FF000A3BE006C7E8FF010A3BE0E8
:1015500005C7E8FF010A0CE106C7E8FFFD0A37E00E
:1015600006C7E8FF000A37E006C7E8FF010A37E0D0
:1015700005C7E8FF020A0CE106C7E8FFFD0A33E0F1
:1015800006C7E8FF000A33E006C7E8FF010A33E0B8
:1015900005C7E8FF030A0CE106C7E8FFFD0A2FE0D4
:1015A00006C7E8FF000A2FE006C7E8FF010A2FE0A0
:1015B00095EC40F044D0310E0FEC06F03ED0310EE9
:1015C0000FEC06F028D0310E0FEC06F02DD0320EC5
:1015D0000FEC06F032D0320E0FEC06F01CD0320EBB
:1015E0000FEC06F021D0330E0FEC06F026D0330EB0
:1015F0000FEC06F010D0330E0FEC06F015D0340EC1
:101600000FEC06F01AD0340E0FEC06F004D0340EB6
:101610000FEC06F009D0000EF86E960EF76E660E0F
:10162000F66E3EEC06F00BD0000EF86E960EF76EDE
:101630005A0EF66E3EEC06F002D00EEC06F02C6A66
:1016400012002CEC08F0000EF86E980EF76E140ED7
:10165000F66E3EEC06F06FEC1FF0160EE66E320EE4
:10166000E66EFD0EE66EB6EC07F04FA234D01EEC2F
:101670001FF046B22BD006C7E8FF000A0FE006C7EE
:10168000E8FF010A0EE006C7E8FF020A11E006C7FC
:10169000E8FF030A14E0C2EC40F01DD03CEC07F078
:1016A0001AD0000EF86E950EF76E700EF66E11D011
:1016B000000EF86E960EF76E540EF66E0AD0000EFF
:1016C000F86E950EF76E680EF66E03D095EC40F04E
:1016D00002D03EEC06F02C6A12002CEC08F0000E52
:1016E000F86E990EF76E7C0EF66E3EEC06F06FEC1F
:1016F0001FF01C0EE66E010EE66EFD0EE66EB6ECF9
:1017000007F04FA29CD71EEC1FF046B21ED036EC5D
:101710001FF0000A0BE036EC1FF0010A0AE036EC7D
:101720001FF0020A09E08CEC40F011D03CEC07F00D
:101730000ED045EC07F00BD0000EF86E990EF76E48
:101740008C0EF66E3EEC06F002D095EC40F02C6A62
:1017500012002CEC08F0000EF86E930EF76E2A0EB5
:10176000F66E3EEC06F06FEC1FF0110EE66EFD0E0D
:10177000E66EB6EC07F04FA21ED036EC1FF0000A62
:1017800007E036EC1FF0010A06E006EC40F00BD053
:101790003CEC07F010D04F0E0FEC06F06E0E0FEC85
:1017A00006F00D0E06D0440E0FEC06F0420E0FECC4
:1017B00006F00EEC06F02C6A12002CEC08F05EEC41
:1017C0000CF04FA279D0DEEC08F04FA275D000C625
:1017D00022F601C623F632EC0FF0B6EC07F04FA26A
:1017E0006BD01EEC1FF046B265D045C002F7E00E8C
:1017F000E8CF03F717EE08F015C6E6FF16C6E6FFBA
:1018000017C6E6FF18C6E6FF19C6E6FF22C6E6FFC2
:1018100023C6E6FF81EC07F04FA24ED01EEC1FF06E
:1018200046B248D02FEC0EF032EC0FF0B6EC07F0D9
:101830004FA242D01EEC1FF046B23CD00DC722F69C
:101840000EC723F60A0ED9EC05F06FEC1FF0050E5B
:10185000E66E08C7E8FFE66E09C7E8FFE66E0AC74E
:10186000E8FFE66E0BC7E8FFE66E0CC7E8FFE66E22
:10187000FD0EE66EB6EC07F04FA21ED01EEC1FF078
:1018800046B218D00A0ED9EC05F06FEC1FF0060E28
:10189000E66E22C6E8FFE66E23C6E8FFE66EFD0EA2
:1018A000E66EB6EC07F04FA207D01EEC1FF046B272
:1018B00001D002D095EC40F02C6A1200D4EC08F074
:1018C0004FA2CCD105C715F606C716F607C717F6FF
:1018D00008C718F609C719F609C7E8FFF00B100A80
:1018E000D8B451D109C7E8FF0F0BE8CF0EF308C7F2
:1018F000E8FFF00BE838E8CF0FF308C7E8FF0F0B5D
:10190000E8CF10F307C7E8FFF00BE838E8CF11F392
:1019100007C7E8FF0F0BE8CF12F34A9005C700F0A6
:1019200006C7E8FF0026D8B44A80E5EC3EF013C3B2
:101930000DF214C30EF2000EE8CF0BF2C80EE8CF82
:101940000CF20AEC3FF00CE2000EE8CF0BF2B40E02
:10195000E8CF0CF20AEC3FF0D8A05FD1010E5ED1C7
:10196000010EE8CF0BF29A0EE8CF0CF20AEC3FF032
:101970000CE2010EE8CF0BF2540EE8CF0CF20AECA9
:101980003FF0D8A04AD1020E49D1020EE8CF0BF2A7
:10199000EE0EE8CF0CF20AEC3FF00CE2020EE8CFBC
:1019A0000BF2B20EE8CF0CF20AEC3FF0D8A035D122
:1019B000030E34D1040EE8CF0BF21A0EE8CF0CF26E
:1019C0000AEC3FF00CE2030EE8CF0BF2DE0EE8CF9C
:1019D0000CF20AEC3FF0D8A020D1040E1FD1050E66
:1019E000E8CF0BF2AA0EE8CF0CF20AEC3FF00CE2C3
:1019F000050EE8CF0BF26E0EE8CF0CF20AEC3FF0CA
:101A0000D8A00BD1050E0AD1070EE8CF0BF23A0E83
:101A1000E8CF0CF20AEC3FF00CE2060EE8CF0BF236
:101A2000FE0EE8CF0CF20AEC3FF0D8A0F6D0060E7E
:101A3000F5D0080EE8CF0BF2660EE8CF0CF20AECF8
:101A40003FF00CE2080EE8CF0BF22A0EE8CF0CF2C2
:101A50000AEC3FF0D8A0E1D0070EE0D0090EE8CFA5
:101A60000BF2CE0EE8CF0CF20AEC3FF00CE2090EBE
:101A7000E8CF0BF2880EE8CF0CF20AEC3FF0D8A0CA
:101A8000CCD0080ECBD00B0EE8CF0BF2B80EE8CFBF
:101A90000CF20AEC3FF00DE00FE20A0EE8CF0BF279
:101AA000F00EE8CF0CF20AEC3FF0D8A0B6D0090E49
:101AB000B5D04AA001D0FBD7150EE8CF0BF2180E17
:101AC000E8CF0CF20AEC3FF00DE00FE2130EE8CF86
:101AD0000BF2880EE8CF0CF20AEC3FF0D8A09DD0B4
:101AE000100E9CD04AA001D0FBD7390EE8CF0BF2E4
:101AF000D00EE8CF0CF252A806D0430EE8CF0BF27E
:101B0000F80EE8CF0CF20AEC3FF017E019E2380EBD
:101B1000E8CF0BF2400EE8CF0CF252A806D02A0E06
:101B2000E8CF0BF2300EE8CF0CF20AEC3FF0D8A071
:101B300074D0110E52BA010E71D04AA001D0F9D75B
:101B4000AF0EE8CF0BF2C80EE8CF0CF252A806D0C9
:101B5000BB0EE8CF0BF2800EE8CF0CF20AEC3FF0A0
:101B60000FE05BE2A40EE8CF0BF2100EE8CF0CF210
:101B70000AEC3FF0D8A051D0120E52BA020E4ED04D
:101B80004AA001D0F9D752BA02D052A846D0000ECE
:101B9000E8CF0EF309C7E8FFF00BE838E8CF0FF302
:101BA00009C7E8FF0F0BE8CF10F308C7E8FFF00BF9
:101BB000E838E8CF11F308C7E8FF0F0BE8CF12F3BE
:101BC0004A9005C700F006C7E8FF002607C7E8FFF0
:101BD0000026D8B44A80E5EC3EF013C30DF214C3DE
:101BE0000EF2050EE8CF0BF2280E52BA140EE8CF13
:101BF0000CF20AEC3FF00EE010E2040EE8CF0BF21C
:101C0000D80EE8CF0CF20AEC3FF007E3130E52BAFD
:101C1000030E04D04AA001D0F9D7000EE8CF39F660
:101C2000E8661CD0110EE8CF39F6560E45180BE0C9
:101C300050B609D051BA07D051B209D051B407D02B
:101C400052B809D00BD0120EE8CF39F607D0130ED8
:101C5000E8CF39F603D0140EE8CF39F61200000EA3
:101C600004180BE1010E006E000EF86E940EF76E74
:101C7000940EF66E52BAC1D0EED0010E04180BE1EC
:101C8000020E006E000EF86E940EF76E9A0EF66E4F
:101C900052BADAD0E0D0020E041811E1030E006E41
:101CA000000EF86E940EF76EA60EF66E52AAD3D002
:101CB000000EF86E940EF76EF00EF66ECCD0040E99
:101CC000041809E1040E006E000EF86E940EF76E13
:101CD000AC0EF66EC0D0050E041809E1050E006EBC
:101CE000000EF86E940EF76EB20EF66EB4D0060EBD
:101CF000041809E1060E006E000EF86E940EF76EE1
:101D0000B80EF66EA8D0080E041809E1070E006E92
:101D1000000EF86E940EF76EBE0EF66E9CD0090E95
:101D2000041809E1080E006E000EF86E940EF76EAE
:101D3000C40EF66E90D00A0E041809E1090E006E6A
:101D4000000EF86E940EF76ECA0EF66E84D00D0E6D
:101D5000041814E1100E006E000EF86E940EF76E6B
:101D6000D00EF66E51B201D076D0110E006E000E7C
:101D7000F86E940EF76ED40EF66E6DD00C0E04183D
:101D800023E1110E006E000EF86E940EF76EFA0E3F
:101D9000F66E50B610D051B205D051B40FD052B833
:101DA00010D059D0100E006E000EF86E940EF76E23
:101DB000D00EF66E50D0120E006E4DD0130E006E87
:101DC0004AD0140E006E47D00E0E04181DE1110EFD
:101DD000006E000EF86E940EF76ED40EF66E51B2D1
:101DE00003D052B80AD00FD0120E006E000EF86E5B
:101DF000940EF76EE00EF66E2ED0000EF86E940E76
:101E0000F76ED80EF66E27D00B0E04180BE1000EFD
:101E1000F86E940EF76EF00EF66E52B800D0130EF8
:101E2000006E19D00F0E04181CE1000EF86E940E0F
:101E3000F76EE00EF66E51B402D052B803D0120E17
:101E4000006E09D0120E006E000EF86E940EF76E42
:101E5000E80EF66E00D000C039F61B52D8A43EEC56
:101E600006F012006FEC1FF01A0EE66E010EE66E21
:101E700039C6E8FFE66E010EE66EFD0EE66E120054
:101E8000549050B01DD050B61BD050BA19D050BC91
:101E900017D050BE15D051B213D051B411D051B695
:101EA0000FD051B80DD051BA0BD051BC09D052B29D
:101EB00007D052B405D052B803D052BA01D001D0E5
:101EC000548012002CEC08F0000EF86E920EF76EA3
:101ED000A00EF66E3EEC06F06FEC1FF0160EE66EEE
:101EE000440EE66EFD0EE66EB6EC07F04FA22FD064
:101EF00036EC1FF0000A07E036EC1FF0010A06E09E
:101F0000C2EC40F024D03CEC07F021D06FEC1FF085
:101F10007AEC1FF0FD0EE66EB6EC07F04FA217D07C
:101F20001EEC1FF046B211D034C6E8FF010A03E1EF
:101F300016EC40F00CD034C6E8FF020A03E135ECA1
:101F400040F005D006EC40F002D045EC07F02C6ADA
:101F500012002CEC08F0000EF86E920EF76EA00E38
:101F6000F66E3EEC06F06FEC1FF0150EE66E140EEA
:101F7000E66EFD0EE66EB6EC07F04FA22FD01EEC1B
:101F80001FF046B229D0000EE8CF0EF3E8CF0FF3D2
:101F900006C7E8FFE8CF10F307C7E8FFF00BE83803
:101FA000E8CF11F307C7E8FF0F0BE8CF12F3E5EC1A
:101FB0003EF014C3E8FFD890E832D890E832D890C9
:101FC000E832B2EC06F0440E0FEC06F0420E0FECD5
:101FD00006F00EEC06F002D095EC40F02C6A1200F0
:101FE0002CEC08F06FEC1FF0150EE66E150EE66E89
:101FF000FD0EE66EB6EC07F04FA2A0D11EEC1FF06E
:1020000046B29AD1000EE8CF0EF3E8CF0FF306C721
:10201000E8FFE8CF10F307C7E8FFF00BE838E8CF98
:1020200011F307C7E8FF0F0BE8CF12F3E5EC3EF022
:1020300051BE6ED0548014C300F000504C0FD8B085
:1020400003D05490E81EE82A276E0301136B146B2B
:10205000275206E00D0E1427D8B0132B272EFAD7DF
:10206000120EE8CF09F3C00EE8CF08F354A009D050
:1020700008C3E8FF1427D8B0132B09C3E8FF1327C0
:102080000ED009C30BF208C30CF213C30DF214C334
:102090000EF2AEEC05F00BC213F30CC214F3000108
:1020A000000EE8CF0AF313C309F314C308F3640E58
:1020B000E8CF0BF312EC3FF052B405D008C3E8FFB1
:1020C000E10FE8CF08F308C3E8FFCAEC06F0300FD1
:1020D0000FEC06F008C3E8FFDFEC06F0300F0FEC62
:1020E00006F008C3E8FFF5EC06F0300F0FEC06F041
:1020F0002E0E0FEC06F00CC3E8FFDFEC06F0300FFD
:102100000FEC06F0560E0FEC06F00EEC06F054D075
:1021100014C327F0980E276030D0000EE8CF0AF3E2
:10212000E8CF09F314C308F30F0EE8CF0BF312EC5A
:102130003FF008C3E8FFDFEC06F0300F0FEC06F0CD
:1021400008C3E8FFF5EC06F0300F0FEC06F02E0E9A
:102150000FEC06F0030E276E0CC3E8FF006ED8905C
:102160000032D89000320026272EFAD70030300FE8
:102170000FEC06F00EEC06F01FD0640E006E970E0A
:10218000275E010E0026272EFCD70050CAEC06F071
:10219000300F0FEC06F00050DFEC06F0300F0FECC4
:1021A00006F02E0E0FEC06F00050F5EC06F0300FA6
:1021B0000FEC06F00EEC06F026EC05F06FEC1FF0CD
:1021C000150EE66E160EE66EFD0EE66EB6EC07F028
:1021D0004FA2B4D01EEC1FF046B2AED0000EE8CF36
:1021E0000EF3E8CF0FF306C7E8FFE8CF10F307C7F9
:1021F000E8FFF00BE838E8CF11F307C7E8FF0F0B53
:10220000E8CF12F3E5EC3EF051BE43D014C300F02A
:10221000190E006421D0002A320E00641DD0002A5D
:102220004B0E006419D0002A780E006415D0002AE5
:10223000A10E006411D0002AB10E00640DD0002A56
:10224000C10E006409D0002AD10E006405D0002A16
:10225000E10E006401D0002A0050CAEC06F0300FF5
:102260000FEC06F000C0E8FFDFEC06F0300F0FECDB
:1022700006F02E0E0FEC06F000C0E8FFF5EC06F0BD
:10228000300F0FEC06F0410E0FEC06F00EEC06F0EE
:1022900055D0016A006A14C327F0A60E27601BD030
:1022A0004E0E276009D0275224E0820E0026D8B0B7
:1022B000012A272EFAD71DD0270E016E100E006EB0
:1022C00014C327F0B30E2726730E0026D8B0012AB8
:1022D000272EFAD70ED04E0E016E200E006E14C3BC
:1022E00027F05B0E2726850E0026D8B0012A272E60
:1022F000FAD701C013F300C014F354EC40F00EC33E
:10230000E8FF300F0FEC06F00FC3E8FF300F0FECC3
:1023100006F02E0E0FEC06F010C3E8FF300F0FECA6
:1023200006F011C3E8FF300F0FEC06F0410E0FEC82
:1023300006F00EEC06F002D095EC40F02C6A12008C
:102340002CEC08F0000EF86E980EF76E4C0EF66E40
:102350003EEC06F06FEC1FF0070EE66E51A003D0C6
:10236000C00EE66E04D0C20EE66E000EE66EFD0EE6
:10237000E66EB6EC07F04FA209D01EEC1FF046B295
:1023800003D03CEC07F002D095EC40F02C6A120030
:102390002CEC08F0000EF86E980EF76E4C0EF66EF0
:1023A0003EEC06F06FEC1FF0070EE66E51A003D076
:1023B000C10EE66E04D0C20EE66E010EE66EFD0E94
:1023C000E66EB6EC07F04FA209D01EEC1FF046B245
:1023D00003D045EC07F002D095EC40F02C6A1200D7
:1023E0002CEC08F0000EF86E960EF76EB20EF66E3C
:1023F0003EEC06F03AC600F0020E006403D0006A1C
:1024000000C03AF60050020A1FE00050010A0BE03B
:102410003CEC07F06FEC1FF00F0EE66E100EE66E50
:10242000FD0EE66E22D0000EF86E950EF76E0E0EC3
:10243000F66E3EEC06F06FEC1FF00F0EE66E110E1E
:10244000E66EFD0EE66E11D0000EF86E950EF76E7C
:10245000080EF66E3EEC06F06FEC1FF00F0EE66E07
:10246000120EE66EFD0EE66E00D0B6EC07F04FA23F
:1024700012D01EEC1FF046B20CD0050ED9EC05F0C0
:1024800026EC05F03AC600F00052D8A450EC16F045
:1024900002D095EC40F03AC6E8FFE82AE8CF3AF6D9
:1024A0002C6A12002CEC08F00450320A09E0000EED
:1024B000006E000EF86E980EF76E000EF66E0ED0DF
:1024C000010E006E030E50BC006E030E50BE006E77
:1024D000000EF86E980EF76E080EF66E3EEC06F0E3
:1024E0006FEC1FF089EC1FF00050E66EFD0EE66EFB
:1024F000B6EC07F04FA207D01EEC1FF046B201D099
:1025000002D095EC40F012002CEC08F0000EF86EB2
:10251000920EF76EC40EF66E3EEC06F06FEC1FF0F6
:102520001A0EE66E030E51B6020EE66E24C6E8FFE2
:10253000140A03E133C6E8FFE66EFD0EE66EB6EC64
:1025400007F04FA293D01EEC1FF046B28DD024C6E8
:10255000E8FF140A03E1E8CF24F6E0D7006A06C7D3
:10256000E8FFE85013E0F00B07E0276E273AE86A2F
:102570000A0F272EFDD7006E06C7E8FF0F0B06E0F7
:10258000276EE86A010F272EFDD7002600C038F617
:10259000050ED9EC05F0DEEC08F04FA25CD000C6C9
:1025A000E8FF020A19E0000EE8CF13F3320EE8CF7D
:1025B00014F338C627F0275222E0006A2750F60F9E
:1025C000D8A0320ED8B0640E03011427D8B0132B54
:1025D0000001272EF3D713D0000EE8CF13F3C80E57
:1025E000E8CF14F338C627F0275209E0006AC80E76
:1025F00003011427D8B0132B0001272EF8D754EC71
:1026000040F00EC3E8FF300F0FEC06F00FC3E8FFF9
:10261000300F0FEC06F010C3E8FF300F0FEC06F0A0
:1026200011C3E8FF300F0FEC06F012C3E8FF300FC4
:102630000FEC06F01B5209E0200E0FEC06F0480EDE
:102640000FEC06F07A0E0FEC06F00EEC06F00ED052
:102650000EEC06F00BD0000EF86E8F0EF76EEE0E3D
:10266000F66E3EEC06F002D095EC40F02C6A1200BB
:102670002CEC08F0000EF86E920EF76EDE0EF66E81
:102680003EEC06F06FEC1FF0140EE66E0C0EE66EDC
:10269000FD0EE66EB6EC07F04FA210D01EEC1FF058
:1026A00046B20AD035EC40F01B5203E0250E0FEC89
:1026B00006F00EEC06F002D095EC40F02C6A120009
:1026C00051B4250E51B8450E51BE510E52BA590E95
:1026D000426E33C6E8FF010A07E033C6E8FF020A8C
:1026E0000DE0000E006E15D0006AB2EC13F04FA2A0
:1026F00023D0010E006E9DEC13F01ED0010E006E73
:10270000B2EC13F04FA218D0010E006E9DEC13F046
:1027100013D0006AB2EC13F04FA20ED0006A9DEC09
:1027200013F04FA209D0010E006EB2EC13F04FA2CD
:1027300003D0006A9DEC13F01200050ED9EC05F0F1
:102740002CEC08F06FEC1FF0160EE66E500EE66EE5
:102750000050FF0A02E00050E66EFD0EE66EB6EC99
:1027600007F01200050ED9EC05F02CEC08F06FEC28
:102770001FF01A0EE66E050EE66E000EE66E425073
:10278000E66E0050FF0A02E00050E66EFD0EE66EB7
:10279000B6EC07F0120033C6E8FF010A0DE033C6BD
:1027A000E8FF020A09E0000EF86E990EF76EAA0E15
:1027B000F66E3EEC06F01AD00068B2EC13F04FA2B1
:1027C00029D036EC1FF0010A09E0000EF86E990ED0
:1027D000F76EB00EF66E3EEC06F008D0000EF86E06
:1027E000990EF76EB60EF66E3EEC06F000689DECA4
:1027F00013F04FA2A1D736EC1FF0010A03E03CEC26
:1028000007F008D0000EF86E990EF76EBE0EF66E49
:102810003EEC06F012002CEC08F0000EF86E990E5B
:10282000F76E940EF66E3EEC06F054AE38D06FECB8
:102830001FF00E0EE66E000EE66EFD0EE66EB6ECB6
:1028400007F04FA253D01EEC1FF046B24DD0140E2D
:10285000D9EC05F06FEC1FF06FEC1FF00A0EE66E7E
:10286000FD0EE66EB6EC07F04FA240D01EEC1FF056
:1028700046B23AD0140ED9EC05F06FEC1FF0070EFB
:10288000E66EFD0EE66EB6EC07F04FA22FD01EEC02
:102890001FF046B229D0549E3CEC07F027D06FECD5
:1028A0001FF0080EE66EFD0EE66EB6EC07F04FA2C6
:1028B0001DD01EEC1FF046B217D0140ED9EC05F057
:1028C0006FEC1FF00E0EE66E220EE66EFD0EE66E4B
:1028D000B6EC07F04FA20AD01EEC1FF046B204D0AF
:1028E000548E45EC07F002D095EC40F02C6A1200B3
:1028F0002CEC08F0000EF86E920EF76ED20EF66E0B
:102900003EEC06F06FEC1FF0140EE66E0B0EE66E5A
:10291000FD0EE66EB6EC07F04FA210D01EEC1FF0D5
:1029200046B20AD035EC40F01B5203E0250E0FEC06
:1029300006F00EEC06F002D095EC40F02C6A120086
:102940002CEC08F0000EF86E920EF76EEC0EF66EA0
:102950003EEC06F06FEC1FF0160EE66E450EE66ECE
:10296000FD0EE66EB6EC07F04FA230D01EEC1FF065
:1029700046B226D036EC1FF0000A07E036EC1FF016
:10298000010A06E0C2EC40F021D03CEC07F01ED07A
:102990006FEC1FF0A8EC1FF0FD0EE66EB6EC07F032
:1029A0004FA214D01EEC1FF046B20DD035EC40F013
:1029B0001B5203E0250E0FEC06F00EEC06F006D0DD
:1029C00095EC40F003D045EC07F000D02C6A1200E3
:1029D0002CEC08F0000EF86E930EF76E0E0EF66EED
:1029E0003EEC06F06FEC1FF0160EE66E220EE66E61
:1029F000FD0EE66EB6EC07F04FA229D036EC1FF0C4
:102A0000000A07E036EC1FF0010A06E0C2EC40F0D5
:102A10001ED03CEC07F01BD06FEC1FF0CDEC1FF08C
:102A2000FD0EE66EB6EC07F04FA211D01EEC1FF0C3
:102A300046B20AD035EC40F01B5203E0250E0FECF5
:102A400006F00EEC06F003D045EC07F000D02C6A3F
:102A500012002CEC08F0000EF86E930EF76ED40EF8
:102A6000F66E3EEC06F06FEC1FF0160EE66E410EB1
:102A7000E66EFD0EE66EB6EC07F04FA299D01EECA6
:102A80001FF046B28DD036EC1FF0000A10E036EC95
:102A90001FF0010A03E0C2EC40F009D0000EF86E0E
:102AA000910EF76E280EF66E3EEC06F07CD06FECC1
:102AB0001FF0160EE66E480EE66EFD0EE66EB6ECE4
:102AC00007F04FA275D036EC1FF0000A07E036EC95
:102AD0001FF0010A06E0C2EC40F06AD03CEC07F0BF
:102AE00067D0000EF86E930EF76EFA0EF66E3EEC9F
:102AF00006F00A0ED9EC05F06FEC1FF0140EE66E2E
:102B00000D0EE66EFD0EE66EB6EC07F04FA250D04D
:102B10001EEC1FF046B247D035EC40F01B5203E0EC
:102B2000250E0FEC06F00EEC06F00A0ED9EC05F0BF
:102B30006FEC1FF051A604D01A0EE66E060E03D0FD
:102B4000160EE66E570EE66EFD0EE66EB6EC07F05C
:102B50004FA22ED01EEC1FF046B225D006C7E8FFCC
:102B6000000A09E006C7E8FF010A0CE006C7E8FF13
:102B7000020A0FE015D0000EF86E950EF76E700E7B
:102B8000F66E14D0000EF86E960EF76E540EF66EBA
:102B90000DD0000EF86E950EF76E680EF66E06D02C
:102BA00095EC40F005D045EC07F002D03EEC06F085
:102BB0002C6A12002CEC08F00450310A06E0045094
:102BC000320A06E0020E006E05D0000E006E02D042
:102BD000010E006E6FEC1FF051A604D01A0EE66EC7
:102BE000060E03D0160EE66E570EE66E0050E66E29
:102BF000FD0EE66EB6EC07F04FA207D01EEC1FF0FC
:102C000046B203D029EC15F000D0036A12002CEC78
:102C100008F0000EF86E930EF76EC20EF66E3EECE4
:102C200006F06FEC1FF0160EE66E400EE66EFD0E1F
:102C3000E66EB6EC07F04FA231D01EEC1FF046B2A4
:102C400028D036EC1FF0000A07E036EC1FF0010A2E
:102C500006E0C2EC40F022D03CEC07F01FD06FEC55
:102C60001FF0140EE66E060EE66EFD0EE66EB6EC76
:102C700007F04FA213D01EEC1FF046B20DD035EC7A
:102C800040F01B5203E0250E0FEC06F00EEC06F0B0
:102C900005D095EC40F002D045EC07F02C6A12000C
:102CA0002CEC08F0000EF86E990EF76EA20EF66E80
:102CB0003EEC06F06FEC1FF00C0EE66EFD0EE66EBD
:102CC000B6EC07F04FA209D01EEC1FF046B203D0BD
:102CD0007CEC24F002D095EC40F02C6A12002CEC35
:102CE00008F06FEC1FF00D0EE66E33C1E8FFD00F59
:102CF000E838E66E31C1E8FFD00FE838006E32C127
:102D0000E8FFD00F0024E66E30C1E8FFD00FE66E7A
:102D1000FD0EE66EB6EC07F04FA207D01EEC1FF0DA
:102D200046B201D002D095EC40F02C6A12002CEC97
:102D300008F0000EF86E920EF76EFC0EF66E3EEC8A
:102D400006F06FEC1FF0160EE66E020EE66EFD0E3C
:102D5000E66EB6EC07F04FA202D051EC1FF02C6AE1
:102D600012002CEC08F00450310A06E00450320A3C
:102D700006E0000E006E05D0010E006E02D0020EBD
:102D8000006E6FEC1FF0160EE66E020EE66E00503F
:102D9000E66EFD0EE66EB6EC07F04FA209D01EEC13
:102DA0001FF046B203D097EC16F002D095EC40F03D
:102DB00012002CEC08F0000EF86E930EF76E060E63
:102DC000F66E3EEC06F06FEC1FF0140EE66E0A0E87
:102DD000E66EFD0EE66EB6EC07F04FA210D01EECCC
:102DE0001FF046B20AD035EC40F01B5203E0250E2E
:102DF0000FEC06F00EEC06F002D095EC40F02C6AD9
:102E000012002CEC08F0000EF86E960EF76ECE0E47
:102E1000F66E3EEC06F06FEC1FF002EC20F0FD0EBB
:102E2000E66EB6EC07F04FA246D01EEC1FF046B29D
:102E30003BD026EC05F036EC1FF0006E000E0018BB
:102E400009E0010E001807E0020E001809E0C2ECCC
:102E500040F031D008D050B80DD051B00BD00AD0CE
:102E600050B80FD00ED0000EF86E910EF76E280EEF
:102E7000F66E17D0000EF86E960EF76EDE0EF66E3A
:102E800010D0520E0FEC06F0460E0FEC06F02B0E93
:102E90000FEC06F0000EF86E960EF76EDE0EF66E74
:102EA00000D03EEC06F007D051A003D0B9EC40F0C2
:102EB00002D095EC40F02C6A12002CEC08F06FEC7C
:102EC0001FF0160EE66E550EE66EFD0EE66EB6ECC3
:102ED00007F04FA242D01EEC1FF046B238D0000ED1
:102EE000F86E980EF76E1C0EF66E3EEC06F006C7F6
:102EF000E8FF000A52B81DE011E006C7E8FF010A2A
:102F000014E006C7E8FF020A52B808E012E006C75C
:102F1000E8FF030A12E0C2EC40F01FD0310E0FECC4
:102F200006F0350E0FEC06F013D0360E0FEC06F05F
:102F30000FD0330E0FEC06F00BD0310E0FEC06F075
:102F40002E0E0FEC06F0320E0FEC06F001D005D07D
:102F50004B0E0FEC06F00EEC06F02C6A12002CEC77
:102F600008F0000EF86E930EF76E480EF66E3EEC0B
:102F700006F06FEC1FF00F0EE66E000E46BA010E63
:102F8000E66EFD0EE66EB6EC07F04FA20ED01EEC1C
:102F90001FF046B208D046AA03D045EC07F005D092
:102FA0003CEC07F002D095EC40F0467A2C6A120017
:102FB0002CEC08F0530E0FEC06F06FEC1FF0150E22
:102FC000E66E020EE66EFD0EE66EB6EC07F04FA260
:102FD00069D1000EE8CF0EF3E8CF0FF33FEC1FF0FE
:102FE000E8CF10F336EC1FF0F00BE838E8CF11F320
:102FF00036EC1FF00F0BE8CF12F3E5EC3EF014C3F4
:1030000000F050B249D050B492EF18F0070E0064AF
:10301000CFD0150E0064D0D0240E0064D1D0300E75
:103020000064D2D03D0E0064D3D04A0E0064D4D0E8
:10303000570E0064D5D0640E0064D6D0720E0064C2
:10304000D7D0860E0064D8D0390E0FEC06F02B0EC8
:103050000FEC06F08F0E0064D3D0960E0064D4D02F
:10306000A00E0064D8D0A90E0064DCD0B40E0064B9
:10307000E0D0BF0E0064E4D0C90E0064E8D0D30EE7
:103080000064ECD0DD0E0064F0D0E70E0064F4D0F4
:10309000F20E0064F8D0FED0350E006489D0400EE8
:1030A00000648AD04B0E00648BD0530E00648CD029
:1030B0005C0E00648DD0660E00648ED0720E0064CB
:1030C0008FD07B0E006490D0830E006491D08A0E66
:1030D000006492D0390E0FEC06F02B0E0FEC06F0C8
:1030E000910E00648DD0970E00648ED09E0E006409
:1030F00092D0A40E006496D0AA0E00649AD0AF0EAF
:1031000000649ED0B50E0064A2D0BB0E0064A6D0B1
:10311000C10E0064AAD0C60E0064AED0CD0E00640D
:10312000B2D0B8D0200E006443D02D0E006444D03D
:103130003B0E006445D0490E006446D0540E006436
:1031400047D05F0E006448D0680E006449D0770E07
:1031500000644AD0840E00644BD08A0E00644CD0C8
:10316000390E0FEC06F02B0E0FEC06F0910E0064FA
:1031700047D0990E006448D0A20E00644CD0AA0E2D
:10318000006450D0B20E006454D0BB0E006458D01E
:10319000C50E00645CD0CD0E006460D0D60E006415
:1031A00064D0DE0E006468D0E70E00646CD072D08C
:1031B000300E0FEC06F074D0310E0FEC06F070D02C
:1031C000320E0FEC06F06CD0330E0FEC06F068D028
:1031D000340E0FEC06F064D0350E0FEC06F060D024
:1031E000360E0FEC06F05CD0370E0FEC06F058D020
:1031F000380E0FEC06F054D0390E0FEC06F050D01C
:10320000350E0FEC06F04CD0310E0FEC06F0300E00
:103210000FEC06F045D0310E0FEC06F0350E0FEC3A
:1032200006F03ED0320E0FEC06F0300E0FEC06F03A
:1032300037D0320E0FEC06F0350E0FEC06F030D022
:10324000330E0FEC06F0300E0FEC06F029D0330EE3
:103250000FEC06F0350E0FEC06F022D0340E0FEC1A
:1032600006F0300E0FEC06F01BD0340E0FEC06F01B
:10327000350E0FEC06F014D0350E0FEC06F0300EC4
:103280000FEC06F00DD0350E0FEC06F0350E0FECFE
:1032900006F006D0360E0FEC06F0300E0FEC06F0FE
:1032A0000EEC06F02C6A12002CEC08F0000EF86E02
:1032B000930EF76E060EF66E3EEC06F06FEC1FF006
:1032C000150EE66E110EE66EFD0EE66EB6EC07F01C
:1032D0004FA210D01EEC1FF046B20AD035EC40F0E1
:1032E0001B5203E0250E0FEC06F00EEC06F002D0A8
:1032F00095EC40F02C6A12002CEC08F0000EF86EF1
:10330000980EF76E3E0EF66E3EEC06F051BE03D000
:1033100052B401D038D06FEC1FF01A0EE66E050ED5
:10332000E66E000EE66E130EE66EFD0EE66EB6EC71
:1033300007F04FA228D0420E0FEC06F0200E0FEC43
:1033400006F036EC1FF0C7EC19F00A0ED9EC05F0C8
:103350006FEC1FF01A0EE66E050EE66E000EE66EBE
:10336000140EE66EFD0EE66EB6EC07F04FA20BD023
:10337000540E0FEC06F0200E0FEC06F036EC1FF0AA
:10338000C7EC19F002D095EC40F02C6A1200006EE8
:10339000000A21E00050010A25E00050020A29E05D
:1033A0000050030A2DE00050040A31E00050050AE5
:1033B00035E00050060A36E00050070A3AE00050B7
:1033C000080A3EE00050090A42E000500A0A46E0BE
:1033D000C2EC40F04BD02D0E0FEC06F0350E0FEC8A
:1033E00006F042D02D0E0FEC06F0340E0FEC06F076
:1033F0003BD02D0E0FEC06F0330E0FEC06F034D060
:103400002D0E0FEC06F0320E0FEC06F02DD02D0E27
:103410000FEC06F0310E0FEC06F026D0300E0FEC5C
:1034200006F022D02B0E0FEC06F0310E0FEC06F05A
:103430001BD02B0E0FEC06F0320E0FEC06F014D062
:103440002B0E0FEC06F0330E0FEC06F00DD02B0E0A
:103450000FEC06F0340E0FEC06F006D02B0E0FEC3E
:1034600006F0350E0FEC06F00EEC06F012004FB42D
:10347000E6EC40F02CEC08F0000EF86E910EF76EC2
:10348000500EF66E3EEC06F050B297EF1BF050B4C3
:1034900097EF1BF06FEC1FF0140EE66E0A0EE66E4F
:1034A000FD0EE66EB6EC07F04FA244D106C71FF63C
:1034B00007C720F6050ED9EC05F06FEC1FF01C0EC7
:1034C000E66E010EE66EFD0EE66EB6EC07F04FA25C
:1034D00031D104C721F604C7E8FFFA0A02E006C7A3
:1034E00021F6050ED9EC05F0DEEC08F04FA222D152
:1034F00000C622F601C623F6050ED9EC05F06FECE6
:103500001FF01C0EE66E010EE66E000EE66EFD0E5E
:10351000E66EB6EC07F04FA20DD1050ED9EC05F022
:103520006FEC1FF0140EE66E0A0EE66E50A005D08A
:10353000010EE66E7F0EE66E04D0000EE66E260EDD
:10354000E66EFD0EE66EB6EC07F04FA2F3D0050E68
:10355000D9EC05F06FEC1FF01C0EE66E000EE66E67
:10356000010EE66EFD0EE66EB6EC07F04FA2E2D05D
:10357000050ED9EC05F06FEC1FF0060EE66E050E99
:10358000E66E020EE66EFD0EE66EB6EC07F04FA29A
:10359000D1D0320ED9EC05F04FA40CD0000EF86E4D
:1035A000990EF76E640EF66E3EEC06F0D8EC05F060
:1035B00048A6FCD76FEC1FF0150EE66E120EE66EF5
:1035C000FD0EE66EB6EC07F04FA2B4D0000EE8CFC9
:1035D0000EF3E8CF0FF306C7E8FFE8CF10F307C7F5
:1035E000E8FFF00BE838E8CF11F307C7E8FF0F0B4F
:1035F000E8CF12F3E5EC3EF014C3E8FFF3EC3FF044
:10360000E8CF14F314C3E8FF640FE8CF13F3640E9C
:10361000006E14C3E8FFD890005CE8CF14F3000EEE
:10362000E8CF0AF3E8CF09F313C308F314C30BF38D
:1036300012EC3FF008C3E8FFDFEC06F0300F0FECB0
:1036400006F008C3E8FFF5EC06F0300F0FEC06F0CB
:103650002E0E0FEC06F00CC3E8FFF5EC06F0300F71
:103660000FEC06F01B5209E0540E0FEC06F06F0E43
:103670000FEC06F0310E0FEC06F00EEC06F00A0E21
:10368000D9EC05F06FEC1FF01C0EE66E000EE66E36
:10369000000EE66EFD0EE66EB6EC07F04FA24AD0C5
:1036A000140ED9EC05F06FEC1FF01C0EE66E000E48
:1036B000E66E000EE66EFD0EE66EB6EC07F04FA26B
:1036C00039D00A0ED9EC05F06FEC1FF0140EE66E3F
:1036D0000A0EE66E1FC6E6FF20C6E6FFFD0EE66E8A
:1036E000B6EC07F04FA226D00A0ED9EC05F06FEC2D
:1036F0001FF01C0EE66E010EE66E21C6E6FFFD0E03
:10370000E66EB6EC07F04FA215D0140ED9EC05F01A
:103710006FEC1FF0060EE66E22C6E6FF23C6E6FF3C
:10372000FD0EE66EB6EC07F04FA204D00BD095EC80
:1037300040F008D0000EF86E8F0EF76EEE0EF66EAB
:103740003EEC06F01200000EF86E980EF76E2C0E8E
:10375000F66E3EEC06F06FEC1FF043EC20F0FD0E31
:10376000E66EB6EC07F04FA232D01EEC1FF046B268
:103770002CD026EC05F036EC1FF0000A0BE036ECFE
:103780001FF0010A10E036EC1FF0020A15E0C2EC4F
:1037900040F01DD0000EF86E950EF76E700EF66EAE
:1037A0003EEC06F014D0000EF86E960EF76E540E36
:1037B000F66E3EEC06F00BD0000EF86E950EF76E2E
:1037C000680EF66E3EEC06F002D095EC40F02C6AE6
:1037D00012002CEC08F0000EF86E980EF76E0E0E2C
:1037E000F66E3EEC06F06FEC1FF01A0EE66E6EEC15
:1037F00020F0FD0EE66EB6EC07F04FA22CD01EECCA
:103800001FF046B226D03FEC1FF0006EF00BE838F8
:10381000300F0FEC06F000500F0B300F0FEC06F0DE
:10382000200E0FEC06F036EC1FF0006EF00BE838BF
:10383000300F0FEC06F00050F00B200ED8B40FEC58
:1038400006F000500F0B300F0FEC06F00EEC06F0F8
:1038500002D095EC40F02C6A12002CEC08F06FECD2
:103860001FF01A0EE66E6EEC20F030C1E8FFD00FAC
:10387000E838006E31C1E8FFD00F0024E66E32C197
:10388000E8FFD00FE838006E33C1E8FFD00F002406
:10389000E66EFD0EE66EB6EC07F04FA207D01EEC0A
:1038A0001FF046B201D002D095EC40F02C6A120015
:1038B0002CEC08F0000EF86E960EF76EBA0EF66E4F
:1038C0003EEC06F02C0E0FEC06F0200E0FEC06F08E
:1038D0006FEC1FF0160EE66E420EE66EFD0EE66E03
:1038E000B6EC07F04FA26ED01EEC1FF046B267D0C8
:1038F00006C7E8FF000A0CE006C7E8FF010A5CE122
:1039000050B254D0010EE8CF25F6B1EC3AF05AD0BF
:103910006FEC1FF0160EE66E430EE66EFD0EE66EC1
:10392000B6EC07F04FA24ED01EEC1FF046B247D0C7
:1039300006C7E8FF000A14E006C7E8FF010A3CE1F9
:10394000000EF86E960EF76EE80EF66E3EEC06F080
:1039500050B22CD0020EE8CF25F6B1EC3AF032D0BE
:103960006FEC1FF0160EE66E4B0EE66EFD0EE66E69
:10397000B6EC07F04FA226D01EEC1FF046B219D0CD
:1039800006C7E8FF000A15E006C7E8FF010A14E1D0
:10399000030EE8CF25F6000EF86E970EF76E020EB6
:1039A000F66E3EEC06F0B1EC3AF00CD045EC07F0C8
:1039B00009D03CEC07F006D0C2EC40F003D0A7ECF5
:1039C00040F000D02C6A12002CEC08F0000EF86ECB
:1039D000970EF76E1E0EF66E3EEC06F02C0E0FECF8
:1039E00006F0200E0FEC06F06FEC1FF0160EE66EE0
:1039F0005B0EE66EFD0EE66EB6EC07F04FA231D020
:103A00001EEC1FF046B22AD006C7E8FF000A20E0ED
:103A100006C7E8FF020A0DE006C7E8FF010A1BE13E
:103A2000000EF86E970EF76E420EF66E3EEC06F044
:103A300009D0000EF86E970EF76E360EF66E3EEC5D
:103A400006F00FD0040EE8CF25F6B1EC3AF009D01D
:103A50003CEC07F006D0C2EC40F003D0A7EC40F0FD
:103A600000D02C6A12002CEC08F0000EF86E960EB6
:103A7000F76EC00EF66E3EEC06F06FEC1FF0100E07
:103A8000E66EFD0EE66EB6EC07F04FA2E6D01EEC39
:103A90001FF046B2DBD036EC1FF0006E000E0018AF
:103AA00027E0010E001825E0020E001827E0030EA3
:103AB000001829E0040E00182BE0050E00182FE076
:103AC000060E001831E0070E001833E0080E00184B
:103AD00035E0090E001837E0100E00183BE0110E1B
:103AE000001839E0120E001837E0C2EC40F0B5D0F3
:103AF00034D050B852D051B069D041D050B851D024
:103B000052BA47D04AD050B85DD052BA46D049D008
:103B100050B85CD051B449D052BA43D053D051B40C
:103B200051D052BA42D052D051B450D052BA4ED0E5
:103B300054D051B452D052BA50D05CD051B45AD0B3
:103B400052BA58D05ED051B45CD052B85AD052BAA2
:103B500058D065D05DD063D06CD0310E0FEC06F03C
:103B600026EC05F06F0E0FEC06F0520E0FEC06F08F
:103B7000310E0FEC06F0300E0FEC06F064D0310E73
:103B80000FEC06F0300E0FEC06F0300E0FEC06F0E6
:103B90005AD0350E0FEC06F0F5D7310E0FEC06F0CB
:103BA0004FD0350E0FEC06F04BD0360E0FEC06F072
:103BB0002E0E0FEC06F0320E0FEC06F0350E0FEC69
:103BC00006F03ED0390E0FEC06F03AD0310E0FEC75
:103BD00006F0300E0FEC06F033D0310E0FEC06F08D
:103BE000320E0FEC06F02E0E0FEC06F0350E0FEC39
:103BF00006F026D0320E0FEC06F0300E0FEC06F079
:103C00001FD0320E0FEC06F0350E0FEC06F018D078
:103C1000350E0FEC06F0300E0FEC06F011D0310E21
:103C20000FEC06F0300E0FEC06F0300E0FEC06F045
:103C300007D0310E0FEC06F04D0E0FEC06F003D05E
:103C40004B0E0FEC06F00EEC06F007D051A003D09F
:103C5000B9EC40F002D095EC40F02C6A12002CEC4C
:103C600008F0000EF86E970EF76EFA0EF66E3EEC48
:103C700006F06FEC1FF0160EE66E460EE66EFD0EB9
:103C8000E66EB6EC07F04FA278D036EC1FF0000AD3
:103C900006E02D50010A06E0C2EC40F06ED03CEC8C
:103CA00007F06BD06FEC1FF0B1EC20F0FD0EE66E6C
:103CB000B6EC07F04FA261D01EEC1FF046B25BD00D
:103CC000000EF86E960EF76E740EF66E3EEC06F071
:103CD00035EC40F01B5205E0250E0FEC06F00EEC23
:103CE00006F06FEC1FF0F3EC20F0FD0EE66EB6EC84
:103CF00007F04FA242D01EEC1FF046B23ED0000E9D
:103D0000F86E960EF76E7C0EF66E3EEC06F035EC15
:103D100040F01B5203E0250E0FEC06F00EEC06F00F
:103D20006FEC1FF035EC21F04FA227D0FD0EE66EB0
:103D3000B6EC07F04FA221D01EEC1FF046B21DD00A
:103D4000000EF86E960EF76EA80EF66E3EEC06F0BC
:103D500036EC1FF0F00BE838300F0FEC06F02E0EAB
:103D60000FEC06F036EC1FF00F0B300F0FEC06F0E7
:103D70000EEC06F002D045EC07F02C6A12002CEC99
:103D800008F0000EF86E960EF76E8A0EF66E3EEC98
:103D900006F06FEC1FF0160EE66E470EE66EFD0E97
:103DA000E66EB6EC07F04FA247D036EC1FF0000AE3
:103DB0000BE036EC1FF0010A0AE036EC1FF0020AB5
:103DC0000FE0C2EC40F038D03CEC07F035D0000EEC
:103DD000F86E960EF76E980EF66E3EEC06F008D072
:103DE000000EF86E960EF76EA00EF66E3EEC06F024
:103DF0006FEC1FF0140EE66E0F0EE66EFD0EE66E13
:103E0000B6EC07F04FA218D01EEC1FF046B212D04D
:103E1000000EF86E960EF76EA80EF66E3EEC06F0EB
:103E200035EC40F01B5203E0250E0FEC06F00EECD3
:103E300006F002D045EC07F02C6A120046922CC026
:103E40002EF017EE00F02E50FE0FE350FA0AD8B411
:103E50004682120046922CC02EF017EE00F02E5033
:103E6000FE0FE350FB0AD8B4468212002CC02EF09D
:103E700017EE00F02E50FE0FE3502D6E12002CC0F6
:103E80002EF017EE00F02E50FD0FE3502D6E1200B5
:103E90002CC02EF017EE00F02E50FC0FE3502D6ECC
:103EA000120036EC1FF0000A0BE036EC1FF0010A9E
:103EB0000AE006C7E8FF020A0CE0C2EC40F00ED0B0
:103EC0003CEC07F00BD0310E0FEC06F00EEC06F0D8
:103ED00005D0320E0FEC06F00EEC06F0120011EEDB
:103EE000B0F0FE0EE66EFE0EE66E4550E66EE00E9B
:103EF000E66E1200000E50B005D050B6000E51B262
:103F000001D0010EE8CF34F6140EE66E0E0EE66E0A
:103F1000120050B607D050BC0AD050BE08D051B2E3
:103F20000DD011D01A0EE66E080EE66E10D01A0EE5
:103F3000E66E050EE66E640EE66E09D01A0EE66EAB
:103F4000070EE66E04D0160EE66E560EE66E1200F2
:103F500050B607D050BC0CD050BE0AD051B20FD0D2
:103F600017D01A0EE66E050EE66E770EE66E14D0CA
:103F70001A0EE66E050EE66E030EE66E0DD01A0EF4
:103F8000E66E050EE66E000EE66E460EE66E04D098
:103F9000140EE66E150EE66E120050B009D050B643
:103FA0000ED050BE13D051B218D051B61FD025D06C
:103FB0001A0EE66E030EE66E170EE66E22D01A0E8D
:103FC000E66E050EE66E720EE66E1BD01A0EE66EFB
:103FD000050EE66E690EE66E14D01A0EE66E050E3C
:103FE000E66E010EE66E120EE66E0BD01A0EE66E4F
:103FF000030EE66E500EE66E04D0140EE66E120E40
:10400000E66E1200000EE8CF34F61A0EE66E050ECC
:10401000E66E000EE66E50B615D050BC17D050BEFE
:1040200015D051B217D051B418D051B619D051B8DB
:104030001ED051BA07D051BC1DD051BE1ED052B8AF
:104040001FD018D0080EE8CFB6F11CD0220EE8CF52
:10405000B6F118D0510EE66E15D0070EE66E12D0EE
:10406000030EE8CFB5F1160EE8CFB6F10BD0250E52
:10407000E66E08D0080EE66E05D0280EE66E02D079
:10408000090EE66E120050B61ED050BC1CD050BEB9
:104090001AD051B213D051B41BD051B819D051BA63
:1040A00012D051BC15D051BE13D052B411D052B859
:1040B0000FD052BA0DD0FF0EE66E0FD01A0EE66E7C
:1040C000060EE66E0AD01A0EE66E070EE66E05D0F4
:1040D000160EE66E580EE66E00D0120050BC11D0DF
:1040E00050BE0FD051B212D051B417D051B81CD01D
:1040F00051BE21D052B426D052BA2BD0FF0EE66E5C
:104100002FD0050EE66E160EE66E2AD0050EE66E70
:10411000000EE66E410EE66E23D0050EE66E010E31
:10412000E66E210EE66E1CD0050EE66E000EE66E03
:10413000950EE66E15D0050EE66E010EE66E590E72
:10414000E66E0ED0050EE66E000EE66E960EE66E7C
:1041500007D0050EE66E010EE66E800EE66E00D00C
:10416000120050B00BD050B610D050BE15D051B286
:104170001AD051B421D052B828D030D01A0EE66EE1
:10418000030EE66E090EE66E2DD01A0EE66E050ED3
:10419000E66E730EE66E26D01A0EE66E050EE66E1D
:1041A000580EE66E1FD01A0EE66E050EE66E010E74
:1041B000E66E150EE66E16D01A0EE66E050EE66E6B
:1041C000010EE66E630EE66E0DD01A0EE66E050E5B
:1041D000E66E010EE66E250EE66E04D0140EE66E57
:1041E000160EE66E120050B00BD050B610D050BE76
:1041F00015D051B21AD051B421D052B828D030D0F5
:104200001A0EE66E030EE66E100EE66E2DD01A0E36
:10421000E66E050EE66E740EE66E26D01A0EE66E9B
:10422000050EE66E590EE66E1FD01A0EE66E050EEE
:10423000E66E010EE66E160EE66E16D01A0EE66EED
:10424000050EE66E010EE66E640EE66E0DD01A0ED9
:10425000E66E050EE66E010EE66E260EE66E04D0E4
:10426000140EE66E170EE66E12004F821A0EE66E00
:1042700050B017D050B61AD050BC1DD050BE1BD075
:1042800051B21ED051B423D051B628D051B82BD042
:1042900051BC30D051BE33D052B438D052B8D7D739
:1042A00041D0030EE66E110EE66E3DD0050EE66EB1
:1042B000750EE66E38D0050EE66E600EE66E33D0F3
:1042C000050EE66E010EE66E170EE66E2CD0050E9C
:1042D000E66E010EE66E650EE66E25D0030EE66E06
:1042E000550EE66E20D0050EE66E010EE66E910EBE
:1042F000E66E19D0000EE66E890EE66E14D0050E3D
:10430000E66E020EE66E920EE66E0DD0030EE66EBF
:10431000090EE66E08D0050EE66E010EE66E270E5B
:10432000E66E01D04F92120051B601D005D01A0EA0
:10433000E66E020EE66E04D01A0EE66E030EE66E10
:104340001200FF0EE8CF13F6200EE8CF0FF2F7ECC5
:1043500002F048BC04D0859821C045F003D0869473
:1043600022C045F0FF0EE8CF28F67BEC05F08AEC82
:1043700005F047EC03F02C6AFE0EB4EC02F0FE0EE2
:10438000B4EC02F0000EB4EC02F0E00EB4EC02F07B
:10439000190EB4EC02F0000EB4EC02F0FD0EB4EC19
:1043A00002F02C6604D0E0EC04F048B651D152EC97
:1043B00003F049BE26D017EE00F02C5009C0E3FFF1
:1043C0002C2AFD0E09621DD0080E2C180AE0060EDC
:1043D0002C1807E0070E2C18C8E12C6A47EC03F0F4
:1043E000E0D700C743F0FE0E4318BFE101C743F01A
:1043F000FE0E4318BAE102C743F0E00E431805E091
:10440000B4D74DA0CED74D90B0D706C745F0060E15
:104410002C18D8B403C745F0D8EC05F0000EF86EA0
:10442000950EF76E9C0EF66E3EEC06F04550F00BC6
:10443000E83895EC06F00FEC06F045500F0B95ECC4
:1044400006F00FEC06F00EEC06F0215048BC2250AE
:10445000A00A06E048AC21C045F048BC22C045F0A7
:10446000506A516A526A536A680E4518D8B450802F
:10447000580E4518D8B450825E0E4518D8B45084F2
:10448000560E4518D8B45086660E4518D8B45086D6
:10449000500E4518D8B450885C0E4518D8B4508AD0
:1044A000640E4518D8B4508C6E0E4518D8B4508E92
:1044B000460E4518D8B45180600E4518D8B4528CB9
:1044C000700E4518D8B45182880E4518D8B451845E
:1044D000760E4518D8B45186940E4518D8B4518834
:1044E000660E4518D8B4518A800E4518D8B4518C40
:1044F0007A0E4518D8B4508E980E4518D8B4518EFF
:104500006A0E4518D8B452828E0E4518D8B452841B
:104510007C0E4518D8B45288A20E4518D8B4528AD9
:104520005492650EE8CF06F22D0EE8CF07F2090E81
:10453000E8CF08F20E0EE8CF09F250A004D0690EC1
:10454000E8CF06F27DD050A204D06B0EE8CF06F281
:1045500077D050A604D0660EE8CF06F271D051A2F3
:1045600004D0660EE8CF06F26BD051A41DD0548261
:104570006D0EE8CF06F2680EE8CF07F2100EE8CF16
:1045800008F20F0EE8CF09F203C200F00052010E4C
:10459000D8B4E8CF03F2050E03C200F0006450D097
:1045A000010EE8CF03F24CD051A604D0C90EE8CFDB
:1045B00006F246D051B806D053B004D051BE02D056
:1045C00052A407D0250EE8CF07F20A0EE8CF08F272
:1045D00037D052A816D054826A0EE8CF06F2680E81
:1045E000E8CF07F2090EE8CF08F20F0EE8CF09F284
:1045F000030E03C200F0006423D0000EE8CF03F2E4
:104600001FD052AA1DD054826B0EE8CF06F2390E8D
:10461000E8CF07F2100EE8CF08F20F0EE8CF09F24C
:1046200003C200F00052010ED8B4E8CF03F2030E2B
:1046300003C200F0006404D0010EE8CF03F200D002
:104640002CEC08F0DEEC08F04FA202D000C63AF0E5
:10465000120051B404D052B802D052AA03D0170E9F
:104660003A1813E0FE0EB4EC02F0FE0EB4EC02F0C9
:10467000000EB4EC02F0E00EB4EC02F0190EB4EC53
:1046800002F0000EB4EC02F015D0FE0EB4EC02F015
:10469000FE0EB4EC02F0000EB4EC02F0E00EB4EC4E
:1046A00002F0200EB4EC02F0010EB4EC02F0020EA7
:1046B000B4EC02F0FD0EB4EC02F04D90120017EED7
:1046C00000F000C743F0FE0E43180EE101C743F0AF
:1046D000FE0E431809E102C743F0E00E431804E15F
:1046E000498620503B6E22D00B0E2C1A1EE100C7CB
:1046F00043F0FE0E431819E101C743F0FE0E4318C4
:1047000014E102C743F0000E43180FE104C743F061
:10471000000E43180AE11DC036F01C5206E00E01DF
:10472000C6A9000137EC03F0000111D004C7E8FF6F
:10473000200A0DE105C7E8FF010A09E106C7E8FF05
:10474000020A05E11B52D8A4C1EC38F000D02C6A53
:104750002E6A4C92C86AC76A120009C715F608C7C4
:1047600016F607C717F606C718F605C719F6300E6E
:10477000E8CF02F715C6E8FFF00BE838300FE8CFB6
:1047800003F715C6E8FF0F0B300FE8CF04F716C686
:10479000E8FFF00BE838300FE8CF05F716C6E8FF62
:1047A0000F0B300FE8CF06F717C6E8FFF00BE8381D
:1047B000300FE8CF07F717C6E8FF0F0B300FE8CF31
:1047C00008F718C6E8FFF00BE838300FE8CF09F714
:1047D00018C6E8FF0F0B300FE8CF0AF719C6E8FF3D
:1047E000F00BE838300FE8CF0BF719C6E8FF0F0BD6
:1047F000300FE8CF0CF754AE02D01C527CE0499A3F
:1048000017EE02F0300EE66209D0E6620BD0E662E7
:104810000DD0E6620FD0E66211D014D002C7E8FFD7
:104820000FEC06F003C7E8FF0FEC06F004C7E8FF43
:104830000FEC06F005C7E8FF0FEC06F006C7E8FF2F
:104840000FEC06F02E0E0FEC06F007C7E8FF0FEC9A
:1048500006F008C7E8FF0FEC06F009C7E8FF0FEC09
:1048600006F017EE0CF0300EE56205D0E5621FD0C1
:10487000E56232D03ED0640E0FEC06F06F0E0FEC06
:1048800006F0740E0FEC06F00AC7E8FF0FEC06F016
:10489000200E0FEC06F00BC7E8FF0FEC06F0200E21
:1048A0000FEC06F00CC7E8FF0FEC06F022D0640E08
:1048B0000FEC06F06F0E0FEC06F0740E0FEC06F026
:1048C0000AC7E8FF0FEC06F0200E0FEC06F00BC74E
:1048D000E8FF0FEC06F00DD0640E0FEC06F06F0E43
:1048E0000FEC06F0740E0FEC06F00AC7E8FF0FECB1
:1048F00006F026EC05F0120007C7E8FFF00BE838D9
:10490000300FE8CF00F707C7E8FF0F0BD8B4200E31
:10491000D8A4300FE8CF01F706C7E8FFF00BE8385E
:10492000300FE8CF02F706C7E8FF0F0B300FE8CFD4
:1049300003F705C7E8FFF00BE838300FE8CF04F7BE
:1049400005C7E8FF0F0B300FE8CF05F701C7E8FFF9
:104950000FEC06F02E0E0FEC06F002C7E8FF0FEC8E
:1049600006F003C7E8FF0FEC06F004C7E8FF0FEC02
:1049700006F00EEC06F04D0E0FEC06F0480E0FECB4
:1049800006F07A0E0FEC06F00EEC06F01200000EA8
:104990003A1804E14C0E0FEC06F068D0010E3A18FC
:1049A00004E1550E0FEC06F061D0020E3A1804E156
:1049B000410E0FEC06F05AD0030E3A1804E1430EF4
:1049C0000FEC06F053D0040E3A1804E1520E0FEC2F
:1049D00006F04CD0050E3A1804E1460E0FEC06F036
:1049E00045D0060E3A1804E1570E0FEC06F03ED003
:1049F000070E3A180AE1430E0FEC06F0200E0FECFA
:104A000006F0520E0FEC06F031D0080E3A180AE10B
:104A1000520E0FEC06F0200E0FEC06F0520E0FECCB
:104A200006F024D0110E3A1804E1530E0FEC06F0F4
:104A30001DD0120E3A1804E1500E0FEC06F016D0FD
:104A4000130E3A180AE1500E0FEC06F0200E0FEC90
:104A500006F0520E0FEC06F009D0170E3A1806E1D8
:104A6000440E0FEC06F0560E0FEC06F00EEC06F0BE
:104A70001200000EF86E930EF76E560EF66E3EECB8
:104A800006F0000E3A1809E1000EF86E930EF76E6C
:104A9000960EF66E3EEC06F090D0010E3A1809E143
:104AA000000EF86E930EF76E8E0EF66E3EEC06F06C
:104AB00084D0020E3A1809E1000EF86E930EF76EDC
:104AC000500EF66E3EEC06F078D0030E3A1809E16F
:104AD000000EF86E930EF76E5E0EF66E3EEC06F06C
:104AE0006CD0040E3A1809E1000EF86E950EF76EC0
:104AF000A40EF66E3EEC06F060D0050E3A1809E101
:104B0000000EF86E930EF76E880EF66E3EEC06F011
:104B100054D0060E3A1809E1000EF86E950EF76EA5
:104B2000B40EF66E3EEC06F048D0070E3A1809E1D6
:104B3000000EF86E930EF76E640EF66E3EEC06F005
:104B40003CD0080E3A1809E1000EF86E950EF76E8B
:104B5000BE0EF66E3EEC06F030D0110E3A1809E1AA
:104B6000000EF86E950EF76ED00EF66E3EEC06F067
:104B700024D0120E3A1809E1000EF86E930EF76E6B
:104B8000BC0EF66E3EEC06F018D0130E3A1809E192
:104B9000000EF86E950EF76EE20EF66E3EEC06F025
:104BA0000CD0170E3A1809E1000EF86E950EF76E4C
:104BB000F00EF66E3EEC06F000D01200000EF86E1D
:104BC000930EF76E380EF66E3EEC06F023C6E8FF45
:104BD000010A0BE023C6E8FF020A07E023C6E8FF4C
:104BE000030A03E0C2EC40F006D023C6E8FFB2ECB3
:104BF00006F00EEC06F012000AEC05F0000EFB6E5B
:104C00004C0EFA6E0444016E120E0124D8B0FA2A3A
:104C1000F96E10D057D0A3D0EED036D18FD113D2A9
:104C200071D2C8D2FAD252D3C1D309D209D209D291
:104C300009D212004BB82FEF2BF04ABE2BD04BB647
:104C400027D04BB40BD04BBA05D0469033EC08F0CC
:104C500037EF2BF069EC3BF037EF2BF04BBA04D079
:104C60002FEC1EF037EF2BF0130EE8CF24F6030ED7
:104C7000E8CF26F6476A4786B9EC40F0000EF86E9A
:104C8000970EF76EFA0EF66E3EEC06F032EF2BF052
:104C900035EF2BF04BB835EF2BF04BB611D04BB4B2
:104CA0000BD04BBA05D0468033EC08F037EF2BF031
:104CB00069EC3BF037EF2BF0BFEC1EF037EF2BF039
:104CC00035EF2BF04BB82FEF2BF04ABE24D04BB66C
:104CD00020D04BB404D058EC08F037EF2BF04BBA8F
:104CE00004D033EC1DF037EF2BF01B0EE8CF24F689
:104CF000020EE8CF26F6476A4786B9EC40F0000E70
:104D0000F86E960EF76EC00EF66E3EEC06F032EFC1
:104D10002BF035EF2BF04BB620D04BB404D00BEC7E
:104D200014F037EF2BF04BBA04D001EC17F037EF4B
:104D30002BF01C0EE8CF24F6010EE8CF26F6476ACA
:104D40004786B9EC40F0000EF86E960EF76ECE0E68
:104D5000F66E3EEC06F032EF2BF035EF2BF04BB851
:104D60002FEF2BF04ABE2ED04BB62AD04BB404D036
:104D7000AFEC17F037EF2BF051B01ED051BE1CD066
:104D800052B41AD04BBA04D0F0EC11F037EF2BF03C
:104D90001E0EE8CF24F6040EE8CF26F6476A4786B3
:104DA000B9EC40F0000EF86E990EF76EA20EF66E9A
:104DB0003EEC06F032EF2BF0A0EC11F037EF2BF0C9
:104DC00035EF2BF04BBA35EF2BF04BB612D04BB47E
:104DD00004D0A0EC3BF037EF2BF051B006D051BE21
:104DE00004D052B402D035EF2BF0C8EC11F037EFFD
:104DF0002BF035EF2BF04BB835EF2BF04ABE2BD014
:104E00004BA40DD000D04B944B96000EF86E8F0E35
:104E1000F76EE20EF66E3EEC06F03BEF2BF04B84A5
:104E20004B96000EF86E8F0EF76ED00EF66E3EECBF
:104E300006F0CFEC04F03BEF2BF04B864B94000ECA
:104E4000F86E8F0EF76ED80EF66E3EEC06F0CFECD5
:104E500004F03BEF2BF04BBA35EF2BF04BB435EFB2
:104E60002BF04BB635EF2BF049820FC000F0000E4F
:104E70000F6E4888478448EC42F04898479400C039
:104E80000FF0499237EF2BF04BB82FEF2BF04ABEC3
:104E900037D04BB634D04BB419D04BBA04D097ECC2
:104EA00016F037EF2BF0170EE8CF24F6000EE8CF00
:104EB00026F6476A4786B9EC40F0000EF86E920E6F
:104EC000F76EFC0EF66E3EEC06F0CCD34BBA04D077
:104ED000A9EC0BF037EF2BF0180EE8CF24F6020EFA
:104EE000E8CF26F6476A4786B9EC40F0000EF86E28
:104EF000930EF76E2A0EF66E3EEC06F0B3D3B5D3E2
:104F00004BB61BD04BB419D04BBA04D083EC09F08C
:104F100037EF2BF0190EE8CF24F6020EE8CF26F675
:104F2000476A4786B9EC40F0000EF86E960EF76EB1
:104F30004C0EF66E3EEC06F095D397D34BB82FEFA0
:104F40002BF04ABE43D04BB640D04BB422D04BBA24
:104F50000AD051BE05D052B403D058EC1CF087D310
:104F600062EC0FF084D3060EE8CF24F6040EE8CFEF
:104F700026F6FF0EE8CF28F6476A4786B9EC40F0E0
:104F8000000EF86E960EF76EBA0EF66E3EEC06F058
:104F900069D34BBA01D069D3080EE8CF24F6030ECB
:104FA000E8CF26F6FF0EE8CF28F6000EE8CF29F668
:104FB000476A4786B9EC40F0000EF86E970EF76E20
:104FC000020EF66E3EEC06F04DD34FD34BB636D004
:104FD0004BB419D04BBA01D048D3070EE8CF24F612
:104FE000040EE8CF26F6FF0EE8CF28F6476A47867C
:104FF000B9EC40F0000EF86E960EF76EE80EF66E05
:105000003EEC06F02FD34BBA03D0E4EC1CF02FD3C8
:10501000090EE8CF24F6020EE8CF26F6FF0EE8CF01
:1050200028F6476A4786B9EC40F0000EF86E970EF6
:10503000F76E1E0EF66E3EEC06F014D316D306D2B3
:1050400023D259D2B0D24BB80AD34ABE3AD04BB6CB
:1050500037D04BB418D04BBA03D084EC12F007D33E
:10506000140EE8CF24F6020EE8CF26F6476A4786EC
:10507000B9EC40F0000EF86E920EF76EC40EF66EAC
:105080003EEC06F0EFD24BBA08D0C4EC08F00A0EA2
:10509000D9EC05F05DEC17F0EAD2150EE8CF24F656
:1050A000010EE8CF26F6476A4786B9EC40F0000EBD
:1050B000F86E930EF76E380EF66E3EEC06F0D2D216
:1050C000D4D24BB61ED04BB403D021EC0BF0CFD2D0
:1050D0004BBA03D0A3EC1BF0CAD21D0EE8CF24F6C6
:1050E000010EE8CF26F6476A4786B9EC40F0000E7D
:1050F000F86E980EF76E2C0EF66E3EEC06F032EF60
:105100002BF0B3D24ABE3DD04BB63AD04BB428D0E8
:105110004BB803D04BBA0BD01BD04B98000EF86E97
:105120008E0EF76E780EF66E3EEC06F0A0D240ECD6
:105130000FF054A0F2D74B9A4B88000EF86E940EE5
:10514000F76E840EF66E3EEC06F0CFEC04F093D2D0
:10515000469446964B8AB9EC40F0CFEC04F08BD2E3
:105160004F7E000EF86E990EF76ED20EF66E3EEC84
:1051700006F04FBE45EC07F04FAE3CEC07F077D29F
:1051800074D24BB872D24BBA70D24BB612D04BB469
:105190000FD049800FC000F0000E0F6E4888478482
:1051A00048EC42F04898479400C00FF049905FD215
:1051B0005CD25BD24BB853D24ABE22D04BB61FD082
:1051C0004BB418D04BBA03D0E8EC14F050D2100E08
:1051D000E8CF24F6030EE8CF26F6476A4786B9ECF7
:1051E00040F0000EF86E930EF76E0E0EF66E3EEC6B
:1051F00006F038D24BBA39D284EC0AF038D235D224
:105200004BBA33D24BB608D04BB403D06DEC0BF095
:105210002ED2F0EC0FF02BD228D24BB820D24ABEBF
:1052200035D04BB632D04BB418D04BBA03D007ECC4
:1052300016F01DD2110EE8CF24F6030EE8CF26F6A5
:10524000476A4786B9EC40F0000EF86E930EF76E91
:10525000C20EF66E3EEC06F005D24BBA03D038EC27
:1052600013F005D20B0EE8CF24F6030EE8CF26F696
:10527000476A4786B9EC40F0000EF86E920EF76E62
:10528000DE0EF66E3EEC06F0EDD1EFD14BB61DD042
:105290004BB418D04BBA03D078EC14F0E8D10C0E14
:1052A000E8CF24F6030EE8CF26F6476A4786B9EC26
:1052B00040F0000EF86E920EF76ED20EF66E3EECD7
:1052C00006F0D0D17CEC19F0D2D1CFD14BB8C7D1F8
:1052D0004ABE36D04BB633D04BB419D04BBA03D0FC
:1052E00029EC15F0C4D11A0EE8CF24F6030EE8CF4E
:1052F00026F64698476A4786B9EC40F0000EF86EED
:10530000930EF76EDC0EF66E3EEC06F0ABD14BBAA8
:1053100003D062EC0FF0ABD10E0EE8CF24F6020EF4
:10532000E8CF26F6476A4786B9EC40F0000EF86EE3
:10533000920EF76EA00EF66E3EEC06F093D195D16C
:105340004BB632D04BB418D04BBA03D0D9EC16F0D0
:105350008ED10D0EE8CF24F6030EE8CF26F6476A6D
:105360004786B9EC40F0000EF86E930EF76E060E0D
:10537000F66E3EEC06F076D14BBA03D0A0EC14F0FA
:1053800076D10F0EE8CF24F6030EE8CF26F6476A53
:105390004786B9EC40F0000EF86E920EF76EEC0EF8
:1053A000F66E3EEC06F05ED160D161D14BA805D01F
:1053B00052B855D152AA59D152D14ABE2ED04BBA69
:1053C00054D14BB629D04BB410D049800FC000F057
:1053D0000C0E0F6E4888478448EC42F0489847947A
:1053E00000C00FF04990499A42D151B03ED1000E11
:1053F000F86E950EF76E160EF66E3EEC06F0320E57
:1054000054BA0FEC06F054BA0EEC06F0476A47881F
:10541000000EE8CF05F22BD128D14BBA26D14BB6DE
:1054200014D04BB40FD0000EF86E8F0EF76E5C0EDA
:10543000F66E3EEC06F0476A4784488848EC42F036
:10544000489810D1548AD1D710D10FD14BB807D179
:105450004ABE0DD04BBA09D14BB608D04BB403D0DD
:10546000D8EC17F004D1A9EC0FF001D1FED04BBA63
:10547000FCD04BB608D04BB403D054EC19F0F7D0A5
:105480003CEC0AF0F4D0F1D04BB8E9D04ABE23D0BE
:105490004BB620D04BB418D04BBA03D0B6EC08F0C2
:1054A000E6D0120EE8CF24F6020EE8CF26F6476AC1
:1054B0004786B9EC40F0000EF86E930EF76E560E6C
:1054C000F66E3EEC06F0CED04BBACFD04F8437EC20
:1054D0001AF0CDD0CAD04BBAC8D04BB60BD04BB413
:1054E00005D0B6EC08F0F2EC08F0C1D04F9437ECE0
:1054F0001AF0BDD0BAD04BB8B2D04ABE34D04BBAF5
:10550000B4D04BB62FD04BB422D027C6E8FF010A47
:105510000BE027C6E8FF020A0EE0000EF86E920EBE
:10552000F76E780EF66E0DD0000EF86E920EF76ED6
:105530007C0EF66E06D0000EF86E970EF76EDA0E41
:10554000F66E3EEC06F0036A476A47828BD0000E87
:10555000F86E8F0EF76EA80EF66E3EEC06F0F4ECC9
:105560003CF085D082D04BBA07D04BB61BD04BB4A1
:1055700016D0E9EC1BF07BD0160EE8CF24F6040E13
:10558000E8CF26F6476A4786B9EC40F0000EF86E81
:10559000980EF76E0E0EF66E3EEC06F063D0C0EC81
:1055A0003EF065D062D04BA809D051B258D051B46A
:1055B00056D052B854D052AA58D051D04ABE3AD040
:1055C0004BB637D04BB411D04BBA4FD049800FC037
:1055D00000F00B0E0F6E4888478448EC42F0489864
:1055E000479400C00FF0499042D04BBA0ED0000E45
:1055F000F86E980EF76E580EF66E3EEC06F0000E42
:10560000E8CF5EF8476A478C32D01F0EE8CF24F609
:10561000010EE8CF26F6476A4786B9EC40F0000E47
:10562000F86E990EF76EAA0EF66E3EEC06F032EFAB
:105630002BF01BD04BBA19D04BB610D04BB403D0C3
:1056400001EC42F014D0000EF86E950EF76E760E57
:10565000F66E3EEC06F0476A478A09D006D0DDECCC
:105660000BF005D0CFEC04F002D05DEC05F04B94CC
:105670004B964B9A4B98046A0E01C6990001120092
:10568000000EFB6E560EFA6E0444016E960E012457
:10569000D8B0FA2AF96E10D01DD02AD037D039D020
:1056A00046D053D060D062D06FD07CD089D08BD020
:1056B0009ED0ABD0E6D01200000EF86E8D0EF76EC5
:1056C000400EF66E3EEC06F0032A310E046E3BEC03
:1056D0003DF0E5D0000EF86E8D0EF76E440EF66EBE
:1056E0003EEC06F0032A320E046E3BEC3DF0D7D0C0
:1056F000000EF86E8D0EF76E480EF66E3EEC06F05C
:10570000032A330E046E3BEC3DF0C9D05DEC05F08E
:10571000C6D0000EF86E8D0EF76E500EF66E3EEC93
:1057200006F0032A340E046E3BEC3DF0B8D0000EB8
:10573000F86E8D0EF76E540EF66E3EEC06F0032AF0
:10574000350E046E3BEC3DF0AAD0000EF86E8D0EC7
:10575000F76E580EF66E3EEC06F0032A360E046E17
:105760003BEC3DF09CD05DEC05F099D0000EF86E5E
:105770008D0EF76E600EF66E3EEC06F0032A370EC5
:10578000046E3BEC3DF08BD0000EF86E8D0EF76E84
:10579000640EF66E3EEC06F0032A380E046E3BEC07
:1057A0003DF07DD0000EF86E8D0EF76E680EF66E31
:1057B0003EEC06F0032A390E046E3BEC3DF06FD050
:1057C0005DEC05F06CD008665CD0060E031803E1B2
:1057D0005DEC05F064D0000EF86E8D0EF76E760E5F
:1057E000F66E3EEC06F003C008F0082A58D0000E12
:1057F000F86E8D0EF76E7E0EF66E3EEC06F0032A06
:10580000300E046E3BEC3DF04AD003522CE127C62B
:10581000E8FF000A10E027C6E8FF010A18E0000EC2
:10582000F86E920EF76E780EF66E3EEC06F0000EF5
:10583000E8CF27F634D0000EF86E920EF76E7C0E8D
:10584000F66E3EEC06F0010EE8CF27F628D0000EEB
:10585000F86E970EF76EDA0EF66E3EEC06F0020E5C
:10586000E8CF27F61CD0000EF86E8D0EF76E8A0E6C
:10587000F66E3EEC06F0476A478011EC3CF0036A96
:1058800010D0000EF86E8F0EF76EB00EF66E3EEC76
:1058900006F0476A47804A6A036A086A02D0CFEC7A
:1058A00004F0046A1200000EFB6E580EFA6E0444F7
:1058B000016EBC0E0124D8B0FA2AF96E10D032D095
:1058C00054D076D083D0A5D0C7D0D4D0E5D0F2D0F4
:1058D000FFD00CD15DD16FD191D1CAD112000AECA9
:1058E00005F04ABE0ED0000EF86E8D0EF76E400E1B
:1058F000F66E3EEC06F0032A310E046E6CEC2EF0D0
:10590000E7D1010EE8CF03F2000EF86E950EF76EA8
:105910001E0EF66E3EEC06F0310E0FEC06F00EECAD
:1059200006F0D6D10AEC05F04ABE0ED0000EF86E95
:105930008D0EF76E440EF66E3EEC06F0032A320E24
:10594000046E6CEC2EF0C4D1020EE8CF03F2000E10
:10595000F86E950EF76E1E0EF66E3EEC06F0320EE9
:105960000FEC06F00EEC06F0B3D10AEC05F04ABEDF
:105970000ED0000EF86E8D0EF76E480EF66E3EECF1
:1059800006F0032A330E046E6CEC2EF0A1D1030E48
:10599000E8CF03F2000EF86E950EF76E1E0EF66E4F
:1059A0003EEC06F0330E0FEC06F00EEC06F090D154
:1059B000036A04C200F0002A00C004F206C2E8FF35
:1059C000006403D0010EE8CF04F270D10AEC05F0B8
:1059D0004ABE0ED0000EF86E8D0EF76E500EF66EAB
:1059E0003EEC06F0032A340E046E6CEC2EF070D1FF
:1059F000040EE8CF03F2000EF86E950EF76E1E0E41
:105A0000F66E3EEC06F0340E0FEC06F00EEC06F0EF
:105A10005FD10AEC05F04ABE0ED0000EF86E8D0E76
:105A2000F76E540EF66E3EEC06F0032A350E046E49
:105A30006CEC2EF04DD1050EE8CF03F2000EF86E9F
:105A4000950EF76E1E0EF66E3EEC06F0350E0FEC60
:105A500006F00EEC06F03CD1000EF86E8D0EF76EDF
:105A6000580EF66E3EEC06F0032A360E046E6CEC11
:105A70002EF02ED1036A04C200F0000600C004F22A
:105A800005E106C2E8FFE8CF04F205D006C2E8FF50
:105A9000006401D0F6D70AD1000EF86E8D0EF76EB5
:105AA000600EF66E3EEC06F0032A370E046E6CECC8
:105AB0002EF00ED1000EF86E8D0EF76E640EF66E9F
:105AC0003EEC06F0032A380E046E6CEC2EF000D18A
:105AD000000EF86E8D0EF76E680EF66E3EEC06F058
:105AE000032A390E046E6CEC2EF0F2D00AEC05F0AD
:105AF0004ABE3CD005C2E8FF010A14E005C2E8FF37
:105B0000020A1CE005C2E8FF030A24E0000EF86E5A
:105B1000950EF76E460EF66E3EEC06F0010EE8CFDF
:105B200005F2D6D0020EE8CF05F2000EF86E950E03
:105B3000F76E540EF66E3EEC06F0CAD0000EF86E0C
:105B4000990EF76E3E0EF66E3EEC06F0030EE8CFB1
:105B500005F2BED0000EE8CF05F2000EF86E980EEA
:105B6000F76EC40EF66E3EEC06F0B2D0000EE8CF33
:105B700005F2000EF86E8F0EF76EA00EF66E3EEC7C
:105B800006F049EC30F0476A47804A6A036AA2D0BF
:105B90000AEC05F04ABE01D06BD0000EE8CF05F24A
:105BA000000EF86E8F0EF76EB00EF66E3EEC06F03D
:105BB00060EC30F08DD00AEC05F04ABE0ED0000E3D
:105BC000F86E8D0EF76E7E0EF66E3EEC06F0032A32
:105BD000300E046E6CEC2EF07BD0000EE8CF03F29A
:105BE000000EF86E950EF76E1E0EF66E3EEC06F089
:105BF000300E0FEC06F00EEC06F06AD004C200F096
:105C000006C2E8FF00640BD0000EF86E8D0EF76E32
:105C10008A0EF66E3EEC06F05DEC05F02ED005C265
:105C2000E8FFE85023E0030A13E0000EF86E950E3B
:105C3000F76E3C0EF66E54AA3EEC06F01DEC30F00A
:105C40004FA204D032EC38F047BC44D0036A10D0E5
:105C5000A7EC2EF04FA23ED0E4EC2EF04FA23AD0AB
:105C600016EC2FF026EC05F0036A02D0036A1ED072
:105C7000000EE8CF05F203520BE0000EF86E8F0E17
:105C8000F76EB00EF66E3EEC06F04A6A036A20D05C
:105C9000000EF86E950EF76E2E0EF66E3EEC06F0C8
:105CA000476A47804A6A036A549A14D0E4EC2EF09B
:105CB0004FA210D016EC2FF054AA0CD054BC0AD02E
:105CC000140ED9EC05F01DEC30F04FA2BFD702D076
:105CD000CFEC04F0046A12000350010A07E1300E11
:105CE000E8CF00F2E8CF01F2E8CF02F2040E031889
:105CF00006E103065DEC05F0CFEC04F027D0010EC1
:105D000003180FE0020E031807E001C200F202C2FE
:105D100001F204C002F207D002C201F204C002F292
:105D200002D004C002F200C2E8FFD00FE8CF10F3A7
:105D300001C2E8FFD00FE8CF11F302C2E8FFD00F95
:105D4000E8CF12F3C1EC05F014C304F212004F8245
:105D500000C8E8FF6D0A0DE04F92000EF86E990E34
:105D6000F76E4C0EF66E3EEC06F0000EE8CF05F234
:105D70002AD0E4EC2EF04FA226D017EE00F028EE49
:105D800001F007C2E8FFE12608C227F0DE50E85222
:105D900004E0E66E272EFAD704D0200EE66E272EFA
:105DA000FCD702C701F003C702F701C003F781EC7B
:105DB00007F04FA208D01EEC1FF046B201D003D06E
:105DC000A7EC40F04F9212004CA4FED72CEC08F048
:105DD0006FEC1FF01A0EE66E000EE66E54A203D0B2
:105DE00003C2E8FFE66E04C2E8FFCAEC06F0E66E06
:105DF00004C2E8FFDFEC06F0E838006E04C2E8FFFA
:105E0000F5EC06F00010E66EFD0EE66EB6EC07F05F
:105E10004FA20BD01EEC1FF046B201D006D0300EC0
:105E2000E8CF0FF2A7EC40F04F921200548C0A0E0C
:105E3000D9EC05F01FEC05F017EE00F01B5208E05E
:105E4000000EF86E950EF76E240EF66E3EEC06F020
:105E500004C2E8FFCAEC06F0300F0FEC06F004C2F3
:105E6000E8FFDFEC06F0300F0FEC06F004C2E8FFAD
:105E7000F5EC06F0300F0FEC06F00C0E2C600DD098
:105E800036EC1FF0FF0A09E1000EF86E950EF76E72
:105E9000600EF66E3EEC06F088D01D0E51B807D0AD
:105EA00051BE05D052B403D052BA01D0360E2C6484
:105EB0006BD000C7E8FFFE0AD8A4CCEF2FF001C7D3
:105EC000E8FFFE0AD8A4CCEF2FF0549C26EC05F096
:105ED00017EE00F007C2E8FFE12608C2E8FF276ED0
:105EE000E650FD0A08E0FD0AB0EC39F0D8A40FEC4A
:105EF00006F0272EF5D70EEC06F026EC05F017EE8F
:105F000009F054B217EE0AF0E6CF19F6E6CF18F60C
:105F1000E6CF17F6E6CF16F6E6CF15F6B7EC23F088
:105F200017EE00F009C2E8FFE126E7CF3AF01F5272
:105F3000D8A4C7EC24F0170E3A1837E126EC05F088
:105F400017EE21F028EE1AF0180E276EE650FD0A23
:105F500016E0FD0ADE6EB0EC39F0D8A40FEC06F0C6
:105F6000FF0E0FEC06F0110E2718D8B426EC05F042
:105F7000090E2718D8B426EC05F0272EE7D7000E17
:105F8000DE6E0EEC06F011D0C2EC40F02C50B2ECFC
:105F900006F00EEC06F009D0000EF86E910EF76ECA
:105FA0007C0EF66E3EEC06F000D02C6A12004CA47B
:105FB000FED72CEC08F051B203D051B401D016D06A
:105FC0006FEC1FF0080EE66EA00EE66E03C2E8FF4F
:105FD000E66EFD0EE66EB6EC07F04FA22DD01EEC7D
:105FE0001FF046B226D00A0ED9EC05F06FEC1FF078
:105FF000080EE66E04C2E8FFCAEC06F0E66E04C2C4
:10600000E8FFDFEC06F0E838006E04C2E8FFF5ECCC
:1060100006F00010E66EFD0EE66EB6EC07F04FA23D
:106020000BD01EEC1FF046B204D00A0ED9EC05F0DE
:1060300003D0A7EC40F04F921200D7EC2FF04FA204
:1060400021D005C2E8FF020A03E0BFEC3BF002D01A
:10605000E8EC3BF04FA219D01EEC1FF046B212D074
:106060000A0ED9EC05F06FEC1FF00A0EE66EFD0E7D
:10607000E66EB6EC07F04FA208D01EEC1FF046B259
:1060800001D003D0A7EC40F04F92000EE8CF05F20C
:106090001200D7EC2FF04FA20FD06FEC1FF0090EBB
:1060A000E66EFD0EE66EB6EC07F04FA208D01EECD1
:1060B0001FF046B201D003D0A7EC40F04F9212007F
:1060C000D7EC2FF04FA231D06FEC1FF0080EE66E28
:1060D000FD0EE66EB6EC07F04FA22AD01EEC1FF0C4
:1060E00046B223D0640ED9EC05F06FEC1FF00B0E16
:1060F000E66EFD0EE66EB6EC07F04FA219D01EEC70
:106100001FF046B212D0C80ED9EC05F06FEC1FF0AC
:10611000070EE66EFD0EE66EB6EC07F04FA208D055
:106120001EEC1FF046B201D003D0A7EC40F04F9216
:106130001200020EE8CF34F6000EFB6E610EFA6E0E
:106140000444016E4E0E0124D8B0FA2AF96E10D024
:106150003ED06CD08CD0DCD0E9D0F6D003D133D196
:1061600040D14DD15AD1E0D1FDD111D238D2120057
:10617000310E046E0AEC05F04ABE13D024C6E8FFC7
:10618000170A0CE0000EF86E8D0EF76E400EF66EDC
:106190003EEC06F0032A56EC3DF036D2B1EC16F098
:1061A00033D224C6E8FF140A09E024C6E8FF190A1E
:1061B00008E024C6E8FF1A0A07E0A1D052EC12F06A
:1061C00023D215EC0AF020D2DAEC15F01DD2320EF3
:1061D000046E0AEC05F04ABE13D024C6E8FF170A85
:1061E0000CE0000EF86E8D0EF76E440EF66E3EEC6F
:1061F00006F0032A56EC3DF007D2B1EC16F004D2BB
:1062000024C6E8FF140A09E024C6E8FF190A08E0DA
:1062100024C6E8FF1A0A07E072D052EC12F0F4D15B
:1062200015EC0AF0F1D1DAEC15F0EED1330E046E74
:106230000AEC05F04ABE0CD0000EF86E8D0EF76E1B
:10624000480EF66E3EEC06F0032A56EC3DF0DCD12B
:1062500024C6E8FF190A05E024C6E8FF1A0A04E08C
:106260004ED015EC0AF0D0D1DAEC15F0CDD124C621
:10627000E8FF060A47E024C6E8FF070A43E024C611
:10628000E8FF080A3FE024C6E8FF090A20E128C623
:10629000E8FF020A04E028C6E8FF010A0CE0000E4D
:1062A000F86E970EF76E420EF66E3EEC06F0010E9B
:1062B000E8CF28F6A9D1000EF86E970EF76E360ECD
:1062C000F66E3EEC06F0020EE8CF28F69DD124C60D
:1062D000E8FF0E0A17E024C6E8FF0F0A13E024C601
:1062E000E8FF100A0FE024C6E8FF110A0BE024C6FD
:1062F000E8FF130A07E024C6E8FF1A0A03E05DEC92
:1063000005F082D145EC07F0010EE8CF28F67CD1EC
:10631000000EF86E8D0EF76E500EF66E3EEC06F027
:10632000032A340E046E56EC3DF06ED1000EF86E6A
:106330008D0EF76E540EF66E3EEC06F0032A350E07
:10634000046E56EC3DF060D1000EF86E8D0EF76EC7
:10635000580EF66E3EEC06F0032A360E046E56EC2E
:106360003DF052D124C6E8FF060A27E024C6E8FF24
:10637000070A23E024C6E8FF080A1FE024C6E8FF56
:10638000090A1BE024C6E8FF0E0A17E024C6E8FF4E
:106390000F0A13E024C6E8FF100A0FE024C6E8FF46
:1063A000110A0BE024C6E8FF130A07E024C6E8FF41
:1063B0001A0A03E05DEC05F027D13CEC07F0000E73
:1063C000E8CF28F621D1000EF86E8D0EF76E600E24
:1063D000F66E3EEC06F0032A370E046E56EC3DF0E6
:1063E00013D1000EF86E8D0EF76E640EF66E3EEC55
:1063F00006F0032A380E046E56EC3DF005D1000E6F
:10640000F86E8D0EF76E680EF66E3EEC06F0032AFF
:10641000390E046E56EC3DF0F7D024C6E8FF080AAA
:1064200009E024C6E8FF130A41E024C6E8FF1A0A7F
:1064300062E077D029C6E8FF010A14E029C6E8FF28
:10644000100A1CE029C6E8FF110A24E0000EF86ECD
:10645000970EF76E580EF66E3EEC06F0010EE8CF82
:1064600029F6D2D0000EF86E970EF76E480EF66E33
:106470003EEC06F0100EE8CF29F6C6D0000EF86EFE
:10648000970EF76E680EF66E3EEC06F0110EE8CF32
:1064900029F6BAD0000EF86E8F0EF76EFC0EF66E6F
:1064A0003EEC06F0000EE8CF29F6AED046B40DD093
:1064B00046B616D046844696000EF86E960EF76ED7
:1064C0007C0EF66E3EEC06F09FD046944686000E9B
:1064D000F86E960EF76EA80EF66E3EEC06F094D0AF
:1064E00046964694000EF86E960EF76E740EF66E93
:1064F0003EEC06F089D046A80AD04698000EF86E09
:10650000930EF76EDC0EF66E3EEC06F07DD04688FC
:10651000000EF86E930EF76EEA0EF66E3EEC06F085
:1065200073D05DEC05F070D026C6E8FF040A0EE1DA
:1065300008660CD0000EF86E8D0EF76E760EF66EB5
:106540003EEC06F003C008F0082A5ED0000EF86E9C
:106550008F0EF76EB80EF66E3EEC06F04A6A036ACE
:10656000086A54D024C6E8FF170A0EE0000EF86E41
:106570008D0EF76E7E0EF66E3EEC06F0032A300EA0
:10658000046E56EC3DF040D0B1EC16F03DD024C680
:10659000E8FF170A24E028C6E8FFFF0A0BE10352D0
:1065A0000FE1000EF86E970EF76E800EF66E3EEC61
:1065B00006F02AD008EC33F04FA219D0035206E0BF
:1065C00068EC33F04FA213D046B211D024C6E8FFD6
:1065D000000AD8A4B9EC40F0C3EC34F008D0000EA7
:1065E000F86E8F0EF76EB00EF66E3EEC06F0476A50
:1065F0004780FF0EE8CF28F6476A47804A6A036A59
:10660000086A4694469602D0CFEC04F0046A120061
:106610002CEC08F06FEC1FF0160EE66E24C6E8FFB7
:106620000E0A440ED8B439D024C6E8FF0F0A450E2E
:10663000D8B433D024C6E8FF100A220ED8B42DD027
:1066400024C6E8FF110A400ED8B427D024C6E8FFBC
:10665000130A460ED8B421D024C6E8FF1A0A04E172
:10666000410E46B8480E19D024C6E8FF060A420E6D
:10667000D8B413D024C6E8FF070A430ED8B40DD00F
:1066800024C6E8FF080A4B0ED8B407D024C6E8FF9A
:10669000090A5B0ED8B401D0FF0EE66E28C6E8FFEB
:1066A000E66EFD0EE66EB6EC07F04FA210D01EECC3
:1066B0001FF046B25DEF33F00AD0000EF86E970E71
:1066C000F76E920EF66E3EEC06F04F9200D012007E
:1066D00024C6E8FF060A03E1AAEC3DF04ED124C629
:1066E000E8FF070A03E1AAEC3DF047D124C6E8FF22
:1066F000080A03E146EC3EF040D124C6E8FF090A4F
:1067000003E146EC3EF039D172EC3DF014C333F6B0
:1067100024C6E8FF120A0BE133C63AF052EC09F046
:106720004FB239EC25F0000EE8CF24F626D124C66E
:10673000E8FF150A0BE133C623F652EC09F04FB21D
:10674000C4EC08F0000EE8CF24F617D124C6E8FF09
:10675000140A06E184EC12F0000EE8CF24F60DD105
:1067600024C6E8FF160A09E12DEC1CF04FB2E9EC53
:106770001BF0000EE8CF24F600D124C6E8FF1E0A65
:1067800009E16FEC16F04FB250EC16F0000EE8CFB6
:1067900024F6F3D024C6E8FF1F0A09E160EC13F0E9
:1067A0004FB2CBEC13F0000EE8CF24F6E6D02CEC81
:1067B00008F06FEC1FF024C6E8FF0E0A03E17AEC44
:1067C0001FF09AD024C6E8FF140A03E194EC21F0EC
:1067D00093D024C6E8FF0B0A05E1140EE66E0C0EFA
:1067E000E66E8AD024C6E8FF0C0A05E1140EE66EB8
:1067F0000B0EE66E81D024C6E8FF0F0A03E1A8EC79
:106800001FF07AD024C6E8FF100A03E1CDEC1FF098
:1068100073D024C6E8FF110A05E1140EE66E060ED9
:10682000E66E6AD024C6E8FF0D0A05E1140EE66E96
:106830000A0EE66E61D024C6E8FF130A11E146B4E1
:10684000F3EC20F046B40BD046B635EC21F0000E48
:1068500046B6E8CF34F646B602D0B1EC20F04CD0C4
:1068600024C6E8FF190A08E1000EE8CF34F61A0E34
:10687000E66E040EE66E40D024C6E8FF180A06E174
:10688000000EE8CF34F6110EE66E36D024C6E8FFCF
:106890001A0A08E1020EE8CF34F6140EE66E0D0E69
:1068A000E66E2AD024C6E8FF1B0A06E1000EE8CFF8
:1068B00034F6100EE66E20D024C6E8FF1C0A06E16E
:1068C000000EE8CF34F602EC20F016D024C6E8FF24
:1068D0001D0A06E1000EE8CF34F643EC20F00CD0A0
:1068E00024C6E8FF1E0A06E1000EE8CF34F60C0EBF
:1068F000E66E02D0FF0EE66E34C6E8FF010A05E040
:1069000034C6E8FF020A0AE012D033C6E8FFE852B4
:10691000D8A425EC3FF0E8CF33F60AD033C6E8FF21
:10692000E852D8A442EC3FF0E8CF33F601D006D0CD
:1069300033C6E8FFCAEC06F00F0BE66E33C6E8FF7D
:10694000DFEC06F0E838F00B006E33C6E8FFF5EC3C
:1069500006F00010E66EFD0EE66EB6EC07F04FA2F4
:1069600011D01EEC1FF046A20DD0000EF86E970E4F
:10697000F76EA60EF66E3EEC06F0086AFF0EE8CF44
:1069800028F6036A1200140ED9EC05F04F82010EAE
:10699000E8CF25F624C6E8FF060AD8B458EC1CF068
:1069A0004FA292D0020EE8CF25F624C6E8FF070AD0
:1069B000D8B458EC1CF04FA287D0030EE8CF25F6D0
:1069C00024C6E8FF080AD8B458EC1CF04FA27CD0CB
:1069D000040EE8CF25F624C6E8FF090AD8B4E4EC93
:1069E0001CF04FA271D024C6E8FF0E0AD8B462ECA6
:1069F0000FF04FA269D024C6E8FF0B0AD8B438ECD8
:106A000013F04FA261D024C6E8FF0C0AD8B478EC8A
:106A100014F04FA259D024C6E8FF0F0AD8B4A0EC56
:106A200014F04FA251D024C6E8FF100AD8B4E8EC05
:106A300014F04FA249D024C6E8FF110AD8B407ECDD
:106A400016F04FA241D024C6E8FF0D0AD8B4D9EC05
:106A500016F04FA239D024C6E8FF130AD8B42FECA1
:106A60001EF04FA231D024C6E8FF190AD8B483EC37
:106A700009F04FA229D024C6E8FF180AD8B4A9EC1F
:106A80000BF04FA221D024C6E8FF1A0AD8B429EC93
:106A900015F04FA219D024C6E8FF1B0AD8B433EC76
:106AA0001DF04FA211D024C6E8FF1C0AD8B401EC97
:106AB00017F04FA209D024C6E8FF1D0AD8B4A3ECF2
:106AC0001BF04FA201D000D01200000EFB6E6A0E28
:106AD000FA6E0444016EE00E0124D8B0FA2AF96E71
:106AE00010D01CD036D047D06DD095D0BDD0E5D0D9
:106AF0000CD138D160D18CD19DD1D2D1F1D11DD260
:106B000012000AEC05F04ABE04D0FF0E006E310EF2
:106B100021D22B6A54948CEC39F036D20AEC05F071
:106B20004ABE12D05DC800F0000E0018410E0BE006
:106B3000010E0018420E07E0020E0018430E03E09B
:106B4000FF0E006E320E06D22B6A54848CEC39F0A4
:106B50001BD25DC800F0000E0018440E0BE0010EC1
:106B60000018450E07E0020E0018460E03E0FF0E67
:106B7000006E330EEFD128EE00F02B5205E05CC81A
:106B8000E8FF2BC0DBFF06D05CC8E8FFDBCFE8FFE7
:106B9000E85215E02B6A5CC800F0002A00C05CF8DF
:106BA000170E006405D08CEC40F0180EE8CF5CF8AE
:106BB000FF0E006E5CC8E8FFDBCFE8FFCBD18CECAA
:106BC00040F0E2D10AEC05F04ABE12D05DC800F0F8
:106BD000000E0018470E0BE0010E0018480E07E0EB
:106BE000020E0018490E03E0FF0E006E340EB2D103
:106BF000000EF86E980EF76EE80EF66E3EEC06F09C
:106C000026EC05F030EC39F0020EE8CF5EF8548641
:106C1000F2EC37F0B9D10AEC05F04ABE12D05DC8EB
:106C200000F0000E00184A0E0BE0010E00184B0E8B
:106C300007E0020E00184C0E03E0FF0E006E350E4A
:106C400089D1000EF86E980EF76ECA0EF66E3EEC05
:106C500006F026EC05F00BEC39F0020EE8CF5EF8FA
:106C60005486F2EC37F090D10AEC05F04ABE12D00F
:106C70005DC800F0000E00184D0E0BE0010E00186C
:106C80004E0E07E0020E00184F0E03E0FF0E006EDE
:106C9000360E60D1000EF86E980EF76EF40EF66E9A
:106CA0003EEC06F026EC05F035EC39F0020EE8CFAC
:106CB0005EF85486F2EC37F067D10AEC05F04ABE74
:106CC00017D028EE00F05CC800F0000600C05CF8A9
:106CD000FF0E0018D8A405D0000EE8CF5CF88CECAD
:106CE00040F0FF0E006E5CC8E8FFDBCFE8FF32D15A
:106CF000000EF86E990EF76E300EF66E3EEC06F052
:106D000026EC05F0F8EC38F0ECD70AEC05F04ABEBA
:106D100016D05DC800F0000E0018500E0FE0010EF6
:106D20000018510E0BE0020E0018520E07E0030E81
:106D30000018530E03E0FF0E006E370E0BD1000E4D
:106D4000F86E990EF76E1A0EF66E3EEC06F026EC13
:106D500005F07EEC38F0020EE8CF5EF85486F2ECD7
:106D600037F012D10AEC05F04ABE12D05DC800F02F
:106D7000000E0018540E0BE0010E0018550E07E02F
:106D8000020E0018560E03E0FF0E006E380EE2D021
:106D9000000EF86E990EF76E020EF66E3EEC06F0DF
:106DA00026EC05F01AEC39F0020EE8CF5EF85486B6
:106DB000F2EC37F0E9D00AEC05F04ABE16D05DC817
:106DC00000F0000E0018570E0FE0010E0018580ECC
:106DD0000BE0020E0018590E07E0030E00185A0EC1
:106DE00003E0FF0E006E390EB5D0000EF86E990E5E
:106DF000F76E0E0EF66E3EEC06F026EC05F025EC76
:106E000039F0020EE8CF5EF85486F2EC37F0BCD0D1
:106E10000AEC05F04ABE03D0C7EC37F0B5D0000E3F
:106E2000F86E980EF76ED20EF66E3EEC06F09FEC02
:106E300038F0AAD0000EE8CF5DF80AEC05F04ABEA3
:106E400016D0000EF86E8F0EF76EB00EF66E3EEC9A
:106E500006F05CC8E8FFDB500FEC06F00EEC06F025
:106E6000016A5CC8E8FF01C0DBFF2B6A8DD0000E11
:106E7000F86E8F0EF76EB00EF66E3EEC06F0540E06
:106E80000FEC06F0650E0FEC06F0780E0FEC06F036
:106E9000740E0FEC06F00EEC06F0D6EC39F074D060
:106EA0000AEC05F04ABE16D05DC800F0000E0018CE
:106EB000300E0FE0010E0018200E0BE0020E00183D
:106EC0002F0E07E0030E00182D0E03E0FF0E006EDC
:106ED000400E40D0000EE8CF3CF8E8CF5DF854D02B
:106EE0000AEC05F04ABE11D05EC8E8FFE8521CE08B
:106EF000000EF86E980EF76EC40EF66E3EEC06F0BD
:106F000026EC05F0F2EC37F03FD05EC8E8FFE8521F
:106F10000BE0000EF86E980EF76ECA0EF66E3EECA1
:106F200006F0F2EC37F030D0000EF86E980EF76EE7
:106F3000AC0EF66E3EEC06F027D0000EF86E980E02
:106F4000F76E600EF66E3EEC06F0476A47804A6ABE
:106F5000036A1AD0002A00C05DF82B6E000EF86E8E
:106F6000980EF76E6E0EF66E200E2B18D8B43EEC0F
:106F700006F02B50B0EC39F004E00FEC06F00EEC0C
:106F800006F002D05DEC05F0046A4A9E12005EC86D
:106F900000F0002A040E001802E1010E006E0050FD
:106FA000010A07E00050020A0BE00050030A0FE05C
:106FB00018D0000EF86E980EF76E840EF66E0DD097
:106FC000000EF86E980EF76E9E0EF66E06D0000E4E
:106FD000F86E980EF76E920EF66E3EEC06F000C05C
:106FE0005EF812002CEC08F0549000C8E8FFE86648
:106FF00054804AAE54906FEC1FF01F0EE66E5EC8D0
:10700000E8FFE806E66E54B075EC39F0FD0EE66E6A
:10701000B6EC07F04FA223D01EEC1FF046B21DD0F5
:1070200054A006D02AEC1FF046A217D05490E3D704
:1070300054A68DEC38F05EC800F0010E001807E091
:10704000020E001804E0030E001804E006D040EC25
:1070500039F005D061EC39F002D095EC40F02C6AA3
:107060005496120051B404D052B802D052AA27D07C
:107070002CEC08F0DEEC08F04FA221D000C63AF06C
:10708000170E3A181CE10A0ED9EC05F0E4EC2EF0CC
:107090004FA215D060EC38F0B0EC38F070EC38F05E
:1070A000000EF86E980EF76E580EF66E3EEC06F077
:1070B000000EE8CF5EF8476A478C4A6A036A1200FE
:1070C00017EE21F028EE00F0180E276EE650FD0AAC
:1070D00004E0FD0ADE6E272EF9D7000EDE6E1200E8
:1070E00017EE21F028EE34F0080E276EE650FD0A68
:1070F00004E0FD0ADE6E272EF9D7120018EE34F0F8
:1071000028EE00F0080E276EE6CF00F000C0DEFF8C
:10711000005202E0272EF8D7120017EE06F028EEF4
:107120001AF0190E276EE6CF00F0FD0E001804E0ED
:1071300000C0DEFF272EF7D7E8CFDEFF120018EEE3
:107140001AF028EE00F0190E276EE6CF00F000C00E
:10715000DEFF005202E0272EF8D7E8CFDEFF120054
:1071600018EE1AF028EE00F0190E276EDECF00F0B0
:1071700000C0E6FF005202E0272EF8D7E8CFE6FF76
:107180001200549017EE07F028EE3CF0200E276E08
:10719000E650DF1ADE6ED8A45480272EF9D754A00B
:1071A00026D018EE3CF0200E276EE6CF00F01F0E22
:1071B000006419D00050B0EC39F0D8A40FEC06F000
:1071C0000D0E2718D8B426EC05F00D0E276003D05D
:1071D000060E276006D0050E2718D8B426EC05F059
:1071E00002D00EEC06F0272EE0D70EEC06F01200CF
:1071F00028EE00F05CC8E8FFDBCF00F05B0E00601B
:1072000009D0400E006406D0200E00265CC8E8FFBE
:1072100000C0DBFF120028EE00F0030E276E430EC5
:10722000DE6E510EDE6E272EFAD7200EDE6E200E99
:10723000DE6E120028EE00F0070E276E200EDE6EC6
:10724000272EFCD7450EDE6E120028EE00F0070E4A
:10725000276E200EDE6E272EFCD7490EDE6E120042
:1072600028EE07F04C0EDF6E120028EE00F0070E3D
:10727000276E200EDE6E272EFCD7550EDE6E120016
:1072800017EE06F0180E276EE6CF00F0FD0E001880
:1072900017E00050B0EC39F011E00FEC06F00EEC06
:1072A00006F0FF0E0FEC06F0110E2718D8B426ECEE
:1072B00005F0090E2718D8B426EC05F0272EE4D7E0
:1072C000120017EE06F01E0E276EE6CF00F0FD0E40
:1072D000001808E00050B0EC39F0D8A40FEC06F02C
:1072E000272EF3D70EEC06F0120028EE00F05EC851
:1072F00000F00C0E000604E0180E000601E0140E6B
:10730000276EDE5004E0E66E272EFBD704D0200E59
:10731000E66E272EFCD71200D9CF01F028EE00F040
:10732000180E276EDE500BE0B0EC39F0D8A40FEC4D
:1073300006F054A402D026EC05F0272EF3D70EEC6D
:1073400006F02750180A08E1000EF86E950EF76E49
:10735000600EF66E3EEC06F001C0D9FF54941200A8
:10736000006E54A409D0000EF86E980EF76E6E0EE3
:10737000F66E200E001813E0000EF86E980EF76EF1
:10738000760EF66E2F0E00180AE0000EF86E980EBC
:10739000F76E7E0EF66E2D0E001801E005D00EEC95
:1073A00006F03EEC06F0006A00501200180E276E40
:1073B00028EE00F0DE6A272EFDD7000EE8CF5CF83D
:1073C00012002CEC08F06FEC1FF0160EE66E24C6CF
:1073D000E8FF060A02E1420E13D024C6E8FF070ABE
:1073E00002E1430E0DD024C6E8FF080A02E14B0E6D
:1073F00007D024C6E8FF090A02E15B0E01D0FF0EA8
:10740000E66E28C6E6FFFD0EE66EB6EC07F04FA26C
:1074100026D01EEC1FF046B22CEF3AF024C6E8FF4F
:10742000060A02E1010E13D024C6E8FF070A02E1B2
:10743000020E0DD024C6E8FF080A02E1030E07D0B1
:1074400024C6E8FF090A02E1040E01D0FF0EE8CFCE
:1074500025F630EC3AF003D0A7EC40F04F92120042
:107460002CEC08F054906FEC1FF0160EE66E25C65B
:10747000E8FF010A0AE1000EF86E960EF76EBA0EEA
:10748000F66E3EEC06F0420E2BD025C6E8FF020A4F
:107490000AE1000EF86E960EF76EE80EF66E3EEC00
:1074A00006F0430E1DD025C6E8FF030A0AE1000ED0
:1074B000F86E970EF76E020EF66E3EEC06F04B0E6F
:1074C0000FD025C6E8FF040A0AE1000EF86E970EF9
:1074D000F76E1E0EF66E3EEC06F05B0E01D0FF0E50
:1074E000E66EFD0EE66EB6EC07F04FA239D01EEC4C
:1074F0001FF046B2ACEF3AF006C7E8FF000AD8B476
:1075000028D0548025C6E8FF040A05E006C7E8FF36
:10751000010A1CE016D006C7E8FF020A09E0000EC7
:10752000F86E970EF76E420EF66E3EEC06F018D02F
:10753000000EF86E970EF76E360EF66E3EEC06F005
:107540000FD0C2EC40F04F9254900AD045EC07F0B7
:1075500007D03CEC07F004D0A7EC40F04F9200D0ED
:1075600012002CEC08F06FEC1FF01B0EE66E25C627
:10757000E8FF010A02E1000E13D025C6E8FF020A67
:1075800002E1010E0DD025C6E8FF030A02E1020E5A
:1075900007D025C6E8FF040A02E1070E01D0FF0E5E
:1075A000E66EFD0EE66EB6EC07F04FA290D01EEC34
:1075B0001FF046B289D025C6E8FF030A24E025C69D
:1075C000E8FF040A6BE007C7E8FFF00BE838300F6C
:1075D0000FEC06F007C7E8FF0F0B300F0FEC06F0BB
:1075E00008C7E8FFF00BE838300F0FEC06F02E0E5E
:1075F0000FEC06F008C7E8FF0F0B300F0FEC06F09A
:107600000EEC06F064D007C7E8FF0F0B300F0FEC4D
:1076100006F0200E0FEC06F008C7E8FFF00BE83884
:10762000300F0FEC06F0200E0FEC06F008C7E8FF55
:107630000F0B300F0FEC06F00EEC06F006C7E8FF5C
:10764000110A09E1000EF86E970EF76E680EF66EDD
:107650003EEC06F022D006C7E8FF100A09E1000E52
:10766000F86E970EF76E480EF66E3EEC06F015D0EB
:1076700006C7E8FF010A09E1000EF86E970EF76EE3
:10768000580EF66E3EEC06F008D0000EF86E8F0E27
:10769000F76EFC0EF66E3EEC06F019D006C7E8FF5A
:1076A000F00BE838300F0FEC06F0200E0FEC06F070
:1076B00006C7E8FF0F0B300F0FEC06F00EEC06F0DC
:1076C00006D03CEC07F003D0A7EC40F04F922C6AB8
:1076D0001200549E2CEC08F06FEC1FF0070EE66EC3
:1076E000D20EE66E000E4ABE010EE66EFD0EE66E8E
:1076F000B6EC07F04FA223D01EEC1FF046B21DD00F
:107700004ABE0FD04D0E0FEC06F0610E0FEC06F0E6
:10771000690E0FEC06F06E0E0FEC06F00EEC06F0A4
:107720000ED0530E0FEC06F0750E0FEC06F0620E45
:107730000FEC06F00EEC06F002D095EC40F01200D3
:10774000549E2CEC08F06FEC1FF0070EE66EB00EA6
:10775000E66EFD0EE66EB6EC07F04FA20FD01EEC03
:107760001FF046B209D0000EF86E990EF76EC60EE5
:10777000F66E3EEC06F002D095EC40F01200549EFE
:107780002CEC08F06FEC1FF050B80BD050BA09D0B9
:1077900050BC07D050BE05D051BE03D052B406D065
:1077A0000CD0070EE66ED00EE66E0BD0070EE66E1E
:1077B000D20EE66E000EE66E04D0070EE66E000EE8
:1077C000E66EFD0EE66EB6EC07F04FA200D012009A
:1077D000549E2CEC08F06FEC1FF050B80BD050BA50
:1077E00009D050BC07D050BE05D051BE03D052B412
:1077F00006D00CD0070EE66ED10EE66E0BD0070E4B
:10780000E66ED20EE66E010EE66E04D0070EE66E50
:10781000010EE66EFD0EE66EB6EC07F04FA200D04C
:107820001200300E006E01EE30F003C027F0085257
:1078300004E0081C070F076E61D0030E031824E153
:10784000000EEB50390A20E1010EEB50390A1CE121
:10785000020EEB50390A18E1320ED9EC05F0000E99
:10786000F86E900EF76ED00EF66E3EEC06F0C80E77
:10787000D9EC05F0F29EF29C6BEC46F07CEC46F005
:10788000C80ED9EC05F0FF00030E031818E1000E36
:10789000EB50370A14E1010EEB50370A10E1020EEB
:1078A000EB50370A0CE1320ED9EC05F0000EF86E01
:1078B000990EF76EDA0EF66E3EEC06F093D0040EDB
:1078C000076E010E03181AE0030E076E020E03186E
:1078D00015E0020E076E030E031810E0040E076E8B
:1078E000040E03180BE0030E076E050E031806E0E6
:1078F000020E076E060E031801E074D0270627500B
:10790000EBCF2BF000C0EBFF07242BC0EBFF27527F
:10791000D8A4F4D727C6E8FF000A03E1BFEC3BF088
:1079200008D027C6E8FF010A03E1E8EC3BF001D0EC
:1079300009D04FA257D004C7E8FFFB0A03E08CEC44
:1079400040F050D06FEC1FF0050EE66E39C1E8FF35
:10795000D00FE838006E3AC1E8FFD00F0024E66E81
:10796000E8CF02F637C1E8FFD00FE838006E38C123
:10797000E8FFD00F0024E66EE8CF03F635C1E8FF3C
:10798000D00FE838006E36C1E8FFD00F0024E66E55
:10799000E8CF04F633C1E8FFD00FE838006E34C1F9
:1079A000E8FFD00F0024E66EE8CF05F631C1E8FF0E
:1079B000D00FE838006E32C1E8FFD00F0024E66E29
:1079C000E8CF06F6FD0EE66EB6EC07F04FA20AD041
:1079D0001EEC1FF046B204D0FF0EE8CF13F602D023
:1079E000A7EC40F0086A12002CEC08F002C6E8FF91
:1079F000FF0A09E1000EF86E920EF76E620EF66E47
:107A00003EEC06F037D06FEC1FF0050EE66E02C6B6
:107A1000E8FFE66E03C6E8FFE66E04C6E8FFE66E22
:107A200005C6E8FFE66E06C6E8FFE66EFD0EE66EEA
:107A3000B6EC07F04FA21ED01EEC1FF046B218D0D5
:107A400013C6E8FFFF0A16E00F0ED9EC05F06FEC45
:107A50001FF0060EE66E13C6E8FFE66E14C6E8FFDA
:107A6000E66EFD0EE66EB6EC07F04FA203D002D034
:107A7000A7EC40F012000350010A08E10B0E276E3C
:107A8000300E01EE30F0EE6E272EFDD70C0E0318EF
:107A900006E103065DEC05F0CFEC04F006D001EE44
:107AA00030F00350E80604C0EBFF12000350010A57
:107AB00008E126C627F0300E01EE30F0EE6E272EDC
:107AC000FDD726C6E8FF036406D003065DEC05F08B
:107AD000CFEC04F006D001EE30F00350E80604C00D
:107AE000EBFF1200300E006E01EE30F003C027F005
:107AF000000EE8CF0EF3E8CF0FF3E8CF10F3E8CF96
:107B000011F3010E031806E130C1E8FFD00FE8CFF2
:107B100012F31DD0020E03180BE130C1E8FFD00FA5
:107B2000E8CF11F331C1E8FFD00FE8CF12F30FD047
:107B300030C1E8FFD00FE8CF10F331C1E8FFD00F1C
:107B4000E8CF11F332C1E8FFD00FE8CF12F3E5EC34
:107B50003EF012002CEC08F0300E006E01EE30F01A
:107B600003C027F0000EE8CF35F6E8CF36F6E8CFB1
:107B700037F6010E031807E130C1E8FFD00FE838EF
:107B8000E8CF37F651D0020E03180CE130C1E8FF00
:107B9000D00FE8CF36F631C1E8FFD00FE838E8CF94
:107BA00037F642D0030E031828E130C1E8FFCD0FAD
:107BB000D8A011D030C1E8FFD00FE8CF36F631C1E0
:107BC000E8FFD00F006E003A32C1E8FFD00F00107E
:107BD000E8CF37F629D030C1E8FFD00F006E003A69
:107BE00031C1E8FFD00F0010E8CF36F632C1E8FF10
:107BF000D00FE838E8CF37F617D030C1E8FFD00F04
:107C0000006E003A31C1E8FFD00F0010E8CF36F621
:107C100032C1E8FFD00F006E003A33C1E8FFD00F49
:107C20000010E8CF37F600D06FEC1FF01B0EE66EA9
:107C300024C6E8FF060A02E1000E07D024C6E8FFCA
:107C4000070A02E1010E01D0FF0EE66E35C6E8FF1D
:107C5000E66E36C6E8FFE66E37C6E8FFE66EFD0E56
:107C6000E66EB6EC07F04FA244EF3EF01EEC1FF0BC
:107C700046B201D009D0000EF86E970EF76EB80E1E
:107C8000F66E3EEC06F04F92086A12002CEC08F0FB
:107C9000300E006E01EE30F003C027F0000EE8CF8A
:107CA00035F6E8CF36F6E8CF37F6010E031806E1D1
:107CB00030C1E8FFD00FE8CF37F620D0020E03180E
:107CC0000CE130C1E8FFD00F006E003A31C1E8FF8F
:107CD000D00F0010E8CF37F611D030C1E8FFD00F39
:107CE000E8CF36F631C1E8FFD00F006E003A32C15E
:107CF000E8FFD00F0010E8CF37F600D06FEC1FF090
:107D00001B0EE66E24C6E8FF080A02E1020E07D049
:107D100024C6E8FF090A02E1070E01D0FF0EE66E55
:107D200024C6E8FF080A05E024C6E8FF090A0DE0BA
:107D30001CD029C6E8FFE66E36C6E8FFE66E37C6F9
:107D4000E8FFE66EFD0EE66E06D037C6E8FFE66E8B
:107D5000FD0EE66E00D0B6EC07F04FA2BEEF3EF08F
:107D60001EEC1FF046B201D009D0000EF86E970E3F
:107D7000F76EB80EF66E3EEC06F04F92086A1200EF
:107D80002CEC08F0D4EC08F04FA21DD005C702F689
:107D900006C703F607C704F608C705F609C706F6BF
:107DA000640ED9EC05F0DEEC08F04FA20CD000C652
:107DB00013F601C614F6000EF86E8F0EF76EA00EC5
:107DC000F66E3EEC06F02C6A1200030111510F25ED
:107DD000146F14270E35136F1039102514270F5107
:107DE0001327143713371039112514270E39D8B03B
:107DF000010913270F39145FD8A01307D89014373F
:107E000013370E39122514270E51D8B00E05135F03
:107E10000001120002010B510D5D02E10C510E5DDB
:107E20000001120003010C6B180E0D6F08350937A5
:107E30000A370C3708370B510C5FD8B0088108A1FE
:107E40000C270D2FF3D700011200016E0A0E0164FA
:107E500002D00A0E016E000EFB6E7E0EFA6E014419
:107E6000016E6C0E0124D8B0FA2AF96E0B0C220CAC
:107E70003A0C510C680C800C970CAE0CC50CDD0C48
:107E8000F40C1200016E640E016402D0640E016EE7
:107E9000000EFB6E7E0EFA6E0144016EA60E0124EA
:107EA000D8B0FA2AF96E000C030C060C080C0B0C67
:107EB0000D0C100C120C150C180C1A0C1D0C1F0CB0
:107EC000220C240C270C290C2C0C2F0C310C340CFC
:107ED000360C390C3B0C3E0C400C430C460C480C49
:107EE0004B0C4D0C500C520C550C580C5A0C5D0C94
:107EF0005F0C620C640C670C690C6C0C6F0C710CE1
:107F0000740C760C790C7B0C7E0C800C830C860C2C
:107F1000880C8B0C8D0C900C920C950C980C9A0C78
:107F20009D0C9F0CA20CA40CA70CA90CAC0CAF0CC4
:107F3000B10CB40CB60CB90CBB0CBE0CC00CC30C11
:107F4000C60CC80CCB0CCD0CD00CD20CD50CD80C5C
:107F5000DA0CDD0CDF0CE20CE40CE70CE90CEC0CA9
:107F6000EF0CF10CF40CF60CF90CFB0CFE0CFF0CF6
:107F70001200006E016A160E006425D0012A2E0E32
:107F8000006421D0012A450E00641DD0012A5C0E38
:107F9000006419D0012A740E006415D0012A8B0EDA
:107FA000006411D0012AA20E00640DD0012AB90E7E
:107FB000006409D0012AD10E006405D0012AE80E20
:107FC000006401D0012A01501200006ED890E832FE
:107FD000D890E8320024E8380F0BE86ED8B0E88873
:107FE000D890E8321200006EFF0A02E1640E12001F
:107FF0000050D8900032D8900032D890003200263D
:10800000003200260032D8900030120036EC1FF00B
:10801000F00BE838300F0FEC06F036EC1FF00F0BCA
:10802000300F0FEC06F00EEC06F01200000EE8CF59
:108030000EF3E8CF0FF33FEC1FF0E8CF10F336EC70
:108040001FF0F00BE838E8CF11F336EC1FF00F0B00
:10805000E8CF12F3E5EC3EF014C3E8FFB9EC3FF0D3
:10806000B2EC06F00EEC06F01200000EE8CF0EF3B4
:10807000E8CF0FF33FEC1FF0E8CF10F336EC1FF022
:10808000F00BE838E8CF11F336EC1FF00F0BE8CF18
:1080900012F3E5EC3EF014C3E8FFF3EC3FF0B2EC72
:1080A00006F00EEC06F01200030113390F0BF00F6F
:1080B0000F6F0F27E20F106F320F126F13510F0B5C
:1080C000102710271227E90F116F112711271439D4
:1080D0000F0B1127122711371237121F12371451A5
:1080E0000F0B12270F37070E0E6F0A0E11071227FC
:1080F000D8A076EF40F010071127D8A07BEF40F012
:108100000F071027D8A080EF40F00E070F27D8A048
:1081100085EF40F000011200000EF86E8F0EF76E32
:10812000440EF66E3EEC06F01200000EF86E960E4F
:10813000F76E220EF66E3EEC06F00FC2E8FF0FEC73
:1081400006F00EEC06F0200EE8CF0FF21200000E43
:10815000F86E970EF76E8A0EF66E3EEC06F00FC2C2
:10816000E8FF0FEC06F00EEC06F0200EE8CF0FF261
:108170001200000EF86E970EF76ECA0EF66E3EEC09
:1081800006F01200000EF86E910EF76E5A0EF66EA3
:108190003EEC06F012002CEC08F05DEC05F06FEC04
:1081A0001FF0200EE66E000EE66E020EE66EFD0E6D
:1081B000E66EB6EC07F04FA207D01EEC1FF046B2F9
:1081C00001D002D095EC40F02C6A120000014896D4
:1081D0008E5000000F01126B0E01CA99C289000176
:1081E00012002CC041F02C50B2EC06F027EE00F04B
:1081F00026EC05F0DECFE8FF7EEC06F0FD0A02E09B
:10820000412EF6D70EEC06F04FAE120026EC05F02C
:10821000000EF86E990EF76E640EF66E3EEC06F0E8
:10822000640ED9EC05F048A6FBD74896120050B072
:10823000000EFB6E820EFA6E0444016E460E01249F
:10824000D8B0FA2AF96E10D013D016D019D01CD09D
:108250001FD022D025D028D02BD02ED031D034D052
:1082600037D03AD03DD0120056D863D896D84DD0EA
:1082700052D85FD89FD849D04ED85BD8A8D845D01F
:108280004AD857D8B1D841D046D860D886D83DD042
:1082900042D85CD88FD839D03ED858D898D835D065
:1082A0003AD854D8A1D831D036D85DD876D82DD088
:1082B00032D859D87FD829D02ED855D888D825D0AB
:1082C0002AD851D891D821D026D85AD866D81DD0CE
:1082D00022D856D86FD819D01ED852D878D815D0F1
:1082E0000AEC05F04ABE04D016D84AD87DD80DD085
:1082F000000EF86E950EF76E900EF66E3EEC06F0E0
:10830000476A47804A6A036A04D00EEC06F0CFEC55
:1083100004F0046A1200010E0FEC06F02350300F37
:108320000FEC06F0300E0FEC06F04A0E0FEC06F0E4
:108330001200300E0FEC06F0360E0FEC06F0390E80
:108340000FEC06F0370E0FEC06F01200300E0FECBB
:1083500006F0370E0FEC06F0370E0FEC06F0300E7D
:108360000FEC06F01200300E0FEC06F0380E0FEC9A
:1083700006F0350E0FEC06F0320E0FEC06F0120090
:10838000300E0FEC06F0390E0FEC06F0340E0FEC49
:1083900006F0310E0FEC06F01200310E0FEC06F075
:1083A000320E0FEC06F0300E0FEC06F0390E0FEC2B
:1083B00006F01200310E0FEC06F0330E0FEC06F053
:1083C000330E0FEC06F0360E0FEC06F01200310EF5
:1083D0000FEC06F0340E0FEC06F0370E0FEC06F043
:1083E000370E0FEC06F01200310E0FEC06F0360ED1
:1083F0000FEC06F0330E0FEC06F0330E0FEC06F028
:10840000120048AC10D0000EF86E900EF76E140EED
:10841000F66E3EEC06F0246A0AEC03F0010E3B6EA9
:108420004D80489C0FD0000EF86E900EF76E1C0E1B
:10843000F66E3EEC06F0248015EC03F0010E3B6E68
:108440004D80488C47EC03F00E01C691C695C69945
:10845000CA9BCE91CE95CE990F01126B0001036A93
:1084600048904892256A4B944B964B984B9A479666
:10847000120049B0280649B2282A2828295CD8B415
:108480002AC028F02A28286029C028F02850120085
:10849000000EFB6E840EFA6E0F44016EA60E0124D0
:1084A000D8B0FA2AF96E16D03ED066D08ED0B6D0AB
:1084B000DED006D12ED156D181D1AAD1D6D1FCD1D0
:1084C00022D23DD263D289D2A4D2D8D20CD327D320
:1084D0004DD3120010C028F0090E2A6E39EC42F07C
:1084E000106E010E0FEC06F010C0E8FFB2EC06F0C3
:1084F000560E0FEC06F00D0E0FEC06F048A808D053
:10850000000EF86E8D0EF76E960EF66E3EEC06F0CF
:1085100047A4DDEF45F01050B2EC06F00D0E0FEC65
:1085200006F0DDEF45F011C028F00D0E2A6E39EC93
:1085300042F0116E010E0FEC06F011C0E8FFB2EC34
:1085400006F0530E0FEC06F00D0E0FEC06F048A8E7
:1085500008D0000EF86E8D0EF76EA00EF66E3EEC93
:1085600006F047A4DDEF45F01150B2EC06F00D0E19
:108570000FEC06F0DDEF45F012C028F0630E2A6E16
:1085800039EC42F0126E010E0FEC06F012C0E8FF5B
:10859000B2EC06F0500E0FEC06F00D0E0FEC06F0EC
:1085A00048A808D0000EF86E8D0EF76EA80EF66E75
:1085B0003EEC06F047A4DDEF45F01250B2EC06F0B9
:1085C0000D0E0FEC06F0DDEF45F013C028F0090E9C
:1085D0002A6E39EC42F0136E010E0FEC06F013C058
:1085E000E8FFB2EC06F0410E0FEC06F00D0E0FECBA
:1085F00006F048A808D0000EF86E8D0EF76EB00E8B
:10860000F66E3EEC06F047A4DDEF45F01350B2ECF9
:1086100006F00D0E0FEC06F0DDEF45F014C028F06B
:10862000090E2A6E39EC42F0146E010E0FEC06F0C2
:1086300014C0E8FFB2EC06F0450E0FEC06F00D0E8C
:108640000FEC06F048A808D0000EF86E8D0EF76EFD
:10865000C00EF66E3EEC06F047A4DDEF45F0145078
:10866000B2EC06F00D0E0FEC06F0DDEF45F015C094
:1086700028F0090E2A6E39EC42F0156E010E0FEC4F
:1086800006F015C0E8FFB2EC06F0520E0FEC06F053
:108690000D0E0FEC06F048A808D0000EF86E8D0EF7
:1086A000F76ECE0EF66E3EEC06F047A4DDEF45F019
:1086B0001550B2EC06F00D0E0FEC06F0DDEF45F0B4
:1086C00016C028F0630E2A6E39EC42F0166E010EC9
:1086D0000FEC06F016C0E8FFB2EC06F0460E0FEC09
:1086E00006F00D0E0FEC06F048A808D0000EF86E4C
:1086F0008D0EF76ED80EF66E3EEC06F047A4DDEF59
:1087000045F01650B2EC06F00D0E0FEC06F0DDEF62
:1087100045F017C028F0020E2A6E39EC42F0176EB1
:10872000010E0FEC06F017C0E8FFB2EC06F0580E91
:108730000FEC06F00D0E0FEC06F048A808D0000E66
:10874000F86E8D0EF76EEC0EF66E3EEC06F047A45A
:10875000DDEF45F01750B2EC06F00D0E0FEC06F011
:10876000DDEF45F018C028F00A0E2A6E39EC42F011
:10877000186E010E0FEC06F018C0E8FFB2EC06F020
:108780004F0E0FEC06F00D0E0FEC06F048A808D0C7
:10879000000EF86E8D0EF76EF40EF66E3EEC06F0DF
:1087A00047A4DDEF45F01850B2EC06F00D0E0FECCB
:1087B00006F047B4DFEC45F0DDEF45F019C028F0D6
:1087C000010E2A6E39EC42F0196E48A808D0000E4E
:1087D000F86E8D0EF76EFC0EF66E3EEC06F047A4BA
:1087E000DDEF45F019660AD0000EF86E8E0EF76EBA
:1087F000660EF66E3EEC06F0DDEF45F0000EF86E0C
:108800008E0EF76E720EF66E3EEC06F0DDEF45F062
:108810001AC028F01E0E2A6E040E296E39EC42F0A2
:108820001A6E040A02E0488401D0489448A808D08F
:10883000000EF86E8E0EF76E160EF66E3EEC06F01B
:1088400047A4BBD11A50040A09E1000EF86E8E0E3F
:10885000F76E660EF66E3EEC06F0AFD11A50B2EC33
:1088600006F00D0E0FEC06F0A8D11BC028F0010E8B
:108870002A6E39EC42F01B6E48A808D0000EF86E44
:108880008E0EF76E2E0EF66E3EEC06F047A495D1D6
:108890001B6609D0000EF86E8E0EF76E660EF66E31
:1088A0003EEC06F08AD1000EF86E8E0EF76E720E58
:1088B000F66E3EEC06F081D11CC028F0010E2A6E47
:1088C00039EC42F01C6E48A808D0000EF86E910EEC
:1088D000F76EA60EF66E3EEC06F047A46ED11C664F
:1088E00009D0000EF86E8E0EF76E660EF66E3EEC38
:1088F00006F063D1000EF86E8E0EF76E720EF66EF5
:108900003EEC06F05AD11DC028F0320E2A6E0C0E35
:10891000296E39EC42F01D6E48A808D0000EF86EA2
:10892000910EF76EBE0EF66E3EEC06F047A445D1F2
:108930001D50B2EC06F00D0E0FEC06F03ED11EC03D
:1089400028F0010E2A6E39EC42F01E6E48A808D0BD
:10895000000EF86E910EF76EF20EF66E3EEC06F01B
:1089600047A42BD11E6609D0000EF86E8E0EF76E4E
:10897000660EF66E3EEC06F020D1000EF86E8E0EFE
:10898000F76E720EF66E3EEC06F017D11FC028F09F
:10899000010E2A6E39EC42F01F6E48A808D0000E76
:1089A000F86E920EF76E0E0EF66E3EEC06F047A4D1
:1089B00004D11F6609D0000EF86E8E0EF76E660E9B
:1089C000F66E3EEC06F0F9D0000EF86E8E0EF76EE5
:1089D000720EF66E3EEC06F0F0D020C028F0140EB9
:1089E0002A6E030E296E39EC42F0206E48A808D09A
:1089F000000EF86E8E0EF76E3A0EF66E3EEC06F036
:108A000047A4DBD02050B2EC06F00D0E0FEC06F0C0
:108A1000D4D021C028F0A00E2A6E000E296E39ECA9
:108A200042F0216E48A808D0000EF86E950EF76E41
:108A3000F60EF66E3EEC06F047A4BFD02150A00A19
:108A400009E1000EF86E970EF76EE40EF66E3EEC3E
:108A500006F0B3D02150F00BE83895EC06F00FEC9F
:108A600006F0200E0FEC06F021500F0B95EC06F0EF
:108A70000FEC06F00D0E0FEC06F09FD022C028F090
:108A8000A00E2A6E000E296E39EC42F0226E48A824
:108A900008D0000EF86E960EF76E0C0EF66E3EECD9
:108AA00006F047A48AD02250A00A09E1000EF86E11
:108AB000970EF76EE40EF66E3EEC06F07ED0225076
:108AC000F00BE83895EC06F00FEC06F0200E0FECFA
:108AD00006F022500F0B95EC06F00FEC06F00D0E91
:108AE0000FEC06F06AD023C028F0050E2A6E010EA6
:108AF000296E39EC42F0236E48A808D0000EF86EBB
:108B0000950EF76E7C0EF66E3EEC06F047A455D03F
:108B10002350B2EC06F00D0E0FEC06F04ED024C040
:108B200028F0010E2A6E39EC42F0246E48A808D0D5
:108B3000000EF86E900EF76E240EF66E3EEC06F008
:108B400047A43BD0246609D0000EF86E900EF76E55
:108B5000140EF66E3EEC06F030D0000EF86E900E5D
:108B6000F76E1C0EF66E3EEC06F027D025C028F0FE
:108B7000010E2A6E39EC42F0256E47A41ED0256600
:108B800009D0000EF86E900EF76E540EF66E3EECA5
:108B900006F013D0000EF86E900EF76E320EF66EE1
:108BA0003EEC06F00AD047A408D0000EF86E8E0EF8
:108BB000F76EDC0EF66E3EEC06F0296A1200050E2A
:108BC000136E050E146E156A010E176E000EFB6E05
:108BD0008B0EFA6E1844016EE20E0124D8B0FA2A08
:108BE000F96E0BD00FD019D01FD029D02FD039D08B
:108BF00043D04BD051D057D01200320E126E320EED
:108C0000166E57D00A0E126E040E136E060E146EF8
:108C1000030E156E280E166E4CD0280E126E2E0EF8
:108C2000166E000E176E45D03C0E126E060E136EB9
:108C3000040E146E340E166E020E176E3AD0280E05
:108C4000126E090E156E320E166E33D0320E126E83
:108C5000060E136E070E146E280E166E000E176E9B
:108C600028D0320E126E060E136E070E146E280EEA
:108C7000166E000E176E1DD0500E126E000E146E82
:108C8000060E156E360E166E14D0140E126E020EEF
:108C9000156E0F0E166E0DD03C0E126E620E166E15
:108CA000020E176E06D0630E126E430E166E020E83
:108CB000176E120000EE0FF0170E276E010E7F6E7A
:108CC000000E7E6E819C819E81808050EE6E7E2A99
:108CD000272EF8D7120000EE0FF0170E276E010EA8
:108CE0007F6E600E7E6E819C819E81808050EE6ED4
:108CF0007E2A272EF8D7120000EE0FF0010E7F6EAD
:108D0000000E7E6E276E27507E6EEE50806E819C28
:108D1000819E8184F29EF29C550E826EAA0E826E16
:108D2000818281B2FED7D19B8194272A2750170ACE
:108D3000EAE1F28EF28C120048616D506F640D0012
:108D4000310D0000320D0000330D0000410D000018
:108D5000340D0000350D0000360D0000420D0000FE
:108D6000370D0000380D0000390D0000430D0000E4
:108D7000737461720D00506F696E740D0000300DD8
:108D80000000706F756E640D0000456E7465720DA5
:108D90000000440D000020566F6C756D65200000CA
:108DA000207370656564200020706974636820001A
:108DB000206172746963756C6174696F6E20000064
:108DC0002065787072657373696F6E200000207281
:108DD000657665726220000020666F726D616E7448
:108DE000206672657175656E6379200020746F6E00
:108DF0006520000020766F6963652000204B65794F
:108E000020426565702000004B65792054696D65CE
:108E1000204F757420004B65792054696D65204F93
:108E20007574204475726174696F6E200000566518
:108E300072626F73697479200000436F6D6D756E97
:108E400069636174696F6E732054696D654F7574E1
:108E500020002041626F72742C200D0020456E614D
:108E6000626C65640D002044697361626C65640D19
:108E700000004F6E200D00004F6666200D0020534D
:108E80007065656368204F6E0D00205370656563E3
:108E9000682064697361626C65640D0020537065BD
:108EA0006563682069732064697361626C65640D31
:108EB00000002001324A32353030303030300D0081
:108EC0001E01324A33303030303030300D00200156
:108ED000324A32303030303030300D002001324AEA
:108EE00031303030303530300D00200130336A30D1
:108EF000363030303030300D200130356A3035308A
:108F000030303030300D0000200130376A303630DC
:108F100030303030300D200130376A30353030306D
:108F20003030300D0000200130376A3035303030BD
:108F30003030300D200130376A303630303030304C
:108F4000300D00002001326A30383030303530309A
:108F50000D0054696D65204F75740D00436F6E668A
:108F6000696775726174696F6E204D6F64650D007D
:108F7000436F6E66696775726174696F6E205361C5
:108F80007665640D0000436F6E6669677572617483
:108F9000696F6E206E6F742073617665640D0000DA
:108FA00053617665640D0000526543616C6C0D0081
:108FB000436C6561720D0000436C65617220456E03
:108FC0007472790D0000556E6B6E6F776E0D000038
:108FD00053686966740D0000536869667420320D29
:108FE00000005368696674204F66660D0000436890
:108FF00065636B20526164696F0D00004E6F726D86
:10900000616C0D00526164696F2054696D65204F79
:1090100075740D00506F727420310D00506F7274B2
:1090200020320D00506F776572204F6E20746F20D4
:109030000000456E74657220746F2052657365740C
:10904000206F72205374617220746F20466C6173BC
:10905000680D0000526573657420616E6420466C73
:10906000617368696E672044697361626C65640D41
:10907000000052657365740D0000526573657420BD
:109080004E6F773F0D00526573746F726520746F79
:1090900020466163746F72792044656661756C74F3
:1090A000733F2C2050726573732031746F2072658A
:1090B00073746F72652C20616E79206F74686572AD
:1090C000206B657920746F2061626F72742E0D00C1
:1090D00044656661756C747320726573746F726534
:1090E000642C20506572666F726D696E67205265E0
:1090F0007365740D000057616974696E6720666F4F
:1091000072204669726D776172652120416E792007
:109110004B657920546F2041626F72740D00466C6C
:10912000617368696E670D004175746F200D0000F2
:10913000466173740D004D656469756D0D00536C67
:109140006F770D00457869742057617463680D006E
:10915000535752206973200D0000496E76616C6987
:109160006420446174610D0044617461204C656E3B
:10917000677468204572726F720D0000496E7661E7
:109180006C6964204865616465720D0044617461B6
:10919000204572726F720D005175657279204572AB
:1091A000726F720D00004672657175656E6379208D
:1091B000416E6E6F756E63656D656E7420004672EC
:1091C000657175656E637920416E6E6F756E63654E
:1091D0006D656E742044656C6179200046204127DE
:1091E00020422C202044617461204572726F720D00
:1091F00000004127204620616E64207220462061D5
:109200006E6E6F756E63656D656E742000004672DC
:10921000657175656E637920506C7573204D6F6450
:1092200065200000537562200D00422053657420B4
:109230004F6E2C200D004E6F7420617661696C6159
:10924000626C652077697468204220536574204FF2
:109250006E2C200D00004672657175656E63790D88
:1092600000002C20496E76616C696420467265713D
:1092700075656E63790D000041200D0042200D00E0
:10928000412046204761696E0D00416E74656E6E27
:10929000610D0000525820416E74656E6E610D00C4
:1092A000436F6D7072657373696F6E0D00004320BC
:1092B0005720616E64204461746120537461747539
:1092C000730D000046696C74657220576964746898
:1092D0000D004D696B65204761696E0D00004B659F
:1092E0007965722053706565640D00004D6F6E697D
:1092F000746F72204C6576656C0D000050726520AD
:10930000416D700D0000506F7765720D00004E6F5B
:1093100069736520426C616E6B65720D00004E4290
:10932000204C6576656C200D0000417474656E7587
:109330006174696F6E0D000046696C746572204E31
:10934000756D6265720D000053706C6974200D00BC
:1093500041204D0D00004D6F6465200D000043203D
:10936000570D00004320572052657665727365647F
:109370000D00446174610D00446174612052657692
:1093800065727365640D000046204D0D0000552088
:109390005320420D00004C205320420D0000412775
:1093A0002046534B0D0046534B0D000046205320E2
:1093B0004B2052657665727365640D0050534B0DFA
:1093C00000004E6F69736520526564756374696F40
:1093D0006E200D004E6F746368200D004175746F30
:1093E000204E6F746368200D00004D616E75616CD6
:1093F000204E6F746368200D00004D616E75616CC6
:109400000D00412720472043200D00004920462021
:1094100053686966740D00005220492054200D00E5
:109420005820492054200D00522049205420616EBC
:10943000642058204920542044697361626C65643B
:109440000D005472616E736D6974204F6E2056204A
:1094500046204F204127200D00005472616E736D2D
:109460006974204F6E20562046204F2042200D0068
:10947000564F582069732044697361626C65642C8F
:10948000200D000042616E640D0042616E64204F49
:1094900066660D003136306D0D0038306D0D000000
:1094A00036306D0D000034306D0D000033306D0D21
:1094B000000032306D0D000031376D0D0000313588
:1094C0006D0D000031326D0D000031306D0D00006A
:1094D000366D0D00326D0D0056204820460D0000FF
:1094E00037302063206D0D0055204820460D0000C8
:1094F000312E322047487A0D000047656E0D00007E
:109500004127204C20430D00506C75730D004D69B0
:109510006E75730D00004D656D6F72790D004261BF
:109520006E6B0D004368616E6E656C0D00004578D2
:109530006974204D656D6F72790D00005472616E13
:10954000736665720D00546F20562046204F2041EF
:10955000270D0000546F20562046204F20420D005A
:10956000456D7074790D00004E6172726F770D0059
:10957000576964650D0044544D460D0044544D46F2
:1095800020546F6E65204475726174696F6E0D00B2
:10959000457869742044544D460D00004920434FDE
:1095A0004D200D00522054205420592C2046205389
:1095B000204B0D00576964652046204D0D00522058
:1095C00054205420592052657665727365640D00ED
:1095D00053796E6368726F6E6F75732041204D0D05
:1095E000000050534B2052657665727365640D0020
:1095F0004420560D00004920434F4D20492044206F
:109600004F6E20506F727420312C20004920434F40
:109610004D20492044204F6E20506F727420322C10
:1096200020004661696C6564206F72204E6F742063
:10963000537570706F727465640D0000556E6465CB
:1096400066696E656420446174610D0041204720A5
:1096500043200D004D69640D00002C20522058203D
:1096600041204F6E0D002C205220582041204F6683
:10967000660D00004761696E200D00002C20416ED0
:109680007469204761696E200D002C20427265616B
:109690006B20496E200D000053656D69200D0000A0
:1096A00046756C6C200D00002C2044656C6179209F
:1096B0000D004475706C65780D00546F6E650D007B
:1096C00054756E696E6720537465700D00005246C4
:1096D0002053514C20436F6E74726F6C0D005371A8
:1096E00075656C63680D0000436F6E74696E756F0D
:1096F000757320546F6E6520537175656C63680DCA
:1097000000004469676974616C20546F6E65204382
:109710006F64656420537175656C63680D004469FE
:10972000676974616C20566F696365205371756554
:109730006C63680D000063616C6C205369676E0D8B
:109740000000436F64650D002C20542058205265A2
:109750007665727365640D002C2052205820526586
:109760007665727365640D002C2054205820616E5C
:1097700064205220582052657665727365640D002E
:109780004E6F20446174610D00004661696C656430
:109790000D005365742053746174757320466169BC
:1097A0006C65640D0000536574204C6576656C2013
:1097B0004661696C65640D0053657420546F6E6575
:1097C000204661696C65640D00005365740D0000EE
:1097D000536574204F66660D000043757272656EA6
:1097E000740D000041637175697265642046726F83
:1097F0006D20526164696F0D0000564F580D0000D6
:1098000053686172700D0000536F66740D005469E7
:109810006D650D0041205020460D0000526F6F66AF
:10982000696E672046696C7465720D00535342205F
:1098300054582042616E6477696474680D00535314
:109840004220545820546F6E650D00004475616CC1
:109850002057617463680D004420537461720D00D9
:1098600045786974204420537461720D0000537070
:109870006163650D0000536C6173680D0000446105
:1098800073680D004D792043616C6C5369676E0DF0
:1098900000005458204D6573736167650D0054587E
:1098A0002043616C6C5369676E0D00004E6F205051
:1098B0006172616D657465722053656C6563746572
:1098C000640D0000526561640D0057726974650D86
:1098D0000000436F707920546F20546578742042E3
:1098E00075666665720D00005772697465204C6973
:1098F0006E6B0D00577269746520556E4C696E6B06
:109900000D005772697465204563686F0D005772CA
:1099100069746520496E666F0D00526573746F72CD
:1099200065205520522043616C6C5369676E0D00B1
:109930004C6F7765722043617365200D00004D6F99
:1099400064696679204E616D650D0000496E76612F
:109950006C6964204E616D650D00536574204F6E17
:109960006C790D002C20416E79204B657920546F65
:1099700020436F6E74696E75650D0000416E7465ED
:109980006E6E612054756E65720D000054756E69BF
:109990006E670D004D656D6F7279205363616E0DBA
:1099A00000004F66667365740D004C6F636B0D00AD
:1099B0004469616C0D0050616E656C0D00004C6F68
:1099C000636B65640D0053776170205646204F0D20
:1099D000000044656275670D00002048616D506F9E
:1099E00064204920434F4D205265616465722C20EC
:1099F00056657273696F6E20322E303662312C20BC
:0E9A00006279204B2036204420512C200D008E
:020000040030CA
:01000000FA05
:01000100D727
:01000200DD20
:01000300FFFD
:010004009F5C
:01000500FFFB
:01000600FFFA
:01000700CF29
:01000800FFF8
:01000A00FFF6
:01000B00FFF5
:020000040031C9
:1001000000040632030300320100011E0101140045
:070110000105A0A0020000A0
:1001600000050632030300320100011401011400EE
:070170000105A0A002000040
:0603CA0048616D506F64F4
:1003D00020436F7079726967687420526F6265722A
:1003E00074204D2E2053616E74656C6C6F2032301A
:0203F0003230A9
:00000001FF
