:020000040000FA
:0800000000000000DBEF00F03E
:0200080008D01E
:02000A000000F4
:0200180085D091
:06001A008988E9CF03F321
:10002000EACF04F346BC3DD09EA813D09DA811D0C2
:1000300004010091192F02D09D980BD0040104EE09
:1000400001F01B51EBCFADFF1B2B180E1B19D8B4C1
:100050001B6B9DAA61D09EAA5FD0AECF9FF4060E07
:100060000F01AB1419E1040100B956D000A302D06E
:10007000008952D004EE1CF000959C2B800E9C1938
:1000800009E09D519FC4EBFF9D2B800E9D19D8B4B4
:100090009D6B42D0008340D0AB98AB8804010087B1
:1000A0003BD0A4A813D0A3A811D005010091192F0B
:1000B00002D0A3980BD0050105EE01F01B51EBCF48
:1000C00073FF1B2B180E1B19D8B41B6BA3AA24D0CB
:1000D000A4AA22D074CF9FF5060E711419E1050170
:1000E00000B91AD000A302D0008916D005EE1CF08A
:1000F00000959C2B800E9C1909E09D519FC5EBFF3C
:100100009D2B800E9D19D8B49D6B06D0008304D022
:10011000719871880501008704C3EAFF03C3E9FFF2
:10012000899811008988D8CF01F3E8CF00F3E0CF98
:1001300002F39DA009D09EA007D00001342E02D06A
:100140004A849D909E902FD0A0A20AD0A1A208D050
:100150000001352E03D04B80080E356EA19223D0BE
:10016000F2A609D0F2A007D0F2900001CAEC03F089
:100170008150000018D0F2AA0AD0F2A408D00001E1
:100180000252D8B44682D8A40206F2940CD07DA2C2
:1001900009D07EA207D00001362E02D047887D927A
:1001A0007E9201D000D002C3E0FF00C3E8FF01C38C
:1001B000D8FF89981000000000000F01896AC00E66
:1001C000386FC00E926E000E396FF00E936E616E36
:1001D000626EF19EF00E8A6E8B6A000E3A6FAE0E62
:1001E000946E8C6A000E3B6FA00E956E8D6A000EA9
:1001F0003C6F000E966E0F01F26AD08EF290F2966E
:10020000F190F298F292F09CF090F096F09EF092BD
:10021000F098F19CF19AF198D76AD66AD59ED59C50
:10022000D59AD598D596D584D582D580F29AF19471
:10023000F294CF6ACE6ACD80CC9CCC98CD92CD8AF8
:10024000CD883F91CC9ECC92CC90CD9ECD9CCD962E
:10025000CD949F909D90A3909E90B36AB26AB18016
:100260003F95B49EB49CB498B492B490B182B18AD4
:10027000B188B19EB19CB196B194A292A092A39282
:10028000A192506B4F6B4E814D9D4D994D934D9169
:100290004E834E8B4E893F994D9F4E9F4E9D4E975C
:1002A0004E957F927D92A3947E929F889F8AA58887
:1002B000A58AB8967096B06A766AAC6A726A0001CE
:1002C0008B8C8C8C046A036A026A286A456A4580B2
:1002D000466A476A486A496A4B6A4C6A4A6A4E6A81
:1002E000086A376A4A844468000EE8CFA1F5466A76
:1002F000476A8988469C32EC3AF022B0468CC4ECBE
:1003000005F046BCAFEC02F046ACA6EC02F0F29071
:10031000F286F2949E90A1927E9200018998F28ECC
:10032000F28CE3EC04F0C1EC02F076EC16F04784BA
:100330002D6AD5EC02F007EC05F0C1EC02F020C00C
:100340003BF07D927E9200014796E0EC02F047BEC2
:1003500010D0478620C03BF017EE00F02B5009C0AC
:10036000E3FF2B2A3B0E096204D04A82E1EC17F02E
:10037000EBD74BA005D047B603D03B2E01D0D3D747
:1003800047B8A5EC17F04BB037EC17F060EC04F071
:1003900046A623D0F29AD59E9CEC04F0ACEC04F077
:1003A00045A003D086EC2EF00FD045A203D059EC27
:1003B00031F00AD045AA03D066EC35F005D045A44B
:1003C0000CD004EC03F000D078EC04F0046A4696FC
:1003D00081500000F290F2860001B6D70F01AC8A7E
:1003E0009D989D8AAB6AAB8EAB880401196B1B6B21
:1003F0001A6B04019C6B9E6B9D6B0401006B0001EA
:1004000012000F01728AA398A38A716A718E718893
:100410000501196B1B6B1A6B05019C6B9E6B9D6B29
:100420000501006B0001120046BC15D004019C516F
:1004300002E10085000C04EE1CF09E51EBCFA0F40D
:100440009E2B800E9E19D8B49E6B9C07009300993A
:10045000A0C4E8FF120005019C5102E10085000CD8
:1004600005EE1CF09E51EBCFA0F59E2B800E9E1941
:10047000D8B49E6B9C0700930099A0C5E8FF1200BA
:1004800046BC20D00401A06F00B11AD0195107E179
:10049000A0C4ADFF1B2B180E1B19D8B41B6B04EEA8
:1004A00001F01A51A0C4EBFF1A2B180E1A19D8B478
:1004B0001A6B192B180E1919D8A401D000819D8828
:1004C000000112000501A06F00B11AD0195107E117
:1004D000A0C573FF1B2B180E1B19D8B41B6B05EEA0
:1004E00001F01A51A0C5EBFF1A2B180E1A19D8B437
:1004F0001A6B192B180E1919D8A401D00081A388E2
:1005000012000F0146BC07D0B896AC84230EAF6E24
:10051000010EB06E06D070967284230E756E010EB9
:10052000766E0001120046BC08D00F01B896AC945C
:10053000470EAF6E000EB06E07D00F01709672942A
:10054000470E756E000E766E00011200729A719859
:10055000A398A39A07EC05F0EEEC01F01200AC9A18
:10056000AB989D989D9A07EC05F001EC02F0120003
:100570004A98E650DE6203D02E2EFBD701D04A887F
:100580001200A092080E356E4B90B36AB26AA19227
:10059000A08212001DC036F04798000EE8CF50FF31
:1005A000E8CF4FFF7E927D8212002B6A800E46BC00
:1005B000800E256E17EE00F0E66A252EFDD712009C
:1005C000478E46BC0CD0040100B514D004019C51E8
:1005D00011E014EC02F0479EE8CF09F00BD00501C2
:1005E00000B508D005019C5105E014EC02F0479ECF
:1005F000E8CF09F0000112000900F550D8B412004C
:1006000040EC02F0F9D71200036A000EFB6E060EF2
:10061000FA6E0444016E200E0124D8B0FA2AF96E55
:10062000B0D0AFD0AED00DD0ACD0ABD0AAD016D019
:10063000A8D0A7D0A6D01ED037D0A3D085D089D03F
:1006400012000F2A0F50140AD8B40F6A46888FEC94
:1006500036F0469852EC04F0236A98D00F06130E39
:100660000F600F6E46888FEC36F0469852EC04F01F
:10067000236A8CD087EC04F048BE06D047828FEC0A
:1006800036F052EC04F082D054EC3AF0000EF86EE2
:10069000770EF76E200EF66EBBEC05F0456A4580CE
:1006A000F29AD59E236A72D02352D8B46AD0000E33
:1006B000F86E780EF76EA60EF66EBBEC05F0AC8405
:1006C000230EAF6E010EB06EA6EC02F0469C78ECE5
:1006D00004F0046A469681500000F290F286E0EC45
:1006E00002F047BE11D0C10E0962F9D79CEC04F0AC
:1006F000000EF86E780EF76ECE0EF66EBBEC05F0BF
:10070000320E56EC05F0FF0046A6E9D7F29AD59EC8
:1007100046909CEC04F0ACEC04F0000EF86E760E03
:10072000F76E020EF66EBBEC05F0320E56EC05F0DD
:10073000000EF86E780EF76E220EF66EBBEC05F02A
:10074000320E56EC05F0FF002352D8B41AD088EFD1
:1007500006F087EC04F048BE06D047808FEC36F0F8
:1007600052EC04F013D0000EF86E770EF76E360ED2
:10077000F66EBBEC05F0456A4580F29AD59E236A79
:1007800005D0DAEC04F052EC04F000D04792479028
:10079000046A1200056A052E01D07CD0066A062E76
:1007A00001D0F9D7811C006EF00BF9E0FE0E8A6EC5
:1007B000D9EF03F0DBEF03F0DDEF03F0DFEF03F041
:1007C000811CF00B10E00F0E046E00B866D00B0E0B
:1007D000046E00BA62D0070E046E00BC5ED0030E39
:1007E000046E00BE5AD0FD0E8A6EF6EF03F0F8EFED
:1007F00003F0FAEF03F0FCEF03F0811CF00B10E0C4
:100800000E0E046E00B849D00A0E046E00BA45D030
:10081000060E046E00BC41D0020E046E00BE3DD038
:10082000FB0E8A6E13EF04F015EF04F017EF04F0DF
:1008300019EF04F0811CF00B10E00D0E046E00B8EF
:100840002CD0090E046E00BA28D0050E046E00BC30
:1008500024D0010E046E00BE20D0F70E8A6E30EF59
:1008600004F032EF04F034EF04F036EF04F0811CB2
:10087000F00B10E00C0E046E00B80FD0080E046EE2
:1008800000BA0BD0040E046E00BC07D0000E046E3C
:1008900000BE03D0046A469602D04686F296F00E59
:1008A0008A6E120046A40BD0D76AD66AD584D59238
:1008B000D580468046921AC002F0F28AD58E120088
:1008C00046A0120046A212004690036A236A499687
:1008D0004998499A086A456A4580000EF86E770E75
:1008E000F76E020EF66EBBEC05F0F29AD59E120082
:1008F000F00E8A160000000055EC05F0811CF00B8C
:10090000FBE155EC05F0811CF00BFBE11200489E69
:10091000F00E8A1600000000320E056E55EC05F050
:10092000811CF00B08E0052EF9D7CCEC04F0070E83
:1009300056EC05F0488E1200180E8CEC05F0200ED7
:100940008CEC05F012002C0E8CEC05F0200E8CECDB
:1009500005F08BEC05F0120045BA1DD045A410D06F
:100960000F50090A0DE104500B0A01E105D00450B3
:100970000F0AD8A405D000D01952D8A40CD003D0A7
:10098000196601D008D0000EF86E760EF76E700E64
:10099000F66EBBEC05F0120019520BE0000EF86E7B
:1009A000760EF76E7E0EF66EBBEC05F0080E56EC7A
:1009B00005F01200000EF86E760EF76E8C0EF66ED5
:1009C000BBEC05F0120046BC0AD000D0000EF86E59
:1009D000770EF76EC40EF66EBBEC05F008D0000E75
:1009E000F86E770EF76ECC0EF66EBBEC05F01200CB
:1009F00046BC06D00401006B9C6B9D6B9E6B05D0C2
:100A00000501006B9C6B9D6B9E6B0001120046BC48
:100A100009D0800E256E040114EE1CF0E66A252E26
:100A2000FDD708D0800E256E050115EE1CF0E66A94
:100A3000252EFDD7000112004F90E8CF10F32F08AC
:100A400007E006E210C3E8FF3B0802E001E34F8045
:100A500010C3E8FF120003011451125F1351D8A014
:100A6000133D115F000112000301121F111F123DFF
:100A70001107112B126F11110001120003010B510C
:100A80000E6FD8900E370E370E270E370C510E27EB
:100A90000D6B000E0A6507D0D890640E0E27D8B0F3
:100AA0000D2B0A07F6D700011200010EE8CF05F35F
:100AB000200EE8CF06F35CEF05F05EEF05F060EF87
:100AC00005F062EF05F064EF05F00000F50EE8CFE9
:100AD00007F30000000007C3E8FFE806E8CF07F3CC
:100AE000FAE1000006C3E8FFE806E8CF06F3EEE10E
:100AF00005C3E8FFE806E8CF05F305E07FEF05F062
:100B000081EF05F0D5D712000E6E8CEC05F08BEC62
:100B100005F00E5012000D0E0D2E03D082B6FED73A
:100B20000D86F29EF29C0A6E0C0E0B6E8B90090ED7
:100B30000C6E0B2E99EF05F00C0E0B6E0C2E12D0D6
:100B40000000000000000000000000008B800D0E7F
:100B50000B6E0B2EA9EF05F00000F28EF28C0A321C
:100B60000A50120000000A32D8A003D000008B8087
:100B7000E0D78B90DED70900F550D8B4120082B6CA
:100B8000FED78CEC05F0F7D7320E56EC05F08BEC67
:100B900005F0230E56EC05F01E0E8CEC05F0010E50
:100BA0008CEC05F0400E8CEC05F08BEC05F0010EA2
:100BB0008CEC05F0330E8CEC05F04B0E8CEC05F054
:100BC0008BEC05F08BEC05F00FC024F0140E0F6ECB
:100BD0000F068FEC36F055EC05F00F50F9E124C00C
:100BE0000FF0000EF86E740EF76EE80EF66EBBECAA
:100BF00005F012001200E8CF0FF3F00BE83812EC0A
:100C000006F08CEC05F0200E8CEC05F00FC3E8FF2D
:100C10000F0B12EC06F08CEC05F08BEC05F00FC31B
:100C2000E8FF1200016E000EFB6E0C0EFA6E01441E
:100C3000016E3C0E0124D8B0FA2AF96E300C310C4A
:100C4000320C330C340C350C360C370C380C390C98
:100C5000410C420C430C440C450C460C1200E8CFEE
:100C60000FF347EC06F0300F8CEC05F00FC3E8FFF4
:100C70005CEC06F0300F8CEC05F00FC3E8FF72EC73
:100C800006F0300F8CEC05F00FC3E8FF1200E8CF40
:100C90000BF3000EE8CF0CF30CC3E8FFE82AE8CF13
:100CA0000CF30BC3E8FF9C0FE8CF0BF3D8B0F4D7DD
:100CB0000CC3E8FFE8061200E8CF0BF3000EE8CF04
:100CC0000CF30CC3E8FFE82AE8CF0CF30BC3E8FFF2
:100CD000F60FE8CF0BF3D8B0F4D70CC3E8FFE80663
:100CE00072EF06F0E8CF0CF30CC3E8FFF60FE8CF85
:100CF0000CF3D8B0F9D70CC3E8FF0A0F1200000EAE
:100D0000F86E790EF76E0A0EF66EBBEC05F0120067
:100D1000330E8CEC05F08BEC05F0640E56EC05F010
:100D2000320E8CEC05F08BEC05F0640E56EC05F001
:100D3000310E8CEC05F08BEC05F0640E56EC05F0F2
:100D4000000EF86E780EF76E220EF66EBBEC05F014
:100D5000FA0E56EC05F0FF001200468E000EF86EFB
:100D6000780EF76E360EF66EBBEC05F052EC04F022
:100D70001200000EF86E760EF76E160EF66EBBECD5
:100D800005F01200000EF86E760EF76E220EF66E6B
:100D9000BBEC05F012004AA4FED7C1EC02F055EC02
:100DA00005F0000EF86E8D0EF76E6C0EF66EBBEC55
:100DB00005F0469681500000320E56EC05F0F29098
:100DC000F2864B0E416E490E066FFA0E076F46B65D
:100DD0001AD0072FFED7062FF8D7412EF4D7440E8E
:100DE000E8CFB0F1420EE8CFB1F13B0EE8CFB2F15F
:100DF0007FEC33F04EA207D0C9EC1BF04AAC02D016
:100E0000E4EC1BF0DED7ACEC04F0000EF86E780ECC
:100E1000F76EF40EF66EBBEC05F02B6A46961200E8
:100E20004AA4FED7C1EC02F055EC05F0000EF86EB6
:100E30008D0EF76E800EF66EBBEC05F04696815077
:100E40000000320E56EC05F0F290F2864B0E416E29
:100E5000490E066FFA0E076F46B61AD0072FFED757
:100E6000062FF8D7412EF4D7440EE8CFB0F1530E39
:100E7000E8CFB1F13B0EE8CFB2F17FEC33F04EA2F8
:100E800007D019EC1AF04AAA02D02AEC1AF0DED7E1
:100E9000ACEC04F0000EF86E780EF76EF40EF66E01
:100EA000BBEC05F02B6A469612004AA4FED7C1ECB3
:100EB00002F055EC05F0000EF86E8D0EF76E960EF2
:100EC000F66EBBEC05F0469681500000320E56ECF3
:100ED00005F0F290F2864B0E416E490E066FFA0E47
:100EE000076F46B63ED0072FFED7062FF8D7412E04
:100EF000F4D7440EE8CFB0F1530EE8CFB1F13B0E7A
:100F0000E8CFB2F17FEC33F04EA22BD019EC1AF0FF
:100F10004AAA0DD09CEC04F02AEC1AF02C0E8CECB2
:100F200005F0200E8CEC05F00D0E8CEC05F0440E57
:100F3000E8CFB0F1420EE8CFB1F13B0EE8CFB2F10D
:100F40007FEC33F04EA20DD0C9EC1BF04AAC08D0B8
:100F5000420E8CEC05F0200E8CEC05F0E4EC1BF05E
:100F6000BAD7ACEC04F0000EF86E780EF76EF40E03
:100F7000F66EBBEC05F02B6A469612004AA4FED72B
:100F8000C1EC02F055EC05F0410EE8CFB0F14E0E89
:100F9000E8CFB1F13B0EE8CFB2F17FEC33F04EA2D7
:100FA0000BD09CEC04F0E2EC2CF04DB003D04DB231
:100FB00001D002D0DEEC07F02B6A12004AA4FED763
:100FC000C1EC02F055EC05F00A0E56EC05F0410EAE
:100FD000E8CFB0F1520EE8CFB1F13B0EE8CFB2F15D
:100FE0007FEC33F04EA20ED002C7E8FF310A0AE1CF
:100FF000A3EC04F0000EF86E7A0EF76E440EF66E57
:10100000BBEC05F02B6A12004AA4FED7C1EC02F03B
:1010100055EC05F0530E8CEC05F06E0E8CEC05F0E3
:10102000610E8CEC05F0700E8CEC05F0200E4EB4C9
:101030008CEC05F0420E4EB48CEC05F00D0E8CECF1
:1010400005F0460EE8CFB0F1410E4EB4420EE8CFA7
:10105000B1F13B0EE8CFB2F17FEC33F04EA24BD0B2
:101060000AC700F0340E006432D009C7E8FFE82A4E
:10107000E8CF09F73A0A2BE1300EE8CF09F708C7A5
:10108000E8FFE82AE8CF08F73A0A21E1300EE8CF76
:1010900008F707C7E8FFE82AE8CF07F73A0A17E199
:1010A000300EE8CF07F706C7E8FFE82AE8CF06F7D3
:1010B0003A0A0DE1300EE8CF06F705C7E8FFE82A47
:1010C000E8CF05F73A0A03E1300EE8CF05F7300E16
:1010D000E8CF0AF7E8CF0BF7E8CF0CF70E0E256E36
:1010E000076A07EE00F00750EBCFE8FF40EC02F094
:1010F000072A252EF6D74E9412004AA4FED7C1EC3B
:1011000002F055EC05F0000EF86E800EF76E040E3E
:10111000F66EBBEC05F04DB602D04DA409D0000E22
:10112000F86E800EF76EB80EF66EBBEC05F035D09B
:10113000490EE8CFB0F1430EE8CFB1F13B0EE8CF56
:10114000B2F17FEC33F04EA228D09CEC04F003C740
:10115000E8FFE8B607D0000EF86E800EF76E160EA8
:10116000F66E06D0000EF86E800EF76E300EF66E3C
:10117000BBEC05F003C7E8FFE8B407D0000EF86E3B
:10118000800EF76E4A0EF66E06D0000EF86E800ED8
:10119000F76E820EF66EBBEC05F02B6A12004AA4C5
:1011A000FED7C1EC02F055EC05F04DB602D04DA4CF
:1011B00002D01B6648849CEC04F0300E016E000ED9
:1011C00004180FE14DB6B3D0300E006E1B669CD0F4
:1011D000000EF86E7C0EF76E440EF66EBBEC05F05A
:1011E00093D0010E04180DE1310E006E1B668CD0F9
:1011F000000EF86E7C0EF76E4A0EF66EBBEC05F034
:1012000083D0020E04180DE1320E006E1B667CD0F6
:10121000000EF86E7C0EF76E500EF66EBBEC05F00D
:1012200073D0040E04180DE1330E006E1B666CD0F3
:10123000000EF86E7C0EF76E560EF66EBBEC05F0E7
:1012400063D0050E04180DE1350E006E1B665CD0F0
:10125000000EF86E7C0EF76E620EF66EBBEC05F0BB
:1012600053D0060E04180DE1360E006E1B664CD0EE
:10127000000EF86E7C0EF76E680EF66EBBEC05F095
:1012800043D0080E04180DE1370E006E1B663CD0EB
:10129000000EF86E7C0EF76E6E0EF66EBBEC05F06F
:1012A00033D0090E04180DE1380E006E1B662CD0E9
:1012B000000EF86E7C0EF76E740EF66EBBEC05F049
:1012C00023D00A0E04180DE1390E006E1B661CD0E7
:1012D000000EF86E7C0EF76E7A0EF66EBBEC05F023
:1012E00013D00D0E04182BE14DB621D0310E016E36
:1012F000300E006E1B6608D0000EF86E7C0EF76E86
:10130000800EF66EBBEC05F0420E40EC02F04E0E85
:1013100040EC02F0015040EC02F0005040EC02F0D2
:101320003B0E40EC02F01E0E56EC05F008D0000E0D
:10133000F86E760EF76E8C0EF66EBBEC05F0499AE1
:101340002B6A12004AA4FED7C1EC02F055EC05F05E
:10135000420EE8CFB0F1470EE8CFB1F13B0EE8CF37
:10136000B2F17FEC33F04EA204D09CEC04F0F2EC2E
:101370002CF02B6A12004AA4FED7C1EC02F055EC07
:1013800005F0430EE8CFB0F1500EE8CFB1F13B0EBF
:10139000E8CFB2F17FEC33F04EA204D09CEC04F025
:1013A00002EC2DF02B6A12004AA4FED7C1EC02F029
:1013B00055EC05F0000EF86E7A0EF76E5E0EF66EC6
:1013C000BBEC05F04890490EE8CFB0F1430EE8CFF2
:1013D000B1F13B0EE8CFB2F17FEC33F04EA24BD02F
:1013E00004C7E8FFE8AA09D0000EF86E7D0EF76E7C
:1013F000580EF66EBBEC05F0488004C7E8FFE8A67F
:1014000009D0000EF86E7D0EF76E7A0EF66EBBEC0C
:1014100005F0488004C7E8FFE8B409D0000EF86E74
:101420007D0EF76E940EF66EBBEC05F0488004C797
:10143000E8FFE8A209D0000EF86E7D0EF76EBC0E34
:10144000F66EBBEC05F0488004C7E8FFE8A009D0C1
:10145000000EF86E7D0EF76ECA0EF66EBBEC05F050
:10146000488048B008D0000EF86E7E0EF76EAC0EC5
:10147000F66EBBEC05F02B6A12004AA4FED7C1EC55
:1014800002F055EC05F0000EF86E7D0EF76EE40EDE
:10149000F66EBBEC05F04890490EE8CFB0F1430E74
:1014A000E8CFB1F13B0EE8CFB2F17FEC33F04EA2C2
:1014B0006BD005C7E8FFE8AA09D0000EF86E7D0ED4
:1014C000F76EF80EF66EBBEC05F0488005C7E8FF36
:1014D000E8A809D0000EF86E7E0EF76E0A0EF66EC2
:1014E000BBEC05F0488005C7E8FFE8A61CD0000E5D
:1014F000F86E7E0EF76E1E0EF66EBBEC05F04880A1
:1015000006C7E8FFE8AA07D0000EF86E7E0EF76E59
:10151000320EF66E06D0000EF86E7E0EF76E4A0E94
:10152000F66EBBEC05F005C7E8FFE8A409D0000E95
:10153000F86E7E0EF76E620EF66EBBEC05F048801C
:1015400005C7E8FFE8A209D0000EF86E7E0EF76E20
:10155000740EF66EBBEC05F0488005C7E8FFE8A006
:1015600009D0000EF86E7E0EF76E900EF66EBBEC94
:1015700005F0488048B008D0000EF86E7E0EF76E79
:10158000AC0EF66EBBEC05F02B6A12004AA4FED737
:10159000C1EC02F055EC05F0440EE8CFB0F1420E7C
:1015A000E8CFB1F13B0EE8CFB2F17FEC33F04EA2C1
:1015B00005D09CEC04F0EDEC1BF0499E2B6A120068
:1015C0004AA4FED7C1EC02F055EC05F0440EE8CF7A
:1015D000B0F1530EE8CFB1F13B0EE8CFB2F17FECA2
:1015E00033F04EA205D09CEC04F02DEC1AF0499E8D
:1015F0002B6A12004AA4FED7C1EC02F055EC05F0AC
:10160000460EE8CFB0F1410EE8CFB1F13B0EE8CF86
:10161000B2F17FEC33F04EA219D048829CEC04F07A
:1016200046EC34F048921F5211E04D0EE8CFB0F175
:10163000440EE8CFB1F13B0EE8CFB2F17FEC33F0CE
:101640004EA204D002C73AF0D6EC0CF02B6A12007E
:101650004AA4FED7C1EC02F055EC05F0460EE8CFE7
:10166000B0F1420EE8CFB1F13B0EE8CFB2F17FEC22
:1016700033F04EA21CD048829CEC04F046EC34F0CF
:1016800048921F5214E04D0EE8CFB0F1440EE8CF5F
:10169000B1F1240EE8CFB2F13B0EE8CFB3F17FEC0D
:1016A00033F04EA204D003C73AF0D6EC0CF02B6A0C
:1016B00012004AA4FED7C1EC02F055EC05F0460E2C
:1016C000E8CFB0F1570EE8CFB1F13B0EE8CFB2F161
:1016D0004EA406D0240EE8CFB2F13B0EE8CFB3F112
:1016E0007FEC33F04EA233D03F0EE8CFA8F11AECD6
:1016F0002DF02C0E8CEC05F0200E8CEC05F0000E7D
:10170000F86E7B0EF76EBC0EF66EBBEC05F0490E64
:10171000E8CFB0F1530EE8CFB1F13B0EE8CFB2F114
:101720007FEC33F04EA213D003C7E8FF8CEC05F03A
:1017300004C7E8FF8CEC05F005C7E8FF8CEC05F06A
:1017400006C7E8FF8CEC05F00D0E8CEC05F04E940E
:101750002B6A12004AA4FED7C1EC02F055EC05F04A
:10176000470EE8CFB0F1540EE8CFB1F13B0EE8CF11
:10177000B2F17FEC33F04EA202D0D5EC2BF02B6A05
:1017800012004AA4FED7C1EC02F055EC05F0000EA1
:10179000F86E7E0EF76EB80EF66EBBEC05F0490ED5
:1017A000E8CFB0F1430EE8CFB1F13B0EE8CFB2F194
:1017B0007FEC33F04EA2AAD002C7E8FFE8AA08D017
:1017C000000EF86E7E0EF76EC60EF66EBBEC05F0E0
:1017D00002C7E8FFE8A808D0000EF86E7E0EF76E8C
:1017E000D20EF66EBBEC05F04DB60FD04DB40DD059
:1017F00003C7E8FFE8A015D0000EF86E7F0EF76E65
:10180000740EF66EBBEC05F00CD003C7E8FFE8A041
:1018100008D0000EF86E7F0EF76E880EF66EBBECE9
:1018200005F04DB60ED04DB40CD003C7E8FFE8A8C4
:1018300008D0000EF86E7F0EF76E4C0EF66EBBEC05
:1018400005F002C7E8FFE8B607D0000EF86E7E0E7E
:10185000F76EEC0EF66E06D0000EF86E7E0EF76E8A
:10186000FE0EF66EBBEC05F002C7E8FFE8A408D058
:10187000000EF86E7F0EF76E100EF66EBBEC05F0E4
:1018800002C7E8FFE8B007D0000EF86E7F0EF76ED3
:10189000240EF66E06D0000EF86E7F0EF76E380E30
:1018A000F66EBBEC05F006C7E8FFE8A808D0000E0E
:1018B000F86E7F0EF76E9A0EF66EBBEC05F04DB625
:1018C0000ED04DB40CD006C7E8FFE8A608D0000E35
:1018D000F86E7F0EF76EB80EF66EBBEC05F04DB6E7
:1018E00002D04DA413D006C7E8FFE8B207D0000E1F
:1018F000F86E7F0EF76ED60EF66E06D0000EF86EFE
:101900007F0EF76EEE0EF66EBBEC05F02B6A120042
:101910004AA4FED7C1EC02F055EC05F04B0EE8CF1F
:10192000B0F1530EE8CFB1F13B0EE8CFB2F17FEC4E
:1019300033F04EA202D0CBEC2DF02B6A12004AA459
:10194000FED7C1EC02F055EC05F04EB410D04D0EB0
:10195000E8CFB0F1440EE8CFB1F13B0EE8CFB2F1E1
:101960007FEC33F04EA21FD002C73AF01AD0000E1F
:10197000F86E790EF76ED40EF66EBBEC05F04D0ED8
:10198000E8CFB0F1440EE8CFB1F1240EE8CFB2F1C8
:101990003B0EE8CFB3F17FEC33F04EA204D003C787
:1019A0003AF01DEC0DF04E942B6A1200310E3A18ED
:1019B00004E14C0E8CEC05F03CD0320E3A1804E1F8
:1019C000550E8CEC05F035D0330E3A1804E1430E79
:1019D0008CEC05F02ED0340E3A1804E1460E8CEC57
:1019E00005F027D0350E3A1804E1410E8CEC05F0D5
:1019F00020D0360E3A1804E1440E8CEC05F019D0D4
:101A0000370E3A180AE1430E8CEC05F0200E8CECF0
:101A100005F0520E8CEC05F00CD0390E3A1809E1A5
:101A2000440E8CEC05F0200E8CEC05F0520E8CEC84
:101A300005F00D0E8CEC05F01200000EF86E7B0E1A
:101A4000F76E060EF66EBBEC05F0310E3A1809E1A2
:101A5000000EF86E7B0EF76E460EF66EBBEC05F0D0
:101A600064D0320E3A1809E1000EF86E7B0EF76E64
:101A70003E0EF66EBBEC05F058D0330E3A1809E175
:101A8000000EF86E7B0EF76E0E0EF66EBBEC05F0D8
:101A90004CD0340E3A1809E1000EF86E7B0EF76E4A
:101AA000380EF66EBBEC05F040D0350E3A1809E161
:101AB000000EF86E7B0EF76E000EF66EBBEC05F0B6
:101AC00034D0360E3A1818E1000EF86E7B0EF76E21
:101AD000220EF66EBBEC05F0440EE8CFB0F1540ECA
:101AE000E8CFB1F13B0EE8CFB2F17FEC33F04EA27C
:101AF0001CD0C4EC0DF019D0370E3A1809E1000ED5
:101B0000F86E7B0EF76E140EF66EBBEC05F00DD082
:101B1000390E3A180AE1000EF86E7B0EF76E280EA9
:101B2000F66EBBEC05F0070E376E12004AA4FED726
:101B3000C1EC02F055EC05F04D0EE8CFB0F1470EC8
:101B4000E8CFB1F13B0EE8CFB2F17FEC33F04EA21B
:101B500002D0E3EC2DF02B6A12004AA4FED7C1ECB0
:101B600002F055EC05F04D0EE8CFB0F14C0EE8CF89
:101B7000B1F13B0EE8CFB2F17FEC33F04EA202D0D0
:101B8000FBEC2DF02B6A120002C7E8FF300A09E1D6
:101B9000000EF86E7B0EF76E220EF66EBBEC05F0B3
:101BA00026D002C7E8FF310A09E1000EF86E7B0E6D
:101BB000F76E4E0EF66EBBEC05F019D002C7E8FFCB
:101BC000320A09E1000EF86E7B0EF76E560EF66EC5
:101BD000BBEC05F00CD002C7E8FF330A08E1000EA9
:101BE000F86E7B0EF76E6C0EF66EBBEC05F0120015
:101BF0004AA4FED7C1EC02F055EC05F0490EE8CF3F
:101C0000B0F1430EE8CFB1F13B0EE8CFB2F17FEC7B
:101C100033F04EA277D002C7E8FFE8AC09D0000E3F
:101C2000F86E790EF76EE60EF66EBBEC05F06AD034
:101C30004EB410D04E0EE8CFB0F1420EE8CFB1F165
:101C40003B0EE8CFB2F17FEC33F04EA25BD002C77F
:101C500000F01AD0000EF86E790EF76ED40EF66E04
:101C6000BBEC05F04E0EE8CFB0F1420EE8CFB1F17B
:101C7000240EE8CFB2F13B0EE8CFB3F17FEC33F0A6
:101C80004EA240D003C700F0000EF86E7A0EF76E39
:101C9000BE0EF66EBBEC05F0310E001809E0000E2A
:101CA000F86E760EF76E160EF66EBBEC05F02AD0C7
:101CB000000EF86E760EF76E220EF66EBBEC05F097
:101CC0004EB40ED04E0EE8CFB0F14C0EE8CFB1F1CD
:101CD0003B0EE8CFB2F17FEC33F04EA213D010D020
:101CE0004E0EE8CFB0F14C0EE8CFB1F1240EE8CFA4
:101CF000B2F13B0EE8CFB3F17FEC33F04EA202D04D
:101D000085EC0EF04E942B6A120017EE00F0020ED6
:101D10002D6EE350240A01E12D2A000EE8CF0AF3CC
:101D20002D50E350D00FE8CF0BF32D2A2D50E35068
:101D3000D00FE8CF0CF33EEC05F00EC300F04DB62B
:101D400049EF0FF04DB449EF0FF00E0E00640DD0C7
:101D5000000EF86E800EF76EF20EF66EBBEC05F01C
:101D6000220E00248CEC05F035D0070E00640DD057
:101D7000000EF86E800EF76EE80EF66EBBEC05F006
:101D8000290E00248CEC05F025D0000E00640DD047
:101D9000000EF86E800EF76EDE0EF66EBBEC05F0F0
:101DA000300E00248CEC05F015D0440E8CEC05F0C0
:101DB000530E8CEC05F0500E8CEC05F0200E8CECE4
:101DC00005F04F0E8CEC05F0660E8CEC05F0660EFF
:101DD0008CEC05F02C0E8CEC05F0200E8CEC05F054
:101DE000000EE8CF0AF32D2A2D50E350D00FE8CF94
:101DF0000BF32D2A2D50E350D00FE8CF0CF33EEC1F
:101E000005F00EC300F00E0E00640DD0000EF86E4B
:101E1000810EF76E100EF66EBBEC05F0220E00245C
:101E20008CEC05F048D0070E00640DD0000EF86E63
:101E3000810EF76E060EF66EBBEC05F0290E00243F
:101E40008CEC05F038D0000E00640DD0000EF86E5A
:101E5000800EF76EFC0EF66EBBEC05F0300E002423
:101E60008CEC05F028D0490E8CEC05F0200E8CECA3
:101E700005F0460E8CEC05F0200E8CEC05F04F0EB4
:101E80008CEC05F0660E8CEC05F0660E8CEC05F023
:101E900012D0000EF86E810EF76E1A0EF66EBBECC5
:101EA00005F00BC3E8FF300F8CEC05F00CC3E8FF26
:101EB000300F8CEC05F00D0E8CEC05F012004AA4EE
:101EC000FED7C1EC02F055EC05F04DB02FD04DB26D
:101ED0002DD0440EE8CFB0F1530EE8CFB1F13B0E58
:101EE000E8CFB2F17FEC33F04EA27AD00BC7E8FF17
:101EF000E8B411D0000EF86E7B0EF76E720EF66E1F
:101F0000BBEC05F0000EF86E760EF76E160EF66E50
:101F1000BBEC05F065D0000EF86E7B0EF76E720E0E
:101F2000F66EBBEC05F066EC10F05AD0490EE8CF27
:101F3000B0F1430EE8CFB1F13B0EE8CFB2F17FEC48
:101F400033F04EA24DD002C7E8FFE8AC15D0000E2A
:101F5000F86E790EF76EDA0EF66EBBEC05F003C77D
:101F6000E8FFE8B009D0000EF86E7F0EF76E5C0E49
:101F7000F66EBBEC05F034D0440EE8CFB0F1530E52
:101F8000E8CFB1F13B0EE8CFB2F17FEC33F04EA2D7
:101F900027D00BC7E8FFE8B411D0000EF86E7B0E17
:101FA000F76E720EF66EBBEC05F0000EF86E760E54
:101FB000F76E160EF66EBBEC05F012D0000EF86E42
:101FC0007B0EF76E720EF66EBBEC05F0000EF86E2F
:101FD000760EF76E220EF66EBBEC05F0F2EC0FF00B
:101FE0002B6A12002C0E8CEC05F0200E8CEC05F008
:101FF000440EE8CFB0F1420EE8CFB1F13B0EE8CF8E
:10200000B2F17FEC33F04EA260D007C7E8FF2D0A93
:102010000DE117EE04F0060E2E6EE6508CEC05F086
:102020002E2EFBD70D0E8CEC05F04FD0FF0E301886
:1020300009E0000EF86E8D0EF76EB60EF66EBBEC74
:1020400005F043D0530E40EC02F0570E40EC02F086
:10205000480E40EC02F0330E40EC02F0340E40EC3F
:1020600002F03B0E40EC02F0190E56EC05F0440E67
:10207000E8CFB0F1420EE8CFB1F13B0EE8CFB2F1BC
:102080007FEC33F04EA221D017EE04F0060E2E6E38
:10209000E6508CEC05F02E2EFBD70D0E8CEC05F0E7
:1020A000530E40EC02F0570E40EC02F0540E40ECA0
:1020B00002F0330E40EC02F0340E40EC02F03B0E26
:1020C00040EC02F00F0E56EC05F01200440EE8CF83
:1020D000B0F1420EE8CFB1F13B0EE8CFB2F17FECA8
:1020E00033F04EA25ED004C7E8FF4E0A04E105C7F4
:1020F000E8FF520A43E0FF0E301809E0000EF86EC8
:102100008D0EF76EB60EF66EBBEC05F04AD0530E90
:1021100040EC02F0570E40EC02F0480E40EC02F0AA
:10212000310E40EC02F0390E40EC02F03B0E40EC78
:1021300002F00F0E56EC05F0530E40EC02F0570E75
:1021400040EC02F0480E40EC02F0310E40EC02F0A0
:10215000390E40EC02F03B0E40EC02F0140E56EC4F
:1021600005F0440EE8CFB0F1420EE8CFB1F13B0EDE
:10217000E8CFB2F17FEC33F04EA213D0000EF86E30
:10218000810EF76E1A0EF66EBBEC05F007C7E8FF7E
:102190008CEC05F008C7E8FF8CEC05F00D0E8CEC1C
:1021A00005F012004AA4FED7C1EC02F055EC05F090
:1021B000440EE8CFB0F1530EE8CFB1F13B0EE8CFBB
:1021C000B2F17FEC33F04EA22AD00BC7E8FFE8B0A3
:1021D0001CD0E8B211D0000EF86E7B0EF76E840EA4
:1021E000F66EBBEC05F0000EF86E760EF76E160E6E
:1021F000F66EBBEC05F013D0000EF86E7B0EF76E9A
:102200008C0EF66EBBEC05F00AD0000EF86E7B0E5D
:10221000F76E9A0EF66EBBEC05F011EC11F02B6A1E
:102220001200440EE8CFB0F1420EE8CFB1F13B0E00
:10223000E8CFB2F17FEC33F04EA26DD008C7E8FFD3
:102240005A0A0DE117EE02F0080E2E6EE6508CECE5
:1022500005F02E2EFBD70D0E8CEC05F05CD04DA6B4
:102260000BD04DA409D0000EF86E760EF76E220E3C
:10227000F66EBBEC05F04FD0FF0E301809E0000EF3
:10228000F86E8D0EF76EB60EF66EBBEC05F043D011
:10229000530E40EC02F0570E40EC02F0480E40ECBA
:1022A00002F0330E40EC02F0320E40EC02F03B0E36
:1022B00040EC02F0190E56EC05F0440EE8CFB0F1F8
:1022C000420EE8CFB1F13B0EE8CFB2F17FEC33F034
:1022D0004EA221D017EE02F0080E2E6EE6508CECC6
:1022E00005F02E2EFBD70D0E8CEC05F0530E40ECB6
:1022F00002F0570E40EC02F0540E40EC02F0330EA8
:1023000040EC02F0320E40EC02F03B0E40EC02F0EA
:10231000190E56EC05F012004AA4FED7C1EC02F0EB
:1023200055EC05F0500EE8CFB0F1410EE8CFB1F119
:102330004EB404D03B0EE8CFB2F106D0240EE8CF65
:10234000B2F13B0EE8CFB3F17FEC33F04EA202D0F6
:102350004CEC2EF04E942B6A12004AA4FED7C1EC2E
:1023600002F055EC05F0500EE8CFB0F1430EE8CF87
:10237000B1F13B0EE8CFB2F17FEC33F04EA202D0C8
:1023800004EC2CF02B6A12004AA4FED7C1EC02F038
:1023900055EC05F0520EE8CFB0F1410EE8CFB1F1A7
:1023A0004EB404D03B0EE8CFB2F106D0240EE8CFF5
:1023B000B2F13B0EE8CFB3F17FEC33F04EA202D086
:1023C00037EC2CF04E942B6A12004AA4FED7C1ECD5
:1023D00002F055EC05F0520EE8CFB0F1540EE8CF04
:1023E000B1F13B0EE8CFB2F17FEC33F04EA263D0F7
:1023F00002C7E8FF006E300A0EE0000EF86E7B0E9A
:10240000F76EC80EF66EBBEC05F02C0E8CEC05F0EA
:10241000200E8CEC05F0580EE8CFB0F1540EE8CF4A
:10242000B1F13B0EE8CFB2F17FEC33F04EA243D0D6
:1024300002C7E8FF300A0FE0000EF86E7B0EF76E61
:10244000D00EF66EBBEC05F02C0E8CEC05F0200ED9
:102450008CEC05F00CD0300E001809E1000EF86E7F
:102460007B0EF76ED80EF66EBBEC05F024D0520E44
:10247000E8CFB0F14F0EE8CFB1F13B0EE8CFB2F1AB
:102480007FEC33F04EA217D002C7E8FF8CEC05F0CA
:1024900003C7E8FF8CEC05F004C7E8FF8CEC05F0FF
:1024A00005C7E8FF8CEC05F006C7E8FF8CEC05F0EB
:1024B0000D0E8CEC05F02B6A12004AA4FED7C1EC7D
:1024C00002F055EC05F04EB40ED0530EE8CFB0F14B
:1024D0004D0EE8CFB1F13B0EE8CFB2F17FEC33F017
:1024E0004EA213D010D0530EE8CFB0F14D0EE8CF6E
:1024F000B1F1240EE8CFB2F13B0EE8CFB3F17FEC9F
:1025000033F04EA202D014EC2AF04E942B6A120043
:102510004AA4FED7C1EC02F055EC05F00A0E56ECC9
:1025200005F0000EF86E8E0EF76E0A0EF66EBBEC1E
:1025300005F04DB602D04DA409D0000EF86E800E05
:10254000F76EB80EF66EBBEC05F01FD0530EE8CF59
:10255000B0F1570EE8CFB1F13B0EE8CFB2F17FEC0E
:1025600033F04EA212D002C7E8FF8CEC05F003C78F
:10257000E8FF8CEC05F02E0E8CEC05F004C7E8FFAC
:102580008CEC05F00D0E8CEC05F02B6A12004AA4C1
:10259000FED7C1EC02F055EC05F0FF0E301809E053
:1025A000000EF86E8D0EF76EB60EF66EBBEC05F0F3
:1025B00001D2540EE8CFB0F1510EE8CFB1F13B0E8D
:1025C000E8CFB2F17FEC33F04EA2F4D102C7E8FFBE
:1025D000300A09E0000EF86E8D0EF76ECC0EF66E26
:1025E000BBEC05F0E7D1440EE8CFB0F1420EE8CFE6
:1025F000B1F13B0EE8CFB2F17FEC33F04EA2DAD16D
:1026000017EE02F0080E2E6EE650C00F0BE72E2ECE
:10261000FBD717EE02F0080E2E6EE6502E0A0BE0E6
:102620002E2EFBD7000EF86E770EF76E9E0EF66E0E
:10263000BBEC05F0BFD1440EE8CFB0F1530EE8CFAC
:10264000B1F13B0EE8CFB2F17FEC33F04EA2B2D144
:102650004E900BC7E8FFE8B84E80500EE8CFB0F1BF
:10266000430EE8CFB1F13B0EE8CFB2F17FEC33F08F
:102670004EA2A0D102C7F0F103C7F1F104C7F2F1F5
:1026800005C7F3F14EA059D04DB618D04DB416D0B1
:10269000530E40EC02F0570E40EC02F0480E40ECB6
:1026A00002F0310E40EC02F0390E40EC02F03B0E2D
:1026B00040EC02F0140E56EC05F03FD04D0E40EC0D
:1026C00002F04E0E40EC02F0300E40EC02F0320E02
:1026D00040EC02F0330E40EC02F03B0E40EC02F016
:1026E000140E56EC05F04D0E40EC02F0500E40EC8E
:1026F00002F0300E40EC02F0300E40EC02F0310EF1
:1027000040EC02F03B0E40EC02F0140E56EC05F0EB
:102710004D0E40EC02F04E0E40EC02F0320E40EC5A
:1027200002F0350E40EC02F0350E40EC02F03B0EAC
:1027300040EC02F0140E56EC05F04DB638D04DB416
:1027400036D0F3C1E8FF300A19E0500E40EC02F039
:10275000430E40EC02F0300E40EC02F0300E40EC44
:1027600002F0350E40EC02F0310E40EC02F03B0E70
:1027700040EC02F0140E56EC05F031D0500E40EC57
:1027800002F0430E40EC02F0300E40EC02F0350E49
:1027900040EC02F0300E40EC02F0300E40EC02F063
:1027A0003B0E40EC02F0140E56EC05F018D0500E23
:1027B00040EC02F0430E40EC02F0300E40EC02F030
:1027C000320E40EC02F0350E40EC02F0300E40ECE0
:1027D00002F03B0E40EC02F0140E56EC05F0530EE6
:1027E00040EC02F0570E40EC02F0480E40EC02F0D4
:1027F000310E40EC02F0360E40EC02F03B0E40ECA5
:1028000002F0320E56EC05F0FF0EE8CF53F14EAE5B
:1028100007D078EC04F0469681500000F290F286E2
:10282000440EE8CFB0F1530EE8CFB1F13B0EE8CF44
:10283000B2F17FEC33F04EA21DD04EAE08D086EC44
:102840001BF04AAA08D071EC1BF09CEC04F02DECB4
:102850001AF04EAE0FD04B0E416E490E066FFA0EB7
:10286000076F46B607D0072FFED7062FF8D7412EA1
:10287000F4D7D6D74EAE0CD09CEC04F0ACEC04F000
:10288000000EF86E780EF76EF40EF66EBBEC05F0E7
:102890004E9EF29AD59E0A0E56EC05F0530E40EC71
:1028A00002F0570E40EC02F0540E40EC02F0310EF4
:1028B00040EC02F0360E40EC02F03B0E40EC02F031
:1028C000140E56EC05F04EA059D04DB618D04DB4AC
:1028D00016D0530E40EC02F0570E40EC02F0480EBA
:1028E00040EC02F0310E40EC02F0390E40EC02F008
:1028F0003B0E40EC02F0140E56EC05F03FD04D0EAE
:1029000040EC02F04E0E40EC02F0300E40EC02F0D3
:10291000320E40EC02F0330E40EC02F03B0E40EC85
:1029200002F0140E56EC05F04D0E40EC02F0500E85
:1029300040EC02F0300E40EC02F0300E40EC02F0C1
:10294000320E40EC02F03B0E40EC02F0140E56EC5E
:1029500005F04D0E40EC02F04E0E40EC02F0320E4F
:1029600040EC02F0350E40EC02F0350E40EC02F087
:102970003B0E40EC02F0140E56EC05F0500E40EC0D
:1029800002F0430E40EC02F0F0C1E8FF40EC02F030
:10299000F1C1E8FF40EC02F0F2C1E8FF40EC02F0C8
:1029A000F3C1E8FF40EC02F03B0E40EC02F0140EE5
:1029B00056EC05F0520E40EC02F0580E40EC02F0DE
:1029C0003B0E40EC02F02B6A12003D6A3C6A3E6A04
:1029D0004E964E984AA4F9D7C1EC02F055EC05F09A
:1029E000000EF86E810EF76E2E0EF66EBBEC05F043
:1029F00049BC0AD0498C000EF86E760EF76E220E96
:102A0000F66EBBEC05F009D0499C000EF86E760E10
:102A1000F76E160EF66EBBEC05F012004AA4FED758
:102A2000C1EC02F055EC05F0440E40EC02F0420E11
:102A300040EC02F0300E40EC02F0310E40EC02F0BF
:102A40003B0E40EC02F0140E56EC05F0440EE8CFBD
:102A5000B0F1420EE8CFB1F13B0EE8CFB2F17FEC1E
:102A600033F04EA21ED017EE02F0090E2E6EE65085
:102A70008CEC05F0200E8CEC05F02E2EF8D70D0E08
:102A80008CEC05F0440E40EC02F0420E40EC02F0FB
:102A9000300E40EC02F0300E40EC02F03B0E40EC09
:102AA00002F02B6A12004AA4FED7C1EC02F055ECEA
:102AB00005F04C0EE8CFB0F14E0EE8CFB1F13B0E71
:102AC000E8CFB2F17FEC33F04EA27CD002C7E8FF32
:102AD000300A0EE0000EF86E8D0EF76E260EF66EC2
:102AE000BBEC05F02C0E8CEC05F0200E8CEC05F008
:102AF000460EE8CFB0F1540EE8CFB1F13B0EE8CF6F
:102B0000B2F17FEC33F04EA25DD002C7E8FF310A8C
:102B10000FE0000EF86E7B0EF76EF20EF66EBBEC59
:102B200005F02C0E8CEC05F0200E8CEC05F00ED090
:102B3000000EF86E7C0EF76E0A0EF66EBBEC05F01A
:102B40002C0E8CEC05F0200E8CEC05F04C0EE8CF32
:102B5000B0F14B0EE8CFB1F13B0EE8CFB2F17FEC14
:102B600033F04EA22FD002C7E8FF300A0FE0000E6C
:102B7000F86E8D0EF76E320EF66EBBEC05F02C0E75
:102B80008CEC05F0200E8CEC05F000D04C0EE8CF5C
:102B9000B0F14B0EE8CFB1F1240EE8CFB2F13B0E0D
:102BA000E8CFB3F17FEC33F04EA20CD003C7E8FFBF
:102BB000300A08E0000EF86E8D0EF76E440EF66EC9
:102BC000BBEC05F02B6A12004AA4FED7C1EC02F060
:102BD00055EC05F0490EE8CFB0F1430EE8CFB1F166
:102BE0003B0EE8CFB2F17FEC33F04EA23AD005C7EE
:102BF000E8FFE8AC08D0000EF86E810EF76E580EB4
:102C0000F66EBBEC05F004C7E8FFE8A809D0000E9B
:102C1000F86E810EF76E6E0EF66EBBEC05F00CD002
:102C200005C7E8FFE8BC08D0000EF86E7C0EF76E12
:102C3000200EF66EBBEC05F004C7E8FFE8AC09D047
:102C4000000EF86E810EF76E3C0EF66EBBEC05F0D2
:102C500008D0000EF86E810EF76E4A0EF66EBBECD1
:102C600005F02B6A12004AA4FED7C1EC02F055EC25
:102C700005F04EB410D0580EE8CFB0F1460EE8CFB4
:102C8000B1F13B0EE8CFB2F17FEC33F04EA22BD086
:102C900002C700F01AD0000EF86E790EF76ED40E4F
:102CA000F66EBBEC05F0580EE8CFB0F1460EE8CF5B
:102CB000B1F1240EE8CFB2F13B0EE8CFB3F17FECD7
:102CC00033F04EA210D003C700F0000EF86E7A0E5B
:102CD000F76EE80EF66EBBEC05F000508CEC05F0DC
:102CE0000D0E8CEC05F04E942B6A12004D6A0C0E02
:102CF000416E81EC02F02B6A4B0E40EC02F0330E79
:102D000040EC02F03B0E40EC02F02B6604D060EC8D
:102D100004F046B6ABD0E0EC02F047BE12D017EE9E
:102D200000F02B5009C0E3FF2B2A3B0E096209D0AB
:102D300000C7E8FF4B0A05E101C7E8FF330A01E1DC
:102D40001FD04BA0E2D74B90412ED5D793EC02F089
:102D5000320E56EC05F0420E40EC02F0520E40EC02
:102D600002F0330E40EC02F03B0E40EC02F0320E6B
:102D700056EC05F081EC02F0320E56EC05F0B6D7B9
:102D800055EC05F0410E40EC02F0490E40EC02F02B
:102D9000320E40EC02F03B0E40EC02F055EC05F038
:102DA0004B0E40EC02F0330E40EC02F0310E40ECE2
:102DB00002F03B0E40EC02F055EC05F04B0E40ECFF
:102DC00002F0320E40EC02F0320E40EC02F03B0E0C
:102DD00040EC02F055EC05F04F0EE8CFB0F14D0E8F
:102DE000E8CFB1F13B0EE8CFB2F17FEC33F04EA269
:102DF0007DD70CC7E8FF520A25E00EC7E8FF2D0A71
:102E000009E00EC7E8FF310A0DE00EC7E8FF320AFD
:102E100011E020D04D80000EF86E800EF76EC20ECD
:102E2000F66E20D04D86000EF86E800EF76ECC0E3A
:102E3000F66E18D04D84000EF86E800EF76ED20E2E
:102E4000F66E10D04D82000EF86E800EF76EC60E34
:102E5000F66E08D04D6A4468000EF86E770EF76E75
:102E6000760EF66EBBEC05F0040E376E120037528C
:102E700006E120503B6E0A0E56EC05F033D049AC0B
:102E800008D0FF0E306205D0010E386202D0030E6A
:102E9000376E010E376203D077EC17F023D0020EA5
:102EA000376203D08EEC17F01DD0030E376203D0CB
:102EB000CBEC17F017D0040E376203D0C0EC17F03C
:102EC00011D0050E376203D0D6EC17F00BD0070EE9
:102ED000376203D09AEC17F005D0060E376202D0A5
:102EE00082EC17F037C038F0010E376E12004D0E2D
:102EF00040EC02F04E0E40EC02F03B0E40EC02F0D3
:102F00004B9012004C88440E40EC02F0420E40EC14
:102F100002F03B0E40EC02F04B9012004C86440E47
:102F200040EC02F0530E40EC02F03B0E40EC02F09D
:102F30004B901200440E40EC02F0540E40EC02F0B4
:102F40003B0E40EC02F04B90120048B802D048AA69
:102F500013D04AA4FAD7C1EC02F055EC05F0460EA6
:102F600040EC02F048B8410E48BA420E40EC02F084
:102F70003B0E40EC02F0478A47984898489A120066
:102F8000490E40EC02F0460E40EC02F03B0E40ECE5
:102F900002F04B901200540E40EC02F0420E40EC56
:102FA00002F03B0E40EC02F04B901200540E40EC4D
:102FB00002F0510E40EC02F03B0E40EC02F04B9060
:102FC000120017EE00F0000EE3503F0A05E14BA29D
:102FD00084D138C037F081D1000EE350460A15E1A4
:102FE000010EE350410A03E146EC34F076D1010EC4
:102FF000E350420A03E146EC34F06FD1010EE35096
:10300000540A03E108EC2AF068D1000EE3504D0A9F
:1030100007E1010EE3504E0A03E143EC1DF061D1DC
:10302000000EE350440A0EE1010EE350420A03E1B0
:10303000C9EC1BF052D1010EE350530A03E119EC25
:103040001AF04BD1000EE350490A08E1010EE3509B
:10305000460A04E17AEC19F047943FD14AA43DD1E5
:10306000000EE350410A1AE11E520CE0000E1B64F0
:1030700009D0010EE350470A05E19CEC04F0A9ECED
:103080002CF02BD1000E1B6407D0010EE3504E0A2A
:1030900003E1E2EC2CF021D120D11FD1000EE3504E
:1030A000420A0DE1000E1B6409D0010EE350470AED
:1030B00005E19CEC04F0F2EC2CF00FD10ED1000EE7
:1030C000E350430A0DE1000E1B6409D0010EE350EA
:1030D000500A05E19CEC04F002EC2DF0FED0FDD08E
:1030E000000EE350440A0DE1000E1B6409D0010EEE
:1030F000E350540A05E19CEC04F0C4EC0DF0EDD073
:10310000ECD0000EE350460A09E1000E1B6405D026
:10311000010EE350570A01E1E4D0DFD0000EE35086
:10312000470A0DE1000E1B6409D0010EE350540A5A
:1031300005E19CEC04F0D5EC2BF0CFD0CED0000E06
:10314000E350490A0BE1000E1B6407D0010EE35067
:10315000530A03E167EC2DF0C0D0BFD0000EE3505E
:103160004B0A0DE1000E1B6409D0010EE350530A17
:1031700005E19CEC04F0CBEC2DF0AFD0AED0000E0E
:10318000E3504C0A13E1000E1B640FD0010EE35014
:103190004E0A0BE1000EF86E800EF76ED80EF66E3A
:1031A000BBEC05F085EC2CF098D097D0000EE350E6
:1031B0004D0A19E1000E1B6409D0010EE350470AC5
:1031C00005E19CEC04F0E3EC2DF087D0000E1B64CD
:1031D00009D0010EE3504C0A05E19CEC04F0FBEC35
:1031E0002DF07BD07AD0000EE3504E0A29E1000E7C
:1031F0001B6411D0010EE350420A0DE19CEC04F077
:10320000000EF86E7A0EF76EBE0EF66EBBEC05F091
:1032100085EC2CF062D0000E1B6411D0010EE3503F
:103220004C0A0DE19CEC04F0000EF86E7A0EF76E7D
:10323000CE0EF66EBBEC05F085EC0EF04ED04DD008
:10324000000EE350500A19E1000E1B6409D0010E74
:10325000E350410A05E19CEC04F04CEC2EF03DD02B
:10326000000E1B6409D0010EE350430A05E19CECFB
:1032700004F004EC2CF031D030D0000EE350520AB0
:103280001BE1000E1B6409D0010EE350410A05E169
:103290009CEC04F037EC2CF020D01E520CE0000E19
:1032A0001B6409D0010EE350470A05E19CEC04F0D1
:1032B00013EC2EF012D011D0000EE350530A01E1AE
:1032C0000CD0000EE350540A08E1010EE350420A0C
:1032D00003E129EC2BF001D000D0010E346E7FEC1D
:1032E0002EF02B6A2D6A4A92000EE8CFB3FFE8CF8A
:1032F000B2FF120021C7E8FF310A0BE14DB602D040
:103300004DA603D0478C7D9204D000017D92488465
:103310004886000147B482D0000E1B647FD017EEB0
:1033200002F021EE80F0210E2E6EB8EC02F04AA8D9
:103330007FD017C700F095C1E8FF001819E09CEC9A
:1033400004F0000EF86E7B0EF76EC80EF66EBBEC46
:1033500005F0310E001A03E117EC1DF028D0000E25
:10336000F86E760EF76E160EF66EBBEC05F01FD0FB
:1033700018C700F096C1E8FF001819E09CEC04F0B3
:10338000000EF86E7B0EF76ED00EF66EBBEC05F0FD
:10339000310E001A03E117EC1DF009D0000EF86E93
:1033A000760EF76E160EF66EBBEC05F000D017EE3B
:1033B00012F021EE90F0050E2E6EB8EC02F04AA845
:1033C00002D017EC1DF020C700F09EC1E8FF0018E6
:1033D0001DE0000EF86E7A0EF76EF80EF66EBBEC7E
:1033E00005F0310E001A09E1000EF86E760EF76E48
:1033F000220EF66EBBEC05F009D0000EF86E760ECC
:10340000F76E160EF66EBBEC05F000D01DC73AF055
:103410009BC1E8FF3A1802E01DEC0DF017EE02F038
:1034200021EE80F0210E2E6EE650DE6E2E2EFCD7A1
:10343000120017EE02F0080E2E6EE650400A05E16B
:103440002E2EFBD738C037F004D086EC1BF071EC81
:103450001BF0120011EE53F003D017EE02F008D06B
:103460003050080A03E03050090A02E14CA438D178
:10347000010E2E6E2E04E350006EE8AE05D02E0E27
:103480008CEC05F0009E0050080E301805E0090E87
:10349000301802E0005015D000505E0AD8B4DAD0DF
:1034A00000505D0AD8B4DBD000503E0AD8B4DCD05E
:1034B00000503D0AD8B4DDD000505F0AD8B4ECD03B
:1034C0000050400A22E00050570A2BE00050590AF1
:1034D0005AE00050560A27E00050510A2EE00050F2
:1034E0003C0A6FE000503E0A6EE000505A0A7CE051
:1034F00000504B0A7BE00050490A7AE00050310A44
:10350000D8B40EEF1BF00050DAD049AE08D0000E50
:10351000F86E8D0EF76E560EF66EBBEC05F0200EB3
:10352000CED0490ECCD01C0E301805E1750E8CECB7
:1035300005F0200EC4D0750EC2D049BE22D0040EB4
:10354000E350570A0DE1070EE350540A09E1000E5B
:10355000F86E8D0EF76EE60EF66EBBEC05F0C0D081
:10356000050EE3504E0A0DE1070EE350520A09E141
:10357000000EF86E770EF76EAC0EF66EBBEC05F033
:10358000AFD04F0E9CD049BE1AD0050EE350420A70
:1035900005E1070EE350500A12E108D0040EE35093
:1035A000420A0DE1060EE350500A09E1000EF86EE2
:1035B0008D0EF76EF60EF66EBBEC05F091D0590E3F
:1035C0007ED04C0E7CD049AE0AD0000EF86E8D0E27
:1035D000F76E5E0EF66EBBEC05F0200E70D0200E7E
:1035E0008CEC05F02D0E6BD0630E69D0480E67D0C1
:1035F000080E2E6211D0060EE3503E0A0DE14EBEBB
:103600005ED0200E8CEC05F0320E8CEC05F0200E16
:103610008CEC05F0310E53D0005051D0060E2E62C6
:103620000AD0060EE3504E0A06E1070EE3504B0A9D
:1036300002E1490E44D0010E2E620AD0030EE3507F
:10364000570A06E1050EE350570A02E1490E37D04A
:10365000005035D0200E8CEC05F0320E30D0200E0C
:103660008CEC05F0310E2BD0200E8CEC05F0300EDA
:1036700026D04D0E8CEC05F0690E8CEC05F06E0E2C
:103680008CEC05F0750E8CEC05F0730E8CEC05F0EF
:10369000310E8CEC05F013D04D0E8CEC05F0690E5C
:1036A0008CEC05F06E0E8CEC05F0750E8CEC05F0D4
:1036B000730E8CEC05F0320E8CEC05F000D08CEC27
:1036C00005F049AE06D02C0E8CEC05F0200E8CECEB
:1036D00005F02E2A090E2E62CDD60D0E8CEC05F0CB
:1036E000120002C753F103C754F104C755F105C7CF
:1036F00056F106C757F107C758F108C759F109C76E
:103700005AF10AC75BF10BC75CF112004A9A02C773
:1037100000F053C1E8FF00623AD003C700F054C183
:10372000E8FF006234D004C700F055C1E8FF006232
:103730002ED005C700F056C1E8FF006228D006C7AA
:1037400000F057C1E8FF006222D007C700F058C15F
:10375000E8FF00621CD008C700F059C1E8FF006212
:1037600016D04AB606D009C700F05AC1E8FF006279
:103770000ED04A960AC700F05BC1E8FF006207D08E
:103780000BC700F05CC1E8FF006201D001D04A8A9B
:10379000120017EE02F0FD0E2B24396E2E6EE6504D
:1037A000200A05E12E2EFBD738C037F00CD085EC6F
:1037B0001CF04EAA03D04ABCC5EC1CF05FEC1CF018
:1037C0004EBC72EC1CF012004CA004D04EBC76D063
:1037D0004EAA74D011EE5EF007D017EE02F02BC0A7
:1037E00039F0FE0E392625D03050080A03E030505B
:1037F000090A0EE160C1E8FF2E0AD8B49CEC04F07F
:1038000061C1E8FF450A04E162C1E8FF510A56E0E0
:103810005EC1E8FF420A0DE15FC1E8FF570A09E116
:1038200060C1E8FF200A05E161C1E8FF200A01E06C
:1038300045D039502E6EE650006E49AE26D0200E8F
:10384000001809E1000EF86E8D0EF76E560EF66E3A
:10385000BBEC05F026D02E0E001809E1000EF86E24
:103860008D0EF76E640EF66EBBEC05F01AD02D0EC1
:10387000001809E1000EF86E8D0EF76E5E0EF66E02
:10388000BBEC05F00ED0005000D08CEC05F02E50B3
:10389000040A07E163C1E8FF2D0A03E1200E8CEC66
:1038A00005F049AE06D02C0E8CEC05F0200E8CEC09
:1038B00005F02E2EC0D70D0E8CEC05F0120002C7BD
:1038C0005EF103C75FF104C760F105C761F106C788
:1038D00062F107C763F108C764F109C765F10AC758
:1038E00066F1120002C769F103C76AF104C76BF100
:1038F00005C76CF106C76DF107C76EF108C76FF118
:1039000009C770F10AC771F112004A9C02C700F0A2
:103910005EC1E8FF006237D003C700F05FC1E8FF77
:10392000006231D004C700F060C1E8FF00622BD014
:1039300005C700F061C1E8FF006225D006C700F0AE
:1039400062C1E8FF00621FD007C700F063C1E8FF53
:10395000006219D008C700F064C1E8FF006213D00C
:10396000070E396411D009C700F065C1E8FF006295
:103970000AD0080E396408D00AC700F066C1E8FF13
:10398000006201D001D04A8C12004E9A02C700F0AA
:1039900069C1E8FF006237D003C700F06AC1E8FFE1
:1039A000006231D004C700F06BC1E8FF00622BD089
:1039B00005C700F06CC1E8FF006225D006C700F023
:1039C0006DC1E8FF00621FD007C700F06EC1E8FFBD
:1039D000006219D008C700F06FC1E8FF006213D081
:1039E000070E396411D009C700F070C1E8FF00620A
:1039F0000AD0080E396408D00AC700F071C1E8FF88
:103A0000006201D001D04E8A1200000EE8CF5EF1B4
:103A1000E8CF5FF1E8CF60F1E8CF61F1E8CF62F184
:103A2000E8CF63F1E8CF64F1E8CF65F1120012C787
:103A3000E8FF8CEC05F013C7E8FF8CEC05F014C729
:103A4000E8FF8CEC05F015C7E8FF8CEC05F016C715
:103A5000E8FF8CEC05F00D0E8CEC05F0120002C7AF
:103A6000E8FFD00FE8CF0AF303C7E8FFD00FE8CF95
:103A70000BF304C7E8FFD00FE8CF0CF33EEC05F0E2
:103A80000EC330F012004B944B924C922FEC1DF071
:103A9000FF0E306205D04C904C92B18A05EF2AF0AF
:103AA0004C80B19AFF0E316201D04C8230503118F7
:103AB000D8B405D04B824B9805EC1DF026D04CB6FF
:103AC00003D04CB81BD021D04C964CB406D04AAA97
:103AD0000CD04CAA9CEC04F04C9A2AEC1AF04A9AAE
:103AE0004C94020E376E05EF2AF0060E4BB8376E77
:103AF0004B98060E376209D005EF2AF04C984AAC75
:103B000003D0E4EC1BF04C8A00D0000EFB6E3B0EA1
:103B1000FA6ED8903034D8A002D0FA2AFA2AD89077
:103B2000E834D8B0FA2A016E320E0124D8B0FA2A4D
:103B3000F96E9AEF1FF0A9EF1FF0B8EF1FF0C8EF72
:103B40001FF0D8EF1FF0E8EF1FF0F7EF1FF006EFC0
:103B500020F019EF20F02BEF20F03DEF20F04CEF9C
:103B600020F05BEF20F06EEF20F07DEF20F08CEF87
:103B700020F09BEF20F0AAEF20F0B9EF20F0C8EF83
:103B800020F0D7EF20F0E6EF20F0F8EF20F007EF7D
:103B900021F02DEF21F03CEF21F04BEF21F05AEF17
:103BA00021F069EF21F078EF21F087EF21F096EF17
:103BB00021F0A5EF21F0B4EF21F0C3EF21F0D2EF17
:103BC00021F0E1EF21F0F4EF21F003EF22F013EF09
:103BD00022F023EF22F033EF22F043EF22F052EFF6
:103BE00022F061EF22F070EF22F07FEF22F08EEFF3
:103BF00022F09DEF22F0ACEF22F0BBEF22F0CAEFF3
:103C000022F0D9EF22F0E8EF22F0F7EF22F006EFF2
:103C100023F015EF23F024EF23F033EF23F042EFEE
:103C200023F051EF23F060EF23F06FEF23F07EEFEE
:103C300023F091EF23F0A0EF23F0AFEF23F0BEEFDE
:103C400023F0CDEF23F0DCEF23F0EBEF23F0FEEFDA
:103C500023F00DEF24F020EF24F030EF24F042EFBA
:103C600024F051EF24F060EF24F06FEF24F07EEFAA
:103C700024F08DEF24F09CEF24F0AFEF24F0BEEFA2
:103C800024F0CEEF24F0DDEF24F0ECEF24F0FBEF96
:103C900024F00EEF25F01DEF25F02DEF25F03DEF80
:103CA00025F04DEF25F05DEF25F06DEF25F07DEF70
:103CB00025F08CEF25F09BEF25F0AAEF25F0B9EF6A
:103CC00025F0C8EF25F0DBEF25F0EAEF25F0F9EF5E
:103CD00025F008EF26F01BEF26F02AEF26F03DEF47
:103CE00026F04CEF26F05BEF26F06AEF26F06CEF43
:103CF00026F07BEF26F08AEF26F099EF26F0A8EF6A
:103D000026F0B7EF26F0C6EF26F0D5EF26F0E4EF69
:103D100026F0F3EF26F002EF27F011EF27F020EF67
:103D200027F02FEF27F03EEF27F04DEF27F05CEF65
:103D300027F06BEF27F07AEF27F089EF27F098EF65
:103D400027F0A7EF27F0B6EF27F0C5EF27F0D4EF65
:103D500027F0E3EF27F0F2EF27F002EF28F011EF62
:103D600028F020EF28F02FEF28F03EEF28F04DEF5D
:103D700028F05FEF28F06EEF28F07DEF28F08CEF51
:103D800028F09BEF28F0AAEF28F0B9EF28F0C8EF51
:103D900028F0D7EF28F0E6EF28F0F5EF28F004EF51
:103DA00029F013EF29F022EF29F031EF29F040EF4D
:103DB00029F04FEF29F05EEF29F06DEF29F07CEF4D
:103DC00029F08BEF29F08BEF29F08BEF29F08BEFA7
:103DD00029F08BEF29F08BEF29F08BEF29F08BEF97
:103DE00029F08BEF29F08BEF29F08BEF29F08BEF87
:103DF00029F08BEF29F08BEF29F08BEF29F08BEF77
:103E000029F08BEF29F08BEF29F08BEF29F08BEF66
:103E100029F08BEF29F08BEF29F08BEF29F08BEF56
:103E200029F08BEF29F08BEF29F08BEF29F08BEF46
:103E300029F08BEF29F08BEF29F08BEF29F08BEF36
:103E400029F08BEF29F08BEF29F08BEF29F08BEF26
:103E500029F08BEF29F08BEF29F08BEF29F08BEF16
:103E600029F08BEF29F08BEF29F08BEF29F08BEF06
:103E700029F08BEF29F08BEF29F08BEF29F08BEFF6
:103E800029F08BEF29F08BEF29F08BEF29F08BEFE6
:103E900029F08BEF29F08BEF29F08BEF29F08BEFD6
:103EA00029F08BEF29F08BEF29F08BEF29F08BEFC6
:103EB00029F08BEF29F08BEF29F08BEF29F08BEFB6
:103EC00029F08BEF29F08BEF29F08BEF29F08BEFA6
:103ED00029F08BEF29F08BEF29F08BEF29F08BEF96
:103EE00029F08BEF29F08BEF29F08BEF29F08BEF86
:103EF00029F08DEF29F09CEF29F0ABEF29F0BAEF14
:103F000029F0C9EF29F0D8EF29F0E7EF29F0F6EF13
:103F100029F005EF2AF005EF2AF005EF2AF005EF6A
:103F20002AF005EF2AF005EF2AF005EF2AF005EF59
:103F30002AF012004BA209D04C84000EF86E810EBC
:103F4000F76E800EF66EBBEC05F0020E376E05EFD5
:103F50002AF04BA209D04C84000EF86E810EF76E49
:103F60008A0EF66EBBEC05F0020E376E05EF2AF0F6
:103F70004B844BA209D04C84000EF86E810EF76E74
:103F80009A0EF66EBBEC05F0020E376E05EF2AF0C6
:103F90004B844BA209D04C84000EF86E810EF76E54
:103FA000AA0EF66EBBEC05F0020E376E05EF2AF096
:103FB0004B844BA209D04C84000EF86E810EF76E34
:103FC000BE0EF66EBBEC05F0020E376E05EF2AF062
:103FD0004BA209D04C84000EF86E810EF76ED40E01
:103FE000F66EBBEC05F0020E376E05EF2AF04BA221
:103FF00009D04C84000EF86E810EF76EF00EF66E4E
:10400000BBEC05F0020E376E05EF2AF04E9C4BA27A
:104010000AD04C84000EF86E810EF76EFE0EF66E1E
:10402000BBEC05F04E8C020E376E4E8A4B8805EFC6
:104030002AF04E9C4BA209D04C84000EF86E820EE2
:10404000F76E120EF66EBBEC05F0020E376E4E8A5E
:104050004B8805EF2AF04E9C4BA209D04C84000EF1
:10406000F86E820EF76E280EF66EBBEC05F0020EAF
:10407000376E4E8A4B8805EF2AF04BA209D04C844C
:10408000000EF86E820EF76E400EF66EBBEC05F079
:10409000020E376E05EF2AF04BA209D04C84000EB9
:1040A000F86E820EF76E4E0EF66EBBEC05F0020E49
:1040B000376E05EF2AF04E9C4BA20AD04C84000EBE
:1040C000F86E820EF76E5C0EF66EBBEC05F04E8C51
:1040D000020E376E4E8A4B8805EF2AF04BA209D0AC
:1040E0004C84000EF86E820EF76E6A0EF66EBBEC14
:1040F00005F0020E376E05EF2AF04BA209D04C8472
:10410000000EF86E820EF76E760EF66EBBEC05F0C2
:10411000020E376E05EF2AF04BA209D04C84000E38
:10412000F86E820EF76E860EF66EBBEC05F0020E90
:10413000376E05EF2AF04BA209D04C84000EF86EC2
:10414000820EF76E940EF66EBBEC05F0020E376E23
:1041500005EF2AF04BA209D04C84000EF86E820EB7
:10416000F76EA20EF66EBBEC05F0020E376E05EF91
:104170002AF04BA209D04C84000EF86E820EF76E26
:10418000B20EF66EBBEC05F0020E376E05EF2AF0AC
:104190004BA209D04C84000EF86E820EF76EC00E52
:1041A000F66EBBEC05F0020E376E05EF2AF04BA25F
:1041B00009D04C84000EF86E820EF76ED00EF66EAB
:1041C000BBEC05F0020E376E05EF2AF04E9C4BA2B9
:1041D00009D04C84000EF86E820EF76EE00EF66E7B
:1041E000BBEC05F0020E376E4E8A4B8805EF2AF0C5
:1041F0004BA209D04C84000EF86E820EF76EF20EC0
:10420000F66EBBEC05F0020E376E05EF2AF04DB6E8
:1042100011D04DB40FD04BA209D04C84000EF86ED3
:10422000830EF76E060EF66EBBEC05F0020E376ECF
:1042300005EF2AF04E9C4BA20AD04C84000EF86E7B
:10424000830EF76E180EF66EBBEC05F04E8C020E68
:10425000376E4E8A4B8805EF2AF04BA209D04C846A
:10426000000EF86E830EF76E280EF66EBBEC05F0AE
:10427000020E376E05EF2AF04BA209D04C84000ED7
:10428000F86E830EF76E3C0EF66EBBEC05F0020E78
:10429000376E05EF2AF04BA209D04C84000EF86E61
:1042A000830EF76E4C0EF66EBBEC05F0020E376E09
:1042B00005EF2AF04BA209D04C84000EF86E830E55
:1042C000F76E5E0EF66EBBEC05F0020E376E05EF74
:1042D0002AF04BA209D04C84000EF86E830EF76EC4
:1042E0006E0EF66EBBEC05F0020E376E05EF2AF08F
:1042F0004BA209D04C84000EF86E830EF76E840E2C
:10430000F66EBBEC05F0020E376E05EF2AF04BA2FD
:1043100009D04C84000EF86E830EF76E8E0EF66E8A
:10432000BBEC05F0020E376E05EF2AF04BA209D068
:104330004C84000EF86E830EF76E9E0EF66EBBEC8C
:1043400005F0020E376E05EF2AF04BA209D04C841F
:10435000000EF86E830EF76EB00EF66EBBEC05F035
:10436000020E376E05EF2AF04BA209D04C84000EE6
:10437000F86E830EF76EBE0EF66EBBEC05F0020E05
:10438000376E05EF2AF04BA209D04C84000EF86E70
:10439000830EF76ECA0EF66EBBEC05F0020E376E9A
:1043A00005EF2AF04BA209D04C84000EF86E830E64
:1043B000F76ED80EF66EBBEC05F0020E376E05EF09
:1043C0002AF04E9C4BA20AD04C84000EF86E830E4D
:1043D000F76EEA0EF66EBBEC05F04E8C020E376EF1
:1043E0004E8A4B8805EF2AF04BA209D04C84000E70
:1043F000F86E830EF76EFC0EF66EBBEC05F0020E47
:10440000376E05EF2AF04BA209D04C84000EF86EEF
:10441000840EF76E120EF66EBBEC05F0020E376ED0
:104420004B8805EF2AF04BA209D04C84000EF86EA1
:10443000840EF76E300EF66EBBEC05F0020E376E92
:104440004B8805EF2AF04BA209D04C84000EF86E81
:10445000840EF76E4A0EF66EBBEC05F0020E376E58
:104460004B8805EF2AF04BA209D04C84000EF86E61
:10447000840EF76E620EF66EBBEC05F0020E376E20
:104480004B8805EF2AF04BA209D04C84000EF86E41
:10449000840EF76E820EF66EBBEC05F0020E376EE0
:1044A00005EF2AF04BA209D04C84000EF86E840E62
:1044B000F76EA00EF66EBBEC05F0020E376E05EF40
:1044C0002AF04BA209D04C84000EF86E840EF76ED1
:1044D000BC0EF66EBBEC05F0020E376E05EF2AF04F
:1044E0004BA209D04C84000EF86E840EF76ED00EED
:1044F000F66EBBEC05F0020E376E05EF2AF04BA20C
:1045000009D04C84000EF86E840EF76EE60EF66E3F
:10451000BBEC05F0020E376E05EF2AF04BA209D076
:104520004C84000EF86E850EF76E020EF66EBBEC34
:1045300005F0020E376E05EF2AF04BA209D04C842D
:10454000000EF86E850EF76E100EF66EBBEC05F0E1
:10455000020E376E05EF2AF04BA209D04C84000EF4
:10456000F86E850EF76E1C0EF66EBBEC05F0020EB3
:10457000376E05EF2AF04BA209D04C84000EF86E7E
:10458000850EF76E360EF66EBBEC05F0020E376E3A
:1045900005EF2AF04BA209D04C84000EF86E850E70
:1045A000F76E500EF66EBBEC05F0020E376E05EF9F
:1045B0002AF04BA209D04C84000EF86E850EF76EDF
:1045C000640EF66EBBEC05F0020E376E05EF2AF0B6
:1045D0004BA209D04C84000EF86E850EF76E740E57
:1045E000F66EBBEC05F0020E376E05EF2AF04BA21B
:1045F00009D04C84000EF86E850EF76E840EF66EB0
:10460000BBEC05F0020E376E05EF2AF04BA209D085
:104610004C84000EF86E850EF76E920EF66EBBECB3
:1046200005F0020E376E05EF2AF04BA209D04C843C
:10463000000EF86E850EF76EA00EF66EBBEC05F060
:10464000020E376E05EF2AF04BA209D04C84000E03
:10465000F86E850EF76EB60EF66EBBEC05F0020E28
:10466000376E05EF2AF04BA209D04C84000EF86E8D
:10467000850EF76EC40EF66EBBEC05F0020E376EBB
:1046800005EF2AF04BA209D04C84000EF86E850E7F
:10469000F76ED40EF66EBBEC05F0020E376E05EF2A
:1046A0002AF04BA209D04C84000EF86E850EF76EEE
:1046B000E20EF66EBBEC05F0020E376E05EF2AF047
:1046C0004BA209D04C84000EF86E850EF76EF40EE6
:1046D000F66EBBEC05F0020E376E05EF2AF04BA22A
:1046E00009D04C84000EF86E860EF76E0A0EF66E38
:1046F000BBEC05F0020E376E05EF2AF04E9C4BA284
:104700000AD04C84000EF86E860EF76E240EF66EFC
:10471000BBEC05F04E8C020E376E4E8A4B8805EFCF
:104720002AF04BA209D04C84000EF86E860EF76E6C
:10473000360EF66EBBEC05F0020E376E05EF2AF072
:104740004BA209D04C84000EF86E860EF76E460E12
:10475000F66EBBEC05F0020E376E05EF2AF04BA2A9
:1047600009D04C84000EF86E860EF76E5A0EF66E67
:10477000BBEC05F0020E376E05EF2AF04BA209D014
:104780004C84000EF86E860EF76E6C0EF66EBBEC67
:1047900005F0020E376E05EF2AF04BA209D04C84CB
:1047A000000EF86E860EF76E7E0EF66EBBEC05F010
:1047B000020E376E05EF2AF04BA209D04C84000E92
:1047C000F86E860EF76E8E0EF66EBBEC05F0020EDE
:1047D000376E05EF2AF04E9C4BA20AD04C84000E97
:1047E000F86E860EF76E9C0EF66EBBEC05F04E8CE6
:1047F000020E376E4E8A4B8805EF2AF04BA209D085
:104800004C84000EF86E860EF76EAC0EF66EBBECA6
:1048100005F0020E376E05EF2AF04E9C4BA20AD02F
:104820004C84000EF86E860EF76EBC0EF66EBBEC76
:1048300005F04E8C020E376E4E8A4B8805EF2AF03B
:104840004BA209D04C84000EF86E860EF76ECA0E8D
:10485000F66EBBEC05F0020E376E4A8605EF2AF0C5
:104860004E9C4BA209D04C84000EF86E860EF76E5B
:10487000D40EF66EBBEC05F0020E376E4E8A4B88F6
:1048800005EF2AF04BA209D04C84000EF86E860E7C
:10489000F76EE80EF66EBBEC05F0020E376E05EF14
:1048A0002AF04BA209D04C84000EF86E860EF76EEB
:1048B000FA0EF66EBBEC05F0020E376E05EF2AF02D
:1048C0004BA209D04C84000EF86E870EF76E080ECE
:1048D000F66EBBEC05F0020E376E05EF2AF04BA228
:1048E00009D04C84000EF86E870EF76E1A0EF66E25
:1048F000BBEC05F0020E376E05EF2AF04BA209D093
:104900004C84000EF86E870EF76E280EF66EBBEC28
:1049100005F0020E376E05EF2AF04BA209D04C8449
:10492000000EF86E870EF76E360EF66EBBEC05F0D5
:10493000020E376E05EF2AF04E9C4BA20AD04C8433
:10494000000EF86E870EF76E420EF66EBBEC05F0A9
:104950004E8C020E376E4E8A4B8805EF2AF04BA222
:1049600009D04C84000EF86E870EF76E500EF66E6E
:10497000BBEC05F0020E376E05EF2AF04BA209D012
:104980004C84000EF86E870EF76E600EF66EBBEC70
:1049900005F0020E376E4B8805EF2AF04BA209D0C6
:1049A0004C84000EF86E870EF76E700EF66EBBEC40
:1049B00005F0020E376E05EF2AF04BA209D04C84A9
:1049C000000EF86E870EF76E8A0EF66EBBEC05F0E1
:1049D000020E376E05EF2AF04BA209D04C84000E70
:1049E000F86E870EF76E9A0EF66EBBEC05F0020EAF
:1049F000376E05EF2AF04E9C4BA20AD04C84000E75
:104A0000F86E870EF76EB00EF66EBBEC05F04E8CAE
:104A1000020E376E4E8A4B8805EF2AF04BA209D062
:104A20004C84000EF86E870EF76EC20EF66EBBEC6D
:104A300005F0020E376E05EF2AF04BA209D04C8428
:104A4000000EF86E870EF76EDE0EF66EBBEC05F00C
:104A5000020E376E4B8805EF2AF04BA209D04C842A
:104A6000000EF86E870EF76EF60EF66EBBEC05F0D4
:104A7000020E376E4B8805EF2AF04BA209D04C840A
:104A8000000EF86E880EF76E0A0EF66EBBEC05F09F
:104A9000020E376E4B8805EF2AF04BA209D04C84EA
:104AA000000EF86E880EF76E1E0EF66EBBEC05F06B
:104AB000020E376E4B8805EF2AF04BA209D04C84CA
:104AC000000EF86E880EF76E340EF66EBBEC05F035
:104AD000020E376E4B8805EF2AF04BA209D04C84AA
:104AE000000EF86E880EF76E4C0EF66EBBEC05F0FD
:104AF000020E376E4B8805EF2AF04BA209D04C848A
:104B0000000EF86E880EF76E640EF66EBBEC05F0C4
:104B1000020E376E05EF2AF04BA209D04C84000E2E
:104B2000F86E880EF76E700EF66EBBEC05F0020E96
:104B3000376E05EF2AF04BA209D04C84000EF86EB8
:104B4000880EF76E800EF66EBBEC05F0020E376E27
:104B500005EF2AF04BA209D04C84000EF86E880EA7
:104B6000F76E960EF66EBBEC05F0020E376E05EF93
:104B70002AF04BA209D04C84000EF86E880EF76E16
:104B8000A80EF66EBBEC05F0020E376E05EF2AF0AC
:104B90004E9C4BA20AD04C84000EF86E880EF76E25
:104BA000C20EF66EBBEC05F04E8C020E376E4E8ACE
:104BB0004B8805EF2AF04BA209D04C84000EF86E0A
:104BC000880EF76ED20EF66EBBEC05F0020E376E55
:104BD00005EF2AF04BA209D04C84000EF86E880E27
:104BE000F76EE00EF66EBBEC05F0020E376E05EFC9
:104BF0002AF04BA209D04C84000EF86E880EF76E96
:104C0000F00EF66EBBEC05F0020E376E05EF2AF0E3
:104C10004E9C4BA20AD04C84000EF86E880EF76EA4
:104C2000FE0EF66EBBEC05F04E8C020E376E4E8A11
:104C30004B8805EF2AF04BA209D04C84000EF86E89
:104C4000890EF76E1C0EF66EBBEC05F0020E376E89
:104C500005EF2AF04E9C4BA20AD04C84000EF86E51
:104C6000890EF76E2C0EF66EBBEC05F04E8C020E24
:104C7000376E4E8A4B8805EF2AF04BA209D04C8440
:104C8000000EF86E890EF76E400EF66EBBEC05F066
:104C9000020E376E05EF2AF04BA209D04C84000EAD
:104CA000F86E890EF76E520EF66EBBEC05F0020E32
:104CB000376E05EF2AF04BA209D04C84000EF86E37
:104CC000890EF76E620EF66EBBEC05F0020E376EC3
:104CD00005EF2AF005EF2AF04BA209D04C84000E14
:104CE000F86E890EF76E780EF66EBBEC05F0020ECC
:104CF000376E05EF2AF04BA209D04C84000EF86EF7
:104D0000890EF76E840EF66EBBEC05F0020E376E60
:104D100005EF2AF04BA209D04C84000EF86E890EE4
:104D2000F76E920EF66EBBEC05F0020E376E05EFD5
:104D30002AF04BA209D04C84000EF86E890EF76E53
:104D4000A00EF66EBBEC05F0020E376E05EF2AF0F2
:104D50004BA209D04C84000EF86E890EF76EB00E8F
:104D6000F66EBBEC05F0020E376E05EF2AF04BA293
:104D700009D04C84000EF86E890EF76EBE0EF66EEA
:104D8000BBEC05F0020E376E05EF2AF04BA209D0FE
:104D90004C84000EF86E890EF76ECE0EF66EBBECEC
:104DA00005F0020E376E05EF2AF04BA209D04C84B5
:104DB000000EF86E890EF76EDE0EF66EBBEC05F097
:104DC000020E376E05EF2AF04BA209D04C84000E7C
:104DD000F86E890EF76EEC0EF66EBBEC05F0020E67
:104DE000376E05EF2AF04BA209D04C84000EF86E06
:104DF0008A0EF76E060EF66EBBEC05F0020E376EED
:104E000005EF2AF04BA209D04C84000EF86E8A0EF2
:104E1000F76E140EF66EBBEC05F0020E376E05EF62
:104E20002AF04BA209D04C84000EF86E8A0EF76E61
:104E3000220EF66EBBEC05F0020E376E05EF2AF07F
:104E40004BA209D04C84000EF86E8A0EF76E320E1B
:104E5000F66EBBEC05F0020E376E05EF2AF04BA2A2
:104E600009D04C84000EF86E8A0EF76E3E0EF66E78
:104E7000BBEC05F0020E376E05EF2AF04BA209D00D
:104E80004C84000EF86E8A0EF76E500EF66EBBEC78
:104E900005F0020E376E05EF2AF04BA209D04C84C4
:104EA000000EF86E8A0EF76E600EF66EBBEC05F023
:104EB000020E376E05EF2AF04BA209D04C84000E8B
:104EC000F86E8A0EF76E6E0EF66EBBEC05F0020EF3
:104ED000376E05EF2AF04BA209D04C84000EF86E15
:104EE0008A0EF76E840EF66EBBEC05F0020E376E7E
:104EF00005EF2AF04BA209D04C84000EF86E8A0E02
:104F0000F76E940EF66EBBEC05F0020E376E05EFF1
:104F10002AF04BA209D04C84000EF86E8A0EF76E70
:104F2000A40EF66EBBEC05F0020E376E05EF2AF00C
:104F30004BA209D04C84000EF86E8A0EF76EB20EAA
:104F4000F66EBBEC05F0020E376E05EF2AF04BA2B1
:104F500009D04C84000EF86E8A0EF76EC00EF66E05
:104F6000BBEC05F0020E376E05EF2AF04BA209D01C
:104F70004C84000EF86E8A0EF76ED60EF66EBBEC01
:104F800005F0020E376E05EF2AF04BA209D04C84D3
:104F9000000EF86E8A0EF76EE40EF66EBBEC05F0AE
:104FA000020E376E05EF2AF04BA209D04C84000E9A
:104FB000F86E8A0EF76EF40EF66EBBEC05F0020E7C
:104FC000376E05EF2AF04BA209D04C84000EF86E24
:104FD0008B0EF76E020EF66EBBEC05F0020E376E0E
:104FE00005EF2AF04BA209D04C84000EF86E8B0E10
:104FF000F76E0E0EF66EBBEC05F0020E376E4A86AB
:1050000005EF2AF04BA209D04C84000EF86E8B0EEF
:10501000F76E360EF66EBBEC05F0020E376E05EF3E
:105020002AF04BA209D04C84000EF86E8B0EF76E5E
:10503000440EF66EBBEC05F0020E376E05EF2AF05B
:105040004BA209D04C84000EF86E8B0EF76E660EE4
:10505000F66EBBEC05F0020E376E05EF2AF04BA2A0
:1050600009D04C84000EF86E8B0EF76E740EF66E3F
:10507000BBEC05F0020E376E05EF2AF04BA209D00B
:105080004C84000EF86E8B0EF76E860EF66EBBEC3F
:1050900005F0020E376E05EF2AF04E9C4BA209D0A8
:1050A0004C84000EF86E8B0EF76E940EF66EBBEC11
:1050B00005F0020E376E4E8A4B8805EF2AF04BA2A0
:1050C00009D04C84000EF86E8B0EF76EAC0EF66EA7
:1050D000BBEC05F0020E376E05EF2AF04BA209D0AB
:1050E0004C84000EF86E8B0EF76EBC0EF66EBBECA9
:1050F00005F0020E376E05EF2AF04BA209D04C8462
:10510000000EF86E8B0EF76ED20EF66EBBEC05F04D
:10511000020E376E05EF2AF04BA209D04C84000E28
:10512000F86E8B0EF76EE60EF66EBBEC05F0020E17
:10513000376E05EF2AF04BA209D04C84000EF86EB2
:105140008B0EF76EF80EF66EBBEC05F0020E376EA6
:1051500005EF2AF04BA209D04C84000EF86E8C0E9D
:10516000F76E020EF66EBBEC05F0020E376E05EF21
:105170002AF04BA209D04C84000EF86E8C0EF76E0C
:105180000E0EF66EBBEC05F0020E376E05EF2AF040
:105190004BA209D04C84000EF86E8C0EF76E160EE2
:1051A000F66EBBEC05F0020E376E05EF2AF04BA24F
:1051B00009D04C84000EF86E8C0EF76E240EF66E3D
:1051C000BBEC05F0020E376E05EF2AF04BA209D0BA
:1051D0004C84000EF86E8C0EF76E300EF66EBBEC43
:1051E00005F0020E376E05EF2AF04BA209D04C8471
:1051F000000EF86E8C0EF76E3E0EF66EBBEC05F0F0
:10520000020E376E05EF2AF04BA209D04C84000E37
:10521000F86E8C0EF76E4A0EF66EBBEC05F0020EC1
:10522000376E05EF2AF04BA209D04C84000EF86EC1
:105230008C0EF76E560EF66EBBEC05F0020E376E56
:1052400005EF2AF04BA209D04C84000EF86E8C0EAC
:10525000F76E600EF66EBBEC05F0020E376E05EFD2
:105260002AF04BA209D04C84000EF86E8C0EF76E1B
:10527000720EF66EBBEC05F0020E376E05EF2AF0EB
:105280004BA209D04C84000EF86E8C0EF76E7C0E8B
:10529000F66EBBEC05F0020E376E05EF2AF04BA25E
:1052A00009D04C84000EF86E8C0EF76E8C0EF66EE4
:1052B000BBEC05F0020E376E05EF2AF04BA209D0C9
:1052C0004C84000EF86E8C0EF76E9C0EF66EBBECE6
:1052D00005F0020E376E05EF2AF04BA209D04C8480
:1052E000000EF86E8C0EF76EAC0EF66EBBEC05F091
:1052F000020E376E05EF2AF04BA209D04C84000E47
:10530000F86E8C0EF76EB80EF66EBBEC05F0020E62
:10531000376E05EF2AF005EF2AF04BA209D04C8436
:10532000000EF86E8C0EF76EC60EF66EBBEC05F036
:10533000020E376E05EF2AF04BA209D04C84000E06
:10534000F86E8C0EF76ED20EF66EBBEC05F0020E08
:10535000376E05EF2AF04BA209D04C84000EF86E90
:105360008C0EF76EDE0EF66EBBEC05F0020E376E9D
:1053700005EF2AF04BA209D04C84000EF86E8C0E7B
:10538000F76EEA0EF66EBBEC05F0020E376E05EF17
:105390002AF04BA209D04C84000EF86E8C0EF76EEA
:1053A000F60EF66EBBEC05F0020E376E05EF2AF036
:1053B0004BA209D04C84000EF86E8D0EF76E020ED3
:1053C000F66EBBEC05F0020E376E05EF2AF04BA22D
:1053D00009D04C84000EF86E8D0EF76E0E0EF66E30
:1053E000BBEC05F0020E376E05EF2AF04BA209D098
:1053F0004C84000EF86E8D0EF76E1A0EF66EBBEC36
:1054000005F0020E376E05EF2AF030C031F01200C1
:1054100002C7E8FF006EF4C1E8FF001804E000C016
:10542000F4F1040E376E120002C7E8FF240A16E1F9
:10543000000EF86E790EF76ED40EF66EBBEC05F02A
:10544000000EE8CF0AF305C7E8FFD00FE8CF0BF353
:1054500006C7E8FFD00FE8CF0CF30DD0000EE8CF61
:105460000AF304C7E8FFD00FE8CF0BF305C7E8FF46
:10547000D00FE8CF0CF3530E8CEC05F03EEC05F0AA
:105480000EC300F0000EFB6E540EFA6E0044016E67
:105490009A0E0124D8B0FA2AF96E17D01AD01DD06E
:1054A00020D023D026D029D02CD02FD032D035D028
:1054B0003ED04AD056D062D06ED07AD086D092D02C
:1054C0009ED0AAD0B6D0B5D0C0D0300E8CEC05F0AE
:1054D000BCD0310E8CEC05F0B8D0320E8CEC05F05F
:1054E000B4D0330E8CEC05F0B0D0340E8CEC05F05B
:1054F000ACD0350E8CEC05F0A8D0360E8CEC05F057
:10550000A4D0370E8CEC05F0A0D0380E8CEC05F052
:105510009CD0390E8CEC05F098D0390E8CEC05F04F
:105520002B0E8CEC05F0350E8CEC05F08ED0390E80
:105530008CEC05F02B0E8CEC05F0310E8CEC05F0AC
:10554000300E8CEC05F081D0390E8CEC05F02B0E72
:105550008CEC05F0310E8CEC05F0350E8CEC05F082
:1055600074D0390E8CEC05F02B0E8CEC05F0320E5D
:105570008CEC05F0300E8CEC05F067D0390E8CEC1D
:1055800005F02B0E8CEC05F0320E8CEC05F0350E90
:105590008CEC05F05AD0390E8CEC05F02B0E8CEC0F
:1055A00005F0330E8CEC05F0300E8CEC05F04DD090
:1055B000390E8CEC05F02B0E8CEC05F0330E8CECD8
:1055C00005F0350E8CEC05F040D0390E8CEC05F072
:1055D0002B0E8CEC05F0340E8CEC05F0300E8CECC0
:1055E00005F033D0390E8CEC05F02B0E8CEC05F069
:1055F000340E8CEC05F0350E8CEC05F026D0390E0F
:105600008CEC05F02B0E8CEC05F0350E8CEC05F0D7
:10561000300E8CEC05F019D0390E8CEC05F02B0E09
:105620008CEC05F0350E8CEC05F0350E8CEC05F0AD
:105630000CD0390E8CEC05F02B0E8CEC05F0360EF0
:105640008CEC05F0300E8CEC05F00D0E8CEC05F0BA
:10565000120004C7E8FF300A06E103C7E8FF300A7A
:10566000D8B47AEF2BF0000EE8CF0AF303C7E8FFB7
:10567000D00FE8CF0BF304C7E8FFD00FE8CF0CF34F
:105680003EEC05F00EC33FF017EE05F021EEC0F042
:105690003CC03DF03FC041F0E650006E3C5000C0C1
:1056A000DBFF3C2A300E3C18D8B43C6A412EF4D7BC
:1056B0003FC041F0406A3D504024006E402A300E09
:1056C000006002D0005002D0D00E0024DBCFE8FFF3
:1056D000006EC60F0A0FD8B04E88200E0018D8B43E
:1056E0004E862A0E0018D8B44E864EB67BEC2BF0B0
:1056F000412EE1D7120040503D26300E3D18D8B45F
:105700003D6A3E503D6403D03D5C426E06D0300E93
:10571000006E3E50005C3D24426E3E50DB50006EF9
:105720003E2A300E3E18D8B43E6A2A0E001807E111
:1057300000501B668CEC05F0200E006E1FD05F0E33
:10574000001804E10D0E8CEC05F018D02F0E001897
:1057500015E1200E8CEC05F0530E8CEC05F06C0E70
:105760008CEC05F0610E8CEC05F0730E8CEC05F002
:10577000680E8CEC05F0200E8CEC05F000508CECE3
:1057800005F04EA809D00050410A03E1270E8CEC29
:1057900005F00D0E8CEC05F0422EBFD70D0E8CECF3
:1057A00005F04E964E98406A1200000EF86E7B0E81
:1057B000F76EB20EF66EBBEC05F005C7E8FF300AD7
:1057C0001AE004C7E8FF320A09E1000EF86E780E0D
:1057D000F76EE00EF66EBBEC05F015D004C7E8FFDF
:1057E000340A11E1000EF86E780EF76EEE0EF66ECA
:1057F000BBEC05F008D0000EF86E760EF76E160EB4
:10580000F66EBBEC05F01200000EF86E7A0EF76E25
:10581000B60EF66EBBEC05F005C7E8FF300A10E0E7
:1058200002C7E8FF8CEC05F003C7E8FF8CEC05F03D
:1058300004C7E8FF8CEC05F0570E8CEC05F013D094
:1058400002C7E8FF8CEC05F003C7E8FF8CEC05F01D
:105850002E0E8CEC05F004C7E8FF8CEC05F0570E1B
:105860008CEC05F000D00D0E8CEC05F01200020E51
:105870002D6EE350240A09E1000EF86E790EF76EE2
:10588000D40EF66EBBEC05F02D2A000EF86E7A0EE3
:10589000F76EDA0EF66EBBEC05F04DA21FD02D2A86
:1058A0002D50E350300A06E12D062D50E350300A0A
:1058B0001AE02D2A2D062D50E3508CEC05F02D2AF0
:1058C0002D50E3508CEC05F0440E8CEC05F0420EAC
:1058D0008CEC05F00D0E8CEC05F016D02D2A2D5019
:1058E000E350300A09E1000EF86E760EF76E160EE0
:1058F000F66EBBEC05F008D0000EF86E760EF76E73
:10590000220EF66EBBEC05F01200020E2D6EE35077
:10591000240A09E1000EF86E790EF76ED40EF66EC9
:10592000BBEC05F02D2A2D50E350300A09E1000EA2
:10593000F86E760EF76E160EF66EBBEC05F008D01C
:10594000000EF86E760EF76E220EF66EBBEC05F0CA
:10595000120002C7E8FF240A1DE1000EF86E790E5E
:10596000F76ED40EF66EBBEC05F0000EF86E7A0EF4
:10597000F76E300EF66EBBEC05F003C7E8FF8CEC5B
:1059800005F004C7E8FF8CEC05F005C7E8FF8CECD8
:1059900005F014D0000EF86E7A0EF76E300EF66E2B
:1059A000BBEC05F002C7E8FF8CEC05F003C7E8FF8D
:1059B0008CEC05F004C7E8FF8CEC05F00D0E8CECC8
:1059C00005F01200000EF86E7A0EF76E3A0EF66EC3
:1059D000BBEC05F002C7E8FF8CEC05F00D0E8CEC7B
:1059E00005F0120002C7E8FF8CEC05F003C7E8FFE2
:1059F0008CEC05F004C7E8FF8CEC05F00D0E8CEC88
:105A000005F01200000EF86E7A0EF76E500EF66E6C
:105A1000BBEC05F002C7E8FF8CEC05F003C7E8FF1C
:105A20008CEC05F004C7E8FF8CEC05F00D0E8CEC57
:105A300005F012009CEC04F04C9C02C7E8FF240A1D
:105A400011E14C8C000EF86E790EF76ED40EF66EE6
:105A5000BBEC05F003C702F704C703F705C704F75B
:105A600006C705F717EE02F021EEA8F0040E2E6E21
:105A7000B8EC02F04AA82AD0000EF86E7A0EF76E43
:105A8000740EF66EBBEC05F002C7E8FF8CEC05F077
:105A900003C7E8FF8CEC05F02E0E8CEC05F004C774
:105AA000E8FF8CEC05F005C7E8FF300A04E005C705
:105AB000E8FF8CEC05F00D0E8CEC05F002C7A8F1A8
:105AC00003C7A9F104C7AAF105C7ABF1120003C7C8
:105AD000F5F104C7F6F105C7F7F106C7F8F1440E72
:105AE000E8CFB0F1420EE8CFB1F13B0EE8CFB2F112
:105AF0007FEC33F04EA216D002C7E8FF4C0A0DE04F
:105B000002C7E8FF480A09E002C7E8FF460A05E0C5
:105B100002C7E8FF420A01E005D09CEC04F0EDEC7E
:105B20001BF038D0F5C103F7F6C104F7F7C105F74C
:105B3000F8C106F717EE03F021EEA4F0040E2E6E66
:105B4000B8EC02F04AA826D02C0E8CEC05F0000E22
:105B5000F86E7B0EF76EBC0EF66EBBEC05F003C75D
:105B6000E8FF8CEC05F004C7E8FF8CEC05F005C7F6
:105B7000E8FF8CEC05F006C7E8FF8CEC05F00D0E95
:105B80008CEC05F003C7A4F104C7A5F105C7A6F185
:105B900006C7A7F11200000EF86E7A0EF76E8E0E91
:105BA000F66EBBEC05F002C7E8FF8CEC05F003C70E
:105BB000E8FF8CEC05F004C7E8FF8CEC05F00D0E57
:105BC0008CEC05F01200000EF86E7A0EF76E820E65
:105BD000F66EBBEC05F002C7E8FF8CEC05F003C7DE
:105BE000E8FF8CEC05F004C7E8FF8CEC05F00D0E27
:105BF0008CEC05F01200000EF86E7A0EF76E9C0E1B
:105C0000F66EBBEC05F002C7E8FF8CEC05F003C7AD
:105C1000E8FF8CEC05F004C7E8FF8CEC05F00D0EF6
:105C20008CEC05F0120002C7E8FF240A1DE1000E0B
:105C3000F86E790EF76ED40EF66EBBEC05F0000E22
:105C4000F86E810EF76E240EF66EBBEC05F003C7FE
:105C5000E8FF8CEC05F004C7E8FF8CEC05F005C705
:105C6000E8FF8CEC05F014D0000EF86E810EF76E94
:105C7000240EF66EBBEC05F002C7E8FF8CEC05F0D5
:105C800003C7E8FF8CEC05F004C7E8FF8CEC05F0D7
:105C90000D0E8CEC05F01200020E2D6EE350240A5E
:105CA00009E1000EF86E790EF76ED40EF66EBBECBD
:105CB00005F02D2A000EF86E7A0EF76EAC0EF66E19
:105CC000BBEC05F02D50E350300A09E1000EF86EF0
:105CD000760EF76E160EF66EBBEC05F00FD02D505B
:105CE000E350320A03E1320E8CEC05F0000EF86E40
:105CF000760EF76E220EF66EBBEC05F012009D904C
:105D00004A94CF6ACE6A9E909D80120087EC04F080
:105D1000000EFB6E5D0EFA6E0444016E260E012429
:105D2000D8B0FA2AF96E10D030D056D074D0B6D090
:105D3000D8D000D122D158D179D195D1B3D1E4D1E5
:105D400000D226D25CD2120048BE12D049AA03D09B
:105D5000CFEC08F0A8D249B808D049B603D0FAEC85
:105D60000AF0A1D253EC15F09ED2C1EC0BF09BD2FD
:105D700049BA91D249B808D049B603D028EC0BF003
:105D800092D2E4EC15F08FD286D248BE14D049AA44
:105D900003D0CFEC08F087D249B80AD049B604D076
:105DA000499EE0EC0AF07FD2498EE0EC0AF07BD20B
:105DB000D4EC09F078D249BA6ED249B80AD049B6C3
:105DC00004D0499EC6EC0AF06ED2498EC6EC0AF0A9
:105DD0006AD23DEC0AF067D248BE10D049AA03D07F
:105DE000CFEC08F060D249B808D049B603D0F8EC3F
:105DF00033F059D210EC07F056D24DD249BA4BD2FB
:105E000049B808D049B603D055EC07F04CD2CBECDA
:105E100006F049D240D248BE2CD049BA3CD249B64D
:105E20001BD049A80CD000D049964998000EF86EB6
:105E3000770EF76E920EF66EBBEC05F037D2498600
:105E40004998000EF86E770EF76E800EF66EBBEC7A
:105E500005F052EC04F02AD249884996000EF86EFB
:105E6000770EF76E880EF66EBBEC05F052EC04F080
:105E70001DD249BA10D249B60ED249B80CD24782C7
:105E80000FC000F0000E0F6E468845848FEC36F090
:105E90004698459400C00FF0479205D248BE12D0F4
:105EA00049AA03D0CFEC08F0FED149B80AD049B6D0
:105EB00004D04E948CEC11F0F6D14E94C4EC11F059
:105EC000F2D1E9D149BAE7D149B80AD049B604D0EC
:105ED0004E848CEC11F0E7D14E84C4EC11F0E3D188
:105EE000DAD148BE0ED049AA03D0CFEC08F0DBD1FE
:105EF00049B806D049B603D0AAEC0BF0D4D1CBD127
:105F0000CAD149BAC8D149B808D049B603D088EC3B
:105F100012F0C9D1C7EC12F0C6D1000EF86E8D0E8A
:105F2000F76EFE0EF66EBBEC05F04E8EC7EC12F06F
:105F30004E9EB9D148BE12D049AA03D0CFEC08F08A
:105F4000B2D149B80AD049B604D04E9459EC0BF0FE
:105F5000AAD14E9433EC16F0A6D19DD149BA9BD16B
:105F600049B80AD049B604D04E8459EC0BF09BD105
:105F70004E8433EC16F097D18ED148BE1ED049B86E
:105F80001BD049B618D049BA0CD0498A000EF86E19
:105F90007C0EF76E340EF66EBBEC05F052EC04F09E
:105FA00085D1499A000EF86E7C0EF76E3A0EF66EA9
:105FB000BBEC05F078D16FD16ED149BA6CD149B83C
:105FC00012D049B60FD047800FC000F0000E0F6E00
:105FD000468845848FEC36F04698459400C00FF013
:105FE000479061D158D157D148BE11D049AA03D0AA
:105FF000CFEC08F058D149B809D049B604D04E9436
:10600000F8EC0DF050D1BEEC07F04DD144D149BAB7
:1060100042D149B80AD049B604D04E84F8EC0DF00C
:1060200042D14E847DEC08F03ED135D148BE10D02F
:1060300049AA03D0CFEC08F036D149B808D049B608
:1060400003D05FEC0FF02FD188EC0CF02CD123D1D2
:1060500049BA21D149B806D049B603D096EC0DF023
:1060600022D119D118D148BE10D049AA03D0CFEC03
:1060700008F019D149B808D049B603D0D2EC10F0D5
:1060800012D1BBEC09F00FD106D149BA04D149B8FD
:1060900008D049B603D0ADEC11F005D1ADEC0DF050
:1060A00002D1F9D048BE19D049AA01D0F4D049B8DC
:1060B00013D049B610D047800FC000F00C0E0F6E01
:1060C000468845848FEC36F04698459400C00FF022
:1060D0004790479AE8D0DFD0DED049BADCD049B843
:1060E00012D049B60FD0000EF86E770EF76E0C0E78
:1060F000F66EBBEC05F0456A458446888FEC36F0B9
:106100004698C6D0C8D0C7D048BE0FD049AA01D043
:10611000C2D049B809D049B604D04E945DEC12F013
:10612000C2D0A2EC09F0BFD0B6D049BAB4D049B8B9
:1061300007D049B604D04E845DEC12F0B4D0ABD099
:10614000AAD048BE14D049AA03D0CFEC08F0ABD0F7
:1061500049B809D049B604D04E949FEC0CF0A3D0B6
:10616000E5EC11F0A0D04E9404EC08F09CD049BAB4
:1061700092D049B809D049B604D04E849FEC0CF0B7
:1061800092D0E5EC14F08FD04E8404EC08F08BD064
:1061900048BE28D049AA01D07ED049B822D049B6FD
:1061A00015D04CBE07D0000EF86E7A0EF76E280E92
:1061B000F66E06D0000EF86E7A0EF76E2C0EF66EA6
:1061C000BBEC05F0036A456A458262D0000EF86EAA
:1061D000770EF76E580EF66EBBEC05F019EC33F047
:1061E00062D059D049BA57D049B808D049B603D07F
:1061F0000EEC15F058D04AEC33F055D04CD048BED8
:1062000018D049AA01D047D049B812D049B60FD00A
:1062100047800FC000F00B0E0F6E468845848FEC50
:1062200036F04698459400C00FF047903CD00AD015
:1062300032D049BA30D049B810D049B603D04FEC6B
:1062400036F031D0000EF86E7D0EF76E260EF66E2B
:10625000BBEC05F0456A458A26D04DB203D04DB05F
:106260000CD019D0000EF86E800EF76EC20EF66ECE
:10627000BBEC05F04D804D9216D0000EF86E800EEE
:10628000F76EC60EF66EBBEC05F04D824D900BD04E
:1062900052EC04F008D0000EF86E760EF76E8C0EFD
:1062A000F66EBBEC05F049964998499A046A7D92CE
:1062B0001200000EFB6E620EFA6E0444016EC80EF0
:1062C0000124D8B0FA2AF96E10D01DD02AD037D0C8
:1062D0003DD04AD057D064D06CD079D086D093D0FE
:1062E0009BD0B2D0BFD0E5D01200000EF86E740E75
:1062F000F76EF00EF66EBBEC05F0032A310E046E5D
:106300002DEC34F0E4D0000EF86E740EF76EF40E3F
:10631000F66EBBEC05F0032A320E046E2DEC34F061
:10632000D6D0000EF86E740EF76EF80EF66EBBEC5B
:1063300005F0032A330E046E2DEC34F0C8D0000EA5
:10634000F86E760EF76E8C0EF66EC1D0000EF86EFB
:10635000750EF76E000EF66EBBEC05F0032A340ED8
:10636000046E2DEC34F0B3D0000EF86E750EF76E9F
:10637000040EF66EBBEC05F0032A350E046E2DEC10
:1063800034F0A5D0000EF86E750EF76E080EF66E9E
:10639000BBEC05F0032A360E046E2DEC34F097D0DA
:1063A000000EF86E760EF76E8C0EF66EBBEC05F0F6
:1063B0008ED0000EF86E750EF76E100EF66EBBECFA
:1063C00005F0032A370E046E2DEC34F080D0000E59
:1063D000F86E750EF76E140EF66EBBEC05F0032A20
:1063E000380E046E2DEC34F072D0000EF86E750E7F
:1063F000F76E180EF66EBBEC05F0032A390E046E2C
:106400002DEC34F064D0000EF86E760EF76E8C0E24
:10641000F66EBBEC05F05BD008664BD0060E031899
:1064200007E1000EF86E760EF76E8C0EF66E4FD00A
:10643000000EF86E750EF76E260EF66EBBEC05F0CC
:1064400003C008F0082A43D0000EF86E750EF76EF0
:106450002E0EF66EBBEC05F0032A300E046E2DEC0A
:1064600034F035D00352D8A416D04CBE0AD0000E5A
:10647000F86E7A0EF76E2C0EF66EBBEC05F04C8EB5
:1064800026D0000EF86E7A0EF76E280EF66EBBEC74
:1064900005F04C9E1CD0000EF86E750EF76E3A0E8D
:1064A000F66EBBEC05F0456A45806BEC32F0036A92
:1064B00010D0000EF86E770EF76E600EF66EBBEC25
:1064C00005F0456A4580486A036A086A02D052ECC2
:1064D00004F0046A1200300E006E01EE30F003C0CA
:1064E00025F00852D8B404D0081C070F076E61D0FD
:1064F000030E031824E1000EEB50390A20E1010ECF
:10650000EB50390A1CE1020EEB50390A18E1320E49
:1065100056EC05F0000EF86E780EF76E800EF66EF3
:10652000BBEC05F0C80E56EC05F0F29EF29C43EC75
:106530003AF054EC3AF0C80E56EC05F0FF00030EAA
:10654000031818E1000EEB50370A14E1010EEB506E
:10655000370A10E1020EEB50370A0CE1320E56EC0E
:1065600005F0000EF86E8E0EF76E180EF66EBBEC90
:1065700005F05ED0040E076E010E03181AE0030E3C
:10658000076E020E031815E0020E076E030E0318C5
:1065900010E0040E076E040E03180BE0030E076EE6
:1065A000050E031806E0020E076E060E031801E042
:1065B0003FD025062550EBCF2AF000C0EBFF072483
:1065C0002AC0EBFF2552D8A4F4D7460E40EC02F0C7
:1065D000410E4CBE420E40EC02F04CAE48844CBE24
:1065E00048860B0E256E076A01EE30F00750EBCFA0
:1065F000E8FF40EC02F0072A252EF6D73B0E40ECD0
:1066000002F0086A30C1A1F531C1A2F532C1A3F58B
:1066100033C1A4F534C1A5F535C1A6F536C1A7F53A
:1066200037C1A8F538C1A9F539C1AAF53AC1ABF50A
:1066300012004AA4FED7C1EC02F055EC05F0A1C54A
:10664000E8FF000A09E1000EF86E7A0EF76E120EEE
:10665000F66EBBEC05F01DD0460E40EC02F0410E8C
:106660004CBE420E40EC02F04CAE48844CBE488614
:106670000B0E256E076A05EEA1F00750EBCFE8FF81
:1066800040EC02F0072A252EF6D73B0E40EC02F034
:10669000086A12004AA4FED7C1EC02F055EC05F0DE
:1066A000460EE8CFB0F1410E4CBE420EE8CFB1F13C
:1066B0003B0EE8CFB2F17FEC33F04EA21ED002C702
:1066C000A1F503C7A2F504C7A3F505C7A4F506C73E
:1066D000A5F507C7A6F508C7A7F509C7A8F50AC70E
:1066E000A9F50BC7AAF50CC7ABF5000EF86E770E2F
:1066F000F76E500EF66EBBEC05F02B6A120078ECCC
:1067000004F04E92498011EEB0F0180E2B6EE6CFD9
:1067100043F0435040EC02F043503B0A0CE02B06A0
:10672000D8A4F5D7000EF86E790EF76E480EF66E07
:10673000BBEC05F02AD0C1EC02F0C6EC33F049A066
:1067400024D000C743F0B0C1E8FF431807E101C7F8
:1067500043F0B1C1E8FF431801E103D007EC05F0B5
:10676000D2D700C743F0440A0FE101C743F0530AF0
:106770000BE117EE02F0080E2E6EE650400A04E11F
:106780002E2EFBD74984BFD74E82120046968150E9
:106790000000F290F28649902B6A20503B6E2B66E7
:1067A00004D060EC04F046B613D0E0EC02F047BE33
:1067B00009D017EE00F02B5009C0E3FF2B2A095037
:1067C0003B0A14E04BA0EBD7C1EC02F03B2EE7D71D
:1067D0009CEC04F0000EF86E770EF76EB40EF66EB9
:1067E000BBEC05F020503B6E4B8001D0498012007D
:1067F0004AA4FED7C1EC02F055EC05F007EC05F019
:10680000490EE8CFB0F1460EE8CFB1F13B0EE8CF2C
:10681000B2F17FEC33F04EA21FD017EE02F021EE62
:1068200080F0210E2E6EE650DE6E2E2EFCD707EC89
:1068300005F02B6A9EC100F0000EF86E7A0EF76E1E
:10684000F80EF66EBBEC05F0310E001A03E1C2EC57
:1068500006F002D0B9EC06F012000350010A08E17C
:106860000B0E256E300E01EE30F0EE6E252EFDD7AC
:106870000C0E031804E1030652EC04F006D001EEFE
:1068800030F00350E80604C0EBFF120001C7E8FF38
:10689000410A02E1489C0FD001C7E8FF420A02E129
:1068A000488C09D0000EF86E790EF76E8C0EF66EDD
:1068B000BBEC05F0DCD044C0E8FF020A02E147BCB3
:1068C0003AD048B402D048A60CD017EE02F021EE20
:1068D0003CF048BC21EE48F041EC35F04AA0C7D06E
:1068E0002AD04AA400D048B229D047BA27D017EE00
:1068F00002F021EE3CF048BC21EE48F041EC35F0CE
:106900004AA0B5D01C52D8B495D07DB205D048ACC1
:10691000488848BC488A0CD048AC01D003D048AA6B
:1069200007D002D048A804D07D924898489A82D0D7
:10693000CAEC02F07FD0000E1B647CD0479A17EEA1
:1069400002F0300EE66209D0E6620BD0E6620DD0AE
:10695000E6620FD0E66211D014D002C7E8FF8CECDB
:1069600005F003C7E8FF8CEC05F004C7E8FF8CECEA
:1069700005F005C7E8FF8CEC05F006C7E8FF8CECD6
:1069800005F02E0E8CEC05F007C7E8FF8CEC05F047
:1069900008C7E8FF8CEC05F009C7E8FF8CEC05F0B0
:1069A00017EE0CF0300EE56205D0E5621FD0E5620F
:1069B00032D03ED0640E8CEC05F06F0E8CEC05F0FE
:1069C000740E8CEC05F00AC7E8FF8CEC05F0200E85
:1069D0008CEC05F00BC7E8FF8CEC05F0200E8CEC7E
:1069E00005F00CC7E8FF8CEC05F022D0640E8CECAF
:1069F00005F06F0E8CEC05F0740E8CEC05F00AC7F8
:106A0000E8FF8CEC05F0200E8CEC05F00BC7E8FFDE
:106A10008CEC05F00DD0640E8CEC05F06F0E8CEC58
:106A200005F0740E8CEC05F00AC7E8FF8CEC05F05D
:106A3000A3EC04F017EE02F021EE3CF048BC21EE8E
:106A400048F0E6CFDEFFE6CFDEFFE6CFDEFFE6CFA3
:106A5000DEFFE6CFDEFFE6CFDEFFE6CFDEFFE6CFEE
:106A6000DEFFE6CFDEFFE6CFDEFFE6CFDEFF4A90B9
:106A700048AC489448BC489647AC02D048BC479CB8
:106A800012004A90E650DE621FD0E650DE621CD053
:106A9000E650DE6219D0E650DE6216D0E650DE62C5
:106AA00013D0E650DE6210D0E650DE620DD0E65024
:106AB000DE620AD0E650DE6207D0E650DE6204D025
:106AC000E650DE6201D001D04A801200000EFB6E5B
:106AD0006A0EFA6E0444016EE20E0124D8B0FA2A5E
:106AE000F96E10D013D016D019D01CD01FD022D0E0
:106AF00025D028D02BD02ED031D034D037D03AD09A
:106B00003DD0120056D863D896D84DD052D85FD811
:106B10009FD849D04ED85BD8A8D845D04AD857D8A6
:106B2000B1D841D046D860D886D83DD042D85CD8BC
:106B30008FD839D03ED858D898D835D03AD854D8EC
:106B4000A1D831D036D85DD876D82DD032D859D802
:106B50007FD829D02ED855D888D825D02AD851D832
:106B600091D821D026D85AD866D81DD022D856D848
:106B70006FD819D01ED852D878D815D087EC04F029
:106B800048BE04D016D84AD87DD80DD0000EF86E75
:106B90007D0EF76E400EF66EBBEC05F0456A458043
:106BA000486A036A04D08BEC05F052EC04F0046AE6
:106BB0001200010E8CEC05F02150300F8CEC05F02A
:106BC000300E8CEC05F04A0E8CEC05F01200300E05
:106BD0008CEC05F0360E8CEC05F0390E8CEC05F0E3
:106BE000370E8CEC05F01200300E8CEC05F0370EF1
:106BF0008CEC05F0370E8CEC05F0300E8CEC05F0CB
:106C00001200300E8CEC05F0380E8CEC05F0350ED1
:106C10008CEC05F0320E8CEC05F01200300E8CEC92
:106C200005F0390E8CEC05F0340E8CEC05F0310ECD
:106C30008CEC05F01200310E8CEC05F0320E8CEC71
:106C400005F0300E8CEC05F0390E8CEC05F01200DE
:106C5000310E8CEC05F0330E8CEC05F0330E8CEC21
:106C600005F0360E8CEC05F01200310E8CEC05F0C0
:106C7000340E8CEC05F0370E8CEC05F0370E8CECF6
:106C800005F01200310E8CEC05F0360E8CEC05F0A0
:106C9000330E8CEC05F0330E8CEC05F0120046AC94
:106CA0000DD0000EF86E770EF76EC40EF66EBBECCC
:106CB00005F0226AA6EC02F0469C0CD0000EF86E9D
:106CC000770EF76ECC0EF66EBBEC05F02280AFECC3
:106CD00002F0468C010E3B6E4B80D5EC02F09D908D
:106CE000A0927D92F2949E90A1927E92F2900001E9
:106CF000036A46904692236A49964998499A120037
:106D000047B0260647B2262A2628285CD8B429C0D0
:106D100026F02928266028C026F026501200000EF2
:106D2000FB6E6D0EFA6E0F44016E340E0124D8B066
:106D3000FA2AF96E14D03CD064D08CD0B4D0DCD018
:106D400004D12CD154D17FD1A5D1D1D1F7D11DD22D
:106D500038D25ED284D29FD2BAD2E0D2120010C012
:106D600026F0090E296E80EC36F0106E010E8CECC8
:106D700005F010C0E8FF2FEC06F0560E8CEC05F085
:106D80000D0E8CEC05F046A808D0000EF86E750EBE
:106D9000F76E460EF66EBBEC05F045A4B5EF39F084
:106DA00010502FEC06F00D0E8CEC05F0B5EF39F01D
:106DB00011C026F00D0E296E80EC36F0116E010E1A
:106DC0008CEC05F011C0E8FF2FEC06F0530E8CECB4
:106DD00005F00D0E8CEC05F046A808D0000EF86EFC
:106DE000750EF76E500EF66EBBEC05F045A4B5EFD0
:106DF00039F011502FEC06F00D0E8CEC05F0B5EFCC
:106E000039F012C026F0630E296E80EC36F0126E57
:106E1000010E8CEC05F012C0E8FF2FEC06F0500ECE
:106E20008CEC05F00D0E8CEC05F046A808D0000E99
:106E3000F86E750EF76E580EF66EBBEC05F045A4B5
:106E4000B5EF39F012502FEC06F00D0E8CEC05F07A
:106E5000B5EF39F013C026F0090E296E80EC36F03C
:106E6000136E010E8CEC05F013C0E8FF2FEC06F05A
:106E7000410E8CEC05F00D0E8CEC05F046A808D008
:106E8000000EF86E750EF76E600EF66EBBEC05F038
:106E900045A4B5EF39F013502FEC06F00D0E8CEC35
:106EA00005F0B5EF39F014C026F0090E296E80EC1C
:106EB00036F0146E010E8CEC05F014C0E8FF2FECD8
:106EC00006F0450E8CEC05F00D0E8CEC05F046A896
:106ED00008D0000EF86E750EF76E700EF66EBBECF5
:106EE00005F045A4B5EF39F014502FEC06F00D0E67
:106EF0008CEC05F0B5EF39F015C026F0090E296EBF
:106F000080EC36F0156E010E8CEC05F015C0E8FF34
:106F10002FEC06F0520E8CEC05F00D0E8CEC05F00B
:106F200046A808D0000EF86E750EF76E7E0EF66E4F
:106F3000BBEC05F045A4B5EF39F015502FEC06F089
:106F40000D0E8CEC05F0B5EF39F016C026F0630E8F
:106F5000296E80EC36F0166E010E8CEC05F016C032
:106F6000E8FF2FEC06F0460E8CEC05F00D0E8CECD5
:106F700005F046A808D0000EF86E750EF76E880E64
:106F8000F66EBBEC05F045A4B5EF39F016502FECCA
:106F900006F00D0E8CEC05F0B5EF39F017C026F0B9
:106FA000020E296E80EC36F0176E010E8CEC05F0A7
:106FB00017C0E8FF2FEC06F0580E8CEC05F00D0E14
:106FC0008CEC05F046A808D0000EF86E750EF76E32
:106FD0009C0EF66EBBEC05F045A4B5EF39F01750EA
:106FE0002FEC06F00D0E8CEC05F0B5EF39F018C063
:106FF00026F00A0E296E80EC36F0186E010E8CEC2D
:1070000005F018C0E8FF2FEC06F04F0E8CEC05F0F1
:107010000D0E8CEC05F046A808D0000EF86E750E2B
:10702000F76EA40EF66EBBEC05F045A4B5EF39F093
:1070300018502FEC06F00D0E8CEC05F045B4B7ECB3
:1070400039F0B5EF39F019C026F0010E296E80EC49
:1070500036F0196E46A808D0000EF86E750EF76E61
:10706000AC0EF66EBBEC05F045A47FD1196609D0D5
:10707000000EF86E760EF76E160EF66EBBEC05F08F
:1070800074D1000EF86E760EF76E220EF66EBBEC23
:1070900005F06BD11AC026F01E0E296E040E286E64
:1070A00080EC36F01A6E040A02E0468401D0469461
:1070B00046A808D0000EF86E750EF76EC60EF66E76
:1070C000BBEC05F045A451D11A50040A09E1000EA9
:1070D000F86E760EF76E160EF66EBBEC05F045D127
:1070E0001A502FEC06F00D0E8CEC05F03ED11BC0B3
:1070F00026F0010E296E80EC36F01B6E46A808D0F3
:10710000000EF86E750EF76EDE0EF66EBBEC05F037
:1071100045A42BD11B6609D0000EF86E760EF76ED3
:10712000160EF66EBBEC05F020D1000EF86E760E52
:10713000F76E220EF66EBBEC05F017D11CC026F0E0
:10714000010E296E80EC36F01C6E46A808D0000EA9
:10715000F86E790EF76E560EF66EBBEC05F045A490
:1071600004D11C6609D0000EF86E760EF76E160E6E
:10717000F66EBBEC05F0F9D0000EF86E760EF76EE9
:10718000220EF66EBBEC05F0F0D01DC026F0320EDC
:10719000296E0C0E286E80EC36F01D6E46A808D0C5
:1071A000000EF86E790EF76E6E0EF66EBBEC05F003
:1071B00045A4DBD01D502FEC06F00D0E8CEC05F035
:1071C000D4D01EC026F0010E296E80EC36F01E6E63
:1071D00046A808D0000EF86E790EF76EA20EF66E75
:1071E000BBEC05F045A4C1D01E6609D0000EF86EB8
:1071F000760EF76E160EF66EBBEC05F0B6D0000EEE
:10720000F86E760EF76E220EF66EBBEC05F0ADD082
:107210001FC026F0010E296E80EC36F01F6E46A8C6
:1072200008D0000EF86E790EF76EBE0EF66EBBEC4F
:1072300005F045A49AD01F6609D0000EF86E760EB0
:10724000F76E160EF66EBBEC05F08FD0000EF86EE2
:10725000760EF76E220EF66EBBEC05F086D020C0DF
:1072600026F0140E296E050E286E80EC36F0206E86
:1072700046A808D0000EF86E750EF76EEA0EF66E90
:10728000BBEC05F045A471D020502FEC06F00D0E9C
:107290008CEC05F06AD021C026F0050E296E010E97
:1072A000286E80EC36F0216E46A808D0000EF86EED
:1072B0007D0EF76E2C0EF66EBBEC05F045A455D096
:1072C00021502FEC06F00D0E8CEC05F04ED022C0B4
:1072D00026F0010E296E80EC36F0226E46A808D00A
:1072E000000EF86E770EF76ED40EF66EBBEC05F05E
:1072F00045A43BD0226609D0000EF86E770EF76EDB
:10730000C40EF66EBBEC05F030D0000EF86E770EB2
:10731000F76ECC0EF66EBBEC05F027D023C026F03E
:10732000010E296E80EC36F0236E45A41ED0236634
:1073300009D0000EF86E780EF76E040EF66EBBECF8
:1073400005F013D0000EF86E770EF76EE20EF66EB3
:10735000BBEC05F00AD045A408D0000EF86E760EFE
:10736000F76E8C0EF66EBBEC05F0286A1200050E67
:10737000136E050E146E156A010E176E000EFB6E6D
:10738000730EFA6E1844016E920E0124D8B0FA2AD8
:10739000F96E0BD00FD019D01FD029D02FD039D0F3
:1073A00043D04BD051D057D01200320E126E320E55
:1073B000166E57D00A0E126E040E136E060E146E61
:1073C000030E156E280E166E4CD0280E126E2E0E61
:1073D000166E000E176E45D03C0E126E060E136E22
:1073E000040E146E340E166E020E176E3AD0280E6E
:1073F000126E090E156E320E166E33D0320E126EEC
:10740000060E136E070E146E280E166E000E176E03
:1074100028D0320E126E060E136E070E146E280E52
:10742000166E000E176E1DD0500E126E000E146EEA
:10743000060E156E360E166E14D0140E126E020E57
:10744000156E0F0E166E0DD03C0E126E620E166E7D
:10745000020E176E06D0630E126E430E166E020EEB
:10746000176E120000EE0FF0150E256E010EAA6EBB
:10747000000EA96EA69EA69CA680A850EE6EA92A14
:10748000252EF8D7120000EE0FF0150E256E010E16
:10749000AA6E600EA96EA69EA69CA680A850EE6E4F
:1074A000A92A252EF8D7120000EE0FF0010EAA6EC1
:1074B000000EA96E256E2550A96EEE50A86EA69EF0
:1074C000A69CA684F29EF29C550EA76EAA0EA76EED
:1074D000A682A6B2FED7A698A694252A2550150AFC
:1074E000EAE1F28EF28C120048616D506F640D007B
:1074F000310D0000320D0000330D0000410D000081
:10750000340D0000350D0000360D0000420D000066
:10751000370D0000380D0000390D0000430D00004C
:10752000737461720D00506F696E740D0000300D40
:107530000000706F756E640D0000456E7465720D0D
:107540000000440D000020566F6C756D6520000032
:107550002073706565642000207069746368200082
:10756000206172746963756C6174696F6E200000CC
:107570002065787072657373696F6E2000002072E9
:10758000657665726220000020666F726D616E74B0
:10759000206672657175656E6379200020746F6E68
:1075A0006520000020766F6963652000204B6579B7
:1075B00020426565702000004B65792054696D6537
:1075C000204F757420004B65792054696D65204FFC
:1075D0007574204475726174696F6E200000566581
:1075E00072626F73697479200000436F6D6D756E00
:1075F00069636174696F6E732054696D654F75744A
:1076000020002041626F72742C200D0020456E61B5
:10761000626C65640D002044697361626C65640D81
:1076200000004F6E200D00004F6666200D002053B5
:107630007065656368204F6E0D002053706565634B
:10764000682064697361626C65640D002053706525
:107650006563682069732064697361626C65640D99
:1076600000002001324A32353030303030300D00E9
:107670001E01324A33303030303030300D002001BE
:10768000324A32303030303030300D002001324A52
:1076900031303030303530300D00200130336A3039
:1076A000363030303030300D200130356A303530F2
:1076B00030303030300D0000200130376A30363045
:1076C00030303030300D200130376A3035303030D6
:1076D0003030300D0000200130376A303530303026
:1076E0003030300D200130376A30363030303030B5
:1076F000300D00002001326A303830303035303003
:107700000D0054696D65204F75740D00436F6E66F2
:10771000696775726174696F6E204D6F64650D00E5
:10772000436F6E66696775726174696F6E2053612D
:107730007665640D0000436F6E66696775726174EB
:10774000696F6E206E6F742073617665640D000042
:1077500053617665640D0000526543616C6C0D00E9
:10776000436C6561720D0000436C65617220456E6B
:107770007472790D0000556E6B6E6F776E0D0000A0
:1077800053686966740D0000536869667420320D91
:1077900000005368696674204F66660D00004368F8
:1077A00065636B20526164696F0D00004E6F726DEE
:1077B000616C0D00526164696F2054696D65204FE2
:1077C00075740D00506F727420310D00506F72741B
:1077D00020320D00506F776572204F6E20746F203D
:1077E0000000456E74657220746F20526573657475
:1077F000206F72205374617220746F20466C617325
:10780000680D0000526573657420616E6420466CDB
:10781000617368696E672044697361626C65640DA9
:10782000000052657365740D000052657365742025
:107830004E6F773F0D00526573746F726520746FE1
:1078400020466163746F72792044656661756C745B
:10785000733F2C2050726573732031746F207265F2
:1078600073746F72652C20616E79206F7468657215
:10787000206B657920746F2061626F72742E0D0029
:1078800044656661756C747320726573746F72659C
:10789000642C20506572666F726D696E6720526548
:1078A0007365740D000057616974696E6720666FB7
:1078B00072204669726D776172652120416E792070
:1078C0004B657920546F2041626F72740D00466CD5
:1078D000617368696E670D004175746F200D00005B
:1078E000466173740D004D656469756D0D00536CD0
:1078F0006F770D00457869742057617463680D00D7
:10790000535752206973200D0000496E76616C69EF
:107910006420446174610D0044617461204C656EA3
:10792000677468204572726F720D0000496E76614F
:107930006C6964204865616465720D00446174611E
:10794000204572726F720D00517565727920457213
:10795000726F720D00004672657175656E637920F5
:10796000416E6E6F756E63656D656E742000467254
:10797000657175656E637920416E6E6F756E6365B6
:107980006D656E742044656C617920004620412746
:1079900020422C202044617461204572726F720D68
:1079A00000004127204620616E642072204620613D
:1079B0006E6E6F756E63656D656E74200000467245
:1079C000657175656E637920506C7573204D6F64B9
:1079D00065200000537562200D004220536574201D
:1079E0004F6E2C200D004E6F7420617661696C61C2
:1079F000626C652077697468204220536574204F5B
:107A00006E2C200D00004672657175656E63790DF0
:107A100000002C20496E76616C69642046726571A5
:107A200075656E63790D000041200D0042200D0048
:107A3000412046204761696E0D00416E74656E6E8F
:107A4000610D0000525820416E74656E6E610D002C
:107A5000436F6D7072657373696F6E0D0000432024
:107A60005720616E642044617461205374617475A1
:107A7000730D000046696C74657220576964746800
:107A80000D004D696B65204761696E0D00004B6507
:107A90007965722053706565640D00004D6F6E69E5
:107AA000746F72204C6576656C0D00005072652015
:107AB000416D700D0000506F7765720D00004E6FC4
:107AC00069736520426C616E6B65720D00004E42F9
:107AD000204C6576656C200D0000417474656E75F0
:107AE0006174696F6E0D000046696C746572204E9A
:107AF000756D6265720D000053706C6974200D0025
:107B000041204D0D00004D6F6465200D00004320A5
:107B1000570D0000432057205265766572736564E7
:107B20000D00446174610D004461746120526576FA
:107B300065727365640D000046204D0D00005520F0
:107B40005320420D00004C205320420D00004127DD
:107B50002046534B0D0046534B0D0000462053204A
:107B60004B2052657665727365640D0050534B0D62
:107B700000004E6F69736520526564756374696FA8
:107B80006E200D004E6F746368200D004175746F98
:107B9000204E6F746368200D00004D616E75616C3E
:107BA000204E6F746368200D00004D616E75616C2E
:107BB0000D00412720472043200D0000492046208A
:107BC00053686966740D00005220492054200D004E
:107BD0005820492054200D00522049205420616E25
:107BE000642058204920542044697361626C6564A4
:107BF0000D005472616E736D6974204F6E205620B3
:107C000046204F204127200D00005472616E736D95
:107C10006974204F6E20562046204F2042200D00D0
:107C2000564F582069732044697361626C65642CF7
:107C3000200D000042616E640D0042616E64204FB1
:107C400066660D003136306D0D0038306D0D000068
:107C500036306D0D000034306D0D000033306D0D89
:107C6000000032306D0D000031376D0D00003135F0
:107C70006D0D000031326D0D000031306D0D0000D2
:107C8000366D0D00326D0D0056204820460D000067
:107C900037302063206D0D0055204820460D000030
:107CA000312E322047487A0D000047656E0D0000E6
:107CB0004127204C20430D00506C75730D004D6919
:107CC0006E75730D00004D656D6F72790D00426128
:107CD0006E6B0D004368616E6E656C0D000045783B
:107CE0006974204D656D6F72790D00005472616E7C
:107CF000736665720D00546F20562046204F204158
:107D0000270D0000546F20562046204F20420D00C2
:107D1000456D7074790D00004E6172726F770D00C1
:107D2000576964650D0044544D460D0044544D465A
:107D300020546F6E65204475726174696F6E0D001A
:107D4000457869742044544D460D0000426172200C
:107D500047726170680D00002C204475616C2050E2
:107D60006173732042616E64206F72204120502045
:107D700046206973206F6E0D00002C204475616CE5
:107D800020546F6E652046696C746572206973209B
:107D90006F6E0D002C20462053204B205472616ED4
:107DA000736D697420506F6C6172697479206973A6
:107DB00020496E7665727465640D00002C2053793D
:107DC0006E6320446174610D00002C20546578744A
:107DD00020746F205465726D696E616C2069732028
:107DE0004F6E0D00566F696365204D6F646573209B
:107DF0005374617475730D002C204520532053205B
:107E000042206973204F6E0D00002C204E6F697365
:107E1000652047617465206973204F6E0D002C202A
:107E20004127204D2053796E63206973204F6E0DDA
:107E300000002C207769746820552053204220537D
:107E4000656C65637465640D00002C207769746847
:107E5000204C205320422053656C65637465640D8B
:107E600000002C2046204D2050204C206973204FCC
:107E70006E0D00002C205265706561746572204F94
:107E8000666673657420697320506C75730D00000D
:107E90002C205265706561746572204F666673654B
:107EA00074206973204D696E75730D002C204E6F20
:107EB0006D696E616C0D00004D69736B20537461C8
:107EC0007475730D00002C20542058205465737471
:107ED0000D002C204D696C6C692057617474205022
:107EE0006F776572204D6F64650D00002C204D6525
:107EF00073736167652042616E6B20310D002C2029
:107F00004D6573736167652042616E6B20320D00B1
:107F10002C204D65737361676520506C6179696EC3
:107F2000670D00002C20507265736574204E756DCE
:107F300062657220310D00002C20507265736574EB
:107F4000204E756D62657220320D00002C20446950
:107F500076657273697479204F6E0D002C2053750D
:107F600062205265636569766572206973204F6689
:107F7000660D00002C20537562205265636569769A
:107F80006572204F6E0D00002C204475616C2057E7
:107F900061746368204F6E0D00002C204D61696E86
:107FA0002052656365697665722069732053717527
:107FB000656C636865640D002C2053756220526502
:107FC00063656976657220697320537175656C63AA
:107FD0006865640D00002C20562046204F2042206A
:107FE0004C20452044206973204F6E0D00002C204A
:107FF0004F20462053204C20452044206973204FB9
:108000006E0D00002C2053756220525820416E7472
:10801000656E6E610D002C20537562205258204110
:108020006E74656E6E6120746F204D61696E0D0017
:108030002C2053756220525820416E74656E6E611B
:1080400020746F20204F580D00002C2053756220A3
:10805000525820417578696C6961727920636F6E3E
:108060006E656374656420746F2C204E6F6E2054AF
:108070005820412054205520416E74656E6E610D6C
:1080800000002C2053756220525820417578696C8D
:108090006961727920636F6E6E65637465642074C4
:1080A0006F2C20417578696C696172792052204685
:1080B0002042204E20430D004B33204F6E6C790D33
:1080C00000004B330D004B33530D00004B58320D65
:1080D00000004B58330D00004C696E6B0D0044538B
:1080E000502054312C2000004453502054322C2076
:1080F00000004453502054332C20000049204620D7
:1081000054312C2000004920462054322C200000FD
:108110004920462054332C2000004C6576656C20A5
:1081200049732000522046204761696E0D00546556
:10813000787420427566666572200D0051534B209D
:10814000696E2046756C6C0D000051534B20696EB2
:108150002053656D690D0000564F58203420566F2E
:10816000696365206973204F6E2C200D0000564F07
:10817000582034204357206973204F6E2C200D0067
:108180002018416C61726D200D0020184357204962
:1081900020416D626963200D000020184C4344208B
:1081A00041646A757374200D000020184C4344200C
:1081B0004272696768746E657373200D0000201841
:1081C0004C20452044204272696768746E65737361
:1081D000200D000020184D6573736167652053659D
:1081E0006C65637420496E74657276616C200D0055
:1081F0002018435720506164646C65200D002018DE
:108200005265706561746572204F6666736574208F
:108210000D002018526563656976652045717561AA
:108220006C697A6572200D0020185472616E736D4E
:10823000697420457175616C697A6572200D000062
:108240002018564F58204761696E200D00002018F5
:10825000416E746920564F58200D00002018435776
:1082600020576569676874200D0020183220546F0C
:108270006E65200D000020184120462056205469CC
:108280006D65200D000020184D696B652B4C696EE3
:1082900065200D0020185420582044656C61792019
:1082A0000D002018412047204320536C6F7065203B
:1082B0000D00201846204D204D6F6465200D0000F4
:1082C00020184469676974616C204F7574200D0033
:1082D0002018412047204320486F6C64200D000087
:1082E000201846204D20446576696174696F6E20C0
:1082F0000D00201845787465726E616C2041204C29
:108300002043200D000020184B2041205420332012
:1083100054756E6572200D002018412054205520A0
:108320004D6F6465200D0000201842617474657201
:1083300079204D696E696D756D200D0020185420EF
:108340005820496E6869626974200D0020185365D1
:108350007269616C204E756D626572200D00201887
:108360005420582047205620432045200D00201837
:108370004669726D776172652056657273696F6EBA
:1083800073200D00201844617465200D0000201832
:108390004461746520466F726D6174200D00201871
:1083A000444453204672657175656E6379200D00F3
:1083B00020184C696E65204F7574200D0000201840
:1083C0004B2049204F2033200D002018412044200D
:1083D0004320526566200D00201852204620492077
:1083E000446574656374200D0000201844205620F5
:1083F0005220737461747573200D000020184120A1
:1084000047204320446563617920536C6F77200DCA
:10841000000020184372797374616C2046696C7493
:1084200065722042616E647769647468200D000093
:1084300020184372797374616C2046696C7465729C
:10844000204F6666736574200D002018437279739F
:1084500074616C2046696C746572204761696E2096
:108460000D0020184372797374616C2046696C7436
:10847000657220417661696C6162696C697479200A
:108480000D0020185472616E736D69742046696C1A
:108490007465722053656C656374696F6E200D009E
:1084A000201846726F6E742050616E656C205465A2
:1084B0006D7065726174757265200D00201846201C
:1084C00053204B20506F6C6172697479200D00004D
:1084D00020184175746F20496E666F726D61746902
:1084E0006F6E200D0000201847656E6572616C206C
:1084F000636F766572616765206D6F64756C65206A
:108500000D0020184146204C696D6974200D000053
:1085100020184B204E20422033200D0020184B20E5
:1085200052204320322042616E64204465636F64B0
:108530006572200D000020184B2052205820332057
:10854000537562205265636569766572200D00007F
:1085500020184B205820562033204F7074696F6EBE
:10856000200D000020184C204320442054657374D3
:10857000200D000020184D696B652053656C656304
:1085800074200D0020184E20422053617665200D86
:10859000000020184B20502041272033200D0000E0
:1085A0002018502041272054656D706572617475E4
:1085B0007265200D000020185220532032203332E3
:1085C000200D0000201854756E6520506F7765727D
:1085D000200D0000201853796E63204461746120DF
:1085E0000D00201853204D65746572204D6F646531
:1085F000200D00002018412047204320446563617E
:10860000792046617374200D00002018526566655C
:1086100072656E6365204F7363696C6C61746F7211
:10862000200D000020184D61696E20537175656C36
:108630006368200D00002018537562205371756522
:108640006C6368200D00201853204D6574657220FE
:108650004F6666736574200D0000201853204D6529
:10866000746572205363616C65200D0020185320DF
:108670004D65746572205065616B200D00002018F7
:10868000536176652053706C6974200D00002018CA
:10869000537065616B657273200D0000201853776D
:1086A000697463682054657374200D002018537733
:1086B0006974636820546F6E65200D00201854653E
:1086C0006368204D6F6465200D00201854696D6546
:1086D000200D000020184120472043205468726577
:1086E00073686F6C64200D002018502054205420B3
:1086F00052656C65617365200D00201842616E64DF
:10870000204D6170200D0000201854205420592065
:108710004C6574746572200D000020185420582098
:1087200041204C2043200D00201854205820476140
:10873000696E200D000020185375622041204620EC
:108740000D002018506F77657220536574200D005E
:1087500020184D696B6520427574746F6E200D0092
:108760002018562043204F204D6F6465200D0000D7
:108770002018562046204F20436F756E747320508A
:108780006572205475726E200D0020185620462008
:108790004F2046617374200D00002018562046209B
:1087A0004F20496E646570656E64656E74200D00BF
:1087B0002018562046204F204F6666736574200DA2
:1087C0000000201857617474204D65746572204351
:1087D000616C6962726174696F6E200D000020180F
:1087E0005472616E73766572746572204F6E2F4F8E
:1087F0006666200D000020185472616E73766572F3
:1088000074657220522046200D0020185472616E4B
:108810007376657274657220492046200D00201819
:108820005472616E7376657274657220506F7765ED
:1088300072200D0020185472616E73766572746533
:1088400072204F6666736574200D00002018547204
:10885000616E7376657274657220416464726573CB
:1088600073200D0020184146204761696E200D00DD
:1088700020185420582045205320532042200D001A
:108880002018537065616B6572202B2050686F6EE5
:108890006573200D00002018562046204F204127E8
:1088A00020746F2042200D002018412047204320D3
:1088B00050756C73652052656A656374696F6E20CC
:1088C0000D002018522049205420436C656172200D
:1088D0000D0020185420582047617465200D0000B9
:1088E00020184D656D203020746F2039200D000058
:1088F00020185020542054204B6579200D0020185A
:10890000562046204F20436F617273652054756E68
:10891000696E672052617465200D000020184120A7
:10892000462058204D6F6465200D000020185369C3
:10893000676E616C2052656D6F76616C200D000072
:1089400020184120462053204B2C20542058200D25
:1089500000002018412047204320446563617920AE
:108960000D0020185061737362616E6420436F6E56
:1089700074726F6C200D000020184C204D69782017
:1089800052200D0020184357205120522051200D15
:1089900000002018542058204420562052200D005A
:1089A0002018542058204D6F6E69746F72200D008E
:1089B00020184475616C20502042200D00002018C2
:1089C000562046204F204C696E6B200D0000201869
:1089D000417474656E756174696F6E200D002018A6
:1089E00050726520416D702032200D0020185620F5
:1089F00046204F204E6F697365205265647563741D
:108A0000696F6E200D0020184357204B6579203187
:108A1000200D000020184357204B65792032200D8F
:108A200000002018564F5820496E6869626974200A
:108A30000D00201852205820492051200D002018E8
:108A40005220582049736F6C6174696F6E200D005D
:108A5000201852205820532042204E204C200D0038
:108A6000201841204D204D6F6465200D0000201816
:108A70005458205369646562616E64204E756C6C55
:108A8000200D000020184120472043204D6F6465D1
:108A9000200D0000201841204720432053706565B9
:108AA00064200D0020185420582042696173200D65
:108AB00000002018542058204761696E200D0000E6
:108AC00020185420582043617272696572204E75D7
:108AD0006C6C200D000020184175746F204F666685
:108AE000200D000020185220582046696C746572D1
:108AF000200D000020184D696B65204269617320CC
:108B00000D00201850726520416D70200D00201856
:108B1000426174746572792043686172676572207E
:108B2000616E64205265616C2054696D6520436CF0
:108B30006F636B200D0020184261636B6C6967687E
:108B400074200D00201843617272696572204F70A5
:108B50006572617465642052656C6179204C65763C
:108B6000656C200D000020184475616C205220585F
:108B7000200D0000201841272043204320322C20C4
:108B800049204F200D002018522058205368696654
:108B900074200D002018522058204E6F69736520F4
:108BA000526564756374696F6E200D002018502043
:108BB000422054205320532042200D0020184C20E6
:108BC000452044204272696768746E657373200D96
:108BD00000002018506F77657220416D70204D6F36
:108BE0006465200D0000201832204D6574657220E8
:108BF0004D6F6465200D0000201850697463682073
:108C00000D002018416C74204D44200D00002018E8
:108C1000435754200D002018416D7020486F757225
:108C200073200D002018564F58204D44200D000091
:108C30002018564F582044656C6179200D0020188B
:108C4000545820434D50200D000020185246204714
:108C500061696E200D0020185820492054200D0015
:108C60002018416E7420646F742058205357200DD3
:108C7000000020184B58494F32200D002018525444
:108C8000432041646A757374200D000020184175FB
:108C900078696C617272792031200D00201841755D
:108CA00078696C617272792032200D0020184C6F47
:108CB0006767696E67200D00201846204D20546FAD
:108CC0006E65200D000020184D6163726F20312009
:108CD0000D0020184D6163726F2032200D002018A6
:108CE0004D6163726F2033200D0020184D61637257
:108CF0006F2034200D0020184D6163726F203520E5
:108D00000D0020184D6163726F2036200D00201871
:108D10004D6163726F2037200D0020184D61637222
:108D20006F2038200D004C696E6B6564204F6E20FB
:108D30000D00562046204F204127204C6F636B6565
:108D400064200D00562046204F2042204C6F636B5C
:108D50006564200D000053706163650D000064615F
:108D600073680D00506F696E740D00004469737074
:108D70006C61792042205761746368204F6E0D004A
:108D8000446973706C61792041272057617463686E
:108D9000204F6E0D00004475616C20446973706C47
:108DA000617920412720416E64204220576174631D
:108DB00068204F6E0D004572726F722C20496E2034
:108DC0004D656E75204D6F64650D00004572726FC4
:108DD000722C20496E205472616E736D6974204D3F
:108DE0006F64650D00004E6F7420496E7374616C82
:108DF0006C65640D00004279706173730D00535708
:108E0000522057617463680D000050726576696F77
:108E10007573205357520D002048616D506F6420C8
:108E20004B33205265616465722C205665727369FC
:108E30006F6E20312E32302C206279204B2036206C
:088E40004420512C200D00001C
:020000040030CA
:0100010022DC
:0100020006F7
:010003003CC0
:01000500B545
:010006008079
:010008000FE8
:010009008076
:01000A000FE6
:01000B00E014
:01000C000FE4
:01000D0040B2
:0200000400F00A
:1001000000040632030300320100011E0101140045
:050110000105020000E2
:1001600000040632030300320100011E01011400E5
:05017000010502000082
:0603CA0048616D506F64F4
:1003D000204B332052656164657220436F707972DF
:1003E0006967687420526F62657274204D2E2053C5
:0C03F000616E74656C6C6F20323032312D
:00000001FF
