:020000040000FA
:0800000000000000F5EF00F024
:0200080008D01E
:02000A000000F4
:020018008ED088
:06001A008388E9CF03F327
:10002000EACF04F34ABC41D00E01CDA914D0C5A932
:1000300012D004010091192F03D00E01C5990BD0E5
:10004000040104EE01F01B51EBCF9AFF1B2B180E9D
:100050001B19D8B41B6B0E01C5AB67D0CDAB65D0F7
:1000600099CFFBF4060E0F019D1419E1040100B9AC
:100070005CD000A302D0008958D004EE1CF000959B
:10008000F82BDC0EF81909E0F951FBC4EBFFF92B52
:10009000DC0EF919D8B4F96B48D0008346D00F01B3
:1000A0009D989D880401008740D00E01CDAD14D0ED
:1000B000C5AD12D005010091192F03D00E01C59DC9
:1000C0000BD0050105EE01F01B51EBCF9AFE1B2B67
:1000D000180E1B19D8B41B6B0E01C5AF26D0CDAFBF
:1000E00024D099CEFBF5060E0E019D1519E10501F0
:1000F00000B91BD000A302D0008917D005EE1CF078
:100100000095F82BDC0EF81909E0F951FBC5EBFF5F
:10011000F92BDC0EF919D8B4F96B07D0008305D0A0
:100120000E019D999D890501008704C3EAFF03C361
:10013000E9FF839811008388D8CF01F3E8CF00F35B
:10014000E0CF02F30E01C6A10BD0CEA109D0000171
:10015000372E03D04E840E01C6910E01CE913DD0B4
:100160000E01C6A50BD0CEA509D00001382E03D0B4
:100170004F80080E386E0E01CE952FD00E01C2A909
:100180000ED0CAA90CD0CA990F01125308E00F0172
:10019000126B000155EC04F08E5000001ED00E01D1
:1001A000C2AB0CD0CAAB0AD000010252D8B44A820A
:1001B000D8A402060E01CA9B00010FD00E01C6A9E9
:1001C0000BD0CEA909D00001392E03D04B880E01E7
:1001D000C6990E01CE9901D000D002C3E0FF00C342
:1001E000E8FF01C3D8FF83981000000000000F0152
:1001F000836AC00E116FC00E886E000E196FF00E6C
:10020000896E186F136F146BF00E846E856A000E82
:10021000216FAE0E8A6E866A000E266FA00E8B6E60
:10022000876A000E2E6F000E8C6E000E0F6F176F18
:100230001F6F246F2C6FF29EF29C0E01550EA06F63
:10024000AA0EA06FA091170EB56F090EFD6F1F0EBD
:100250008D6F0F010B0E056F0E01550EA06FAA0ECC
:10026000A06FA0810F01F26AF28A126B0E01CA9987
:10027000C299BA99BA91CA91C291BA93CA93C293D8
:10028000BA95CA95C2950F01F290F292F294D46A8F
:10029000D36A0E01E2910F01D59ED588D69ED68CE9
:1002A000D69AD698D686D694D692D6900E01BA9B78
:1002B000CA9BC29BCE6ACD6ACF80D09CD098CF9289
:1002C000CF8ACF88D09ED296D294D292D280CF9429
:1002D0000E01DC97E293BE91C691C791CE910F01BA
:1002E000C86AC76AC9800E01E297BE95C695C793D2
:1002F000CE950F01CA9ECA9CCA98CB96CB94CB923E
:10030000CB90C982C98AC988CC96CC94CC92CC8037
:10031000C994C26AC16AC380C49CC498C492C49080
:10032000C382C38AC3880E01E29BBE99C699C79552
:10033000CE990F01C49EC696C694C692C680C39439
:100340000E01BD89BD8BBD8DBD8F9F979C6B9E6B34
:100350000F019F969C6A9E6A0001858C868C056AB7
:10036000046A026A2A6A080E0E6E496A49804A6A5D
:100370004B6A4C6A4D6A4F6A506A4E6A516A096A02
:100380003A6A4E844868000EE8CF00F6536A546A11
:10039000036A2D6A4F6A83884A9CE8EC40F0819C8E
:1003A000818E24B04A8C538456EC06F0539470EC42
:1003B00002F085EC02F00E01C59BC59F000199EC8F
:1003C00005F04ABC25EC03F04AAC1AEC03F00F012F
:1003D000126B0E01C289CA9BCE91CE95CE990001B7
:1003E0008398F28EF28C010E1EEC06F0310E1EEC9C
:1003F00006F0340E1EEC06F0340E1EEC06F0470E2E
:100400001EEC06F00D0E1EEC06F075EC05F03AEC55
:1004100003F05DEC07F057EC03F099EC05F0306A5F
:100420003AEC03F01DC03EF00E01C699CE990001D2
:100430004B9662EC03F054B210D04B861D503E6ECA
:1004400017EE00F02D500AC0E3FF2D2A3B0E0A6282
:1004500004D04E8284EC2FF0EBD74FA005D04BB6E2
:1004600003D03E2E01D0D3D74BB899EC08F04FB053
:1004700078EC2FF0F0EC04F04AA631D00E01C29BCC
:100480000F01D59E000100012EEC05F049A83EECBD
:1004900005F049A003D0C9EC30F014D049A203D034
:1004A000CBEC33F00FD049A603D02AEC36F00AD0BB
:1004B00049A803D0CEEC3BF005D049A410D086EC7F
:1004C00003F000D00AEC05F0056A4A968E50000051
:1004D0000F01126B0E01CA99C28900010001A8D751
:1004E0000F019E8A0E01C599C58B0F019D6A9D8ED5
:1004F0009D880401196B1B6B1A6B0401F86BFA6B76
:10050000F96B0401006B000112000E019E8BC59D6A
:10051000C58F9D6B9D8F9D890501196B1B6B1A6B98
:100520000501F86BFA6BF96B0501006B0001120015
:100530004ABC15D00401F85102E10085000C04EE1C
:100540001CF0FA51EBCFFCF4FA2BDC0EFA19D8B4FC
:10055000FA6BF80700930099FCC4E8FF120005014C
:10056000F85102E10085000C05EE1CF0FA51EBCFCA
:10057000FCF5FA2BDC0EFA19D8B4FA6BF8070093E5
:100580000099FCC5E8FF12004ABC21D00401FC6FB1
:1005900000B11BD0195107E1FCC49AFF1B2B180EA8
:1005A0001B19D8B41B6B04EE01F01A51FCC4EBFF0D
:1005B0001A2B180E1A19D8B41A6B192B180E1919F0
:1005C000D8A401D000810E01C589000112000501E7
:1005D000FC6F00B11BD0195107E1FCC59AFE1B2B23
:1005E000180E1B19D8B41B6B05EE01F01A51FCC58F
:1005F000EBFF1A2B180E1A19D8B41A6B192B180EF8
:100600001919D8A401D000810E01C58D12000F0167
:100610004ABC07D09F969E94230E9B6E000E9C6E44
:1006200007D00E019F979E95230E9B6F000E9C6F27
:10063000000112000E019E9B9D99C59DC59F000162
:1006400099EC05F070EC02F012000F019E9A9D9853
:100650000E01C599C59B000199EC05F085EC02F0EF
:1006600012004E98E650DE6203D0312EFBD701D047
:100670004E8812000E01C695080E386E4F900F017D
:10068000C86AC76A0E01CE95C685000112000E0128
:10069000C69900011FC039F04B98000EE8CFC2FF89
:1006A000E8CFC1FF0E01CE99C689000112002D6A64
:1006B000DC0E4ABCDC0E276E17EE00F0E66A272E31
:1006C000FDD7120054824ABC0CD0040100B514D0EE
:1006D0000401F85111E098EC02F05492E8CF0AF0CE
:1006E0000BD0050100B508D00501F85105E098ECE4
:1006F00002F05492E8CF0AF0000112000900F55010
:10070000D8B41200C4EC02F0F9D71200046A000E4B
:10071000FB6E070EFA6E0544016E240E0124D8B05C
:10072000FA2AF96EB9D0B8D0B7D00DD0B5D0B4D0C0
:10073000B3D016D0B1D0B0D0AFD01ED039D0ACD05D
:100740008CD090D01200102A1050150AD8B4106A1C
:100750004A88F9EC3CF04A98DFEC04F0256AA1D015
:100760001006140E1060106E4A88F9EC3CF04A989E
:10077000DFEC04F0256A95D019EC05F04CBE06D0EC
:100780004B82F9EC3CF0DFEC04F08BD00AEC41F04A
:10079000000EF86E840EF76E8C0EF66E4DEC06F0C1
:1007A000496A49800E01C29B0001D59E256A79D015
:1007B0002552D8B471D0000EF86E860EF76E120E68
:1007C000F66E4DEC06F09E84230E9B6E010E9C6E21
:1007D0001AEC03F04A9C0AEC05F0056A4A968E5022
:1007E00000000F01126B0E01C289000162EC03F0E0
:1007F00054B211D0C10E0A62F9D72EEC05F0000EEA
:10080000F86E860EF76E3A0EF66E4DEC06F0320E6E
:10081000E8EC05F0FF004AA6E9D70E01C29B0001F3
:10082000D59E4A902EEC05F03EEC05F0000EF86ED9
:10083000830EF76E6E0EF66E4DEC06F0320EE8EC9F
:1008400005F0000EF86E850EF76E8E0EF66E4DEC0E
:1008500006F0320EE8EC05F0FF002552D8B41CD0AB
:100860001AEF07F019EC05F04CBE06D04B80F9ECFE
:100870003CF0DFEC04F015D0000EF86E840EF76E3D
:10088000A20EF66E4DEC06F0496A49800E01C29B3D
:100890000001D59E256A05D06CEC05F0DFEC04F074
:1008A00000D04B924B90056A1200066A062E01D0CA
:1008B0007CD0076A072E01D0F9D78E1C006EF00B92
:1008C000F9E0FE0E846E64EF04F066EF04F068EF6A
:1008D00004F06AEF04F08E1CF00B10E00F0E056EB2
:1008E00000B866D00B0E056E00BA62D0070E056E1A
:1008F00000BC5ED0030E056E00BE5AD0FD0E846EA5
:1009000081EF04F083EF04F085EF04F087EF04F04B
:100910008E1CF00B10E00E0E056E00B849D00A0ECA
:10092000056E00BA45D0060E056E00BC41D0020E21
:10093000056E00BE3DD0FB0E846E9EEF04F0A0EF6E
:1009400004F0A2EF04F0A4EF04F08E1CF00B10E012
:100950000D0E056E00B82CD0090E056E00BA28D019
:10096000050E056E00BC24D0010E056E00BE20D021
:10097000F70E846EBBEF04F0BDEF04F0BFEF04F0A0
:10098000C1EF04F08E1CF00B10E00C0E056E00B8E9
:100990000FD0080E056E00BA0BD0040E056E00BC19
:1009A00007D0000E056E00BE03D0056A4A9604D03B
:1009B0004A860E01C2990001F00E846E12004AA40C
:1009C0000ED0D46AD36AD696D684D682D6904A8080
:1009D0004A921BC002F00E01C28B0001D58E12009C
:1009E0004AA012004AA212004A90046A256A4D9653
:1009F0004D984D9A096A496A4980000EF86E840E36
:100A0000F76E6E0EF66E4DEC06F00E01C29B000105
:100A1000D59E1200F00E841600000000E7EC05F0F1
:100A20008E1CF00BFBE1E7EC05F08E1CF00BFBE1FC
:100A300012004C9EF00E841600000000320E066E6E
:100A4000E7EC05F08E1CF00B08E0062EF9D75EEC03
:100A500005F0070EE8EC05F04C8E1200180E1EECA7
:100A600006F0200E1EEC06F012002C0E1EEC06F016
:100A7000200E1EEC06F01DEC06F0120049B81DD049
:100A800049A410D01050090A0DE105500B0A01E1EC
:100A900005D005500F0AD8A405D000D01A52D8A40A
:100AA0000CD003D01A6601D008D0000EF86E830E69
:100AB000F76EDC0EF66E4DEC06F012001A520BE0EB
:100AC000000EF86E830EF76EEA0EF66E4DEC06F031
:100AD000080EE8EC05F01200000EF86E830EF76EBB
:100AE000F80EF66E4DEC06F012004ABC0AD000D0AB
:100AF000000EF86E850EF76E300EF66E4DEC06F0B9
:100B000008D0000EF86E850EF76E380EF66E4DECBE
:100B100006F012004ABC06D00401006BF86BF96BBA
:100B2000FA6B05D00501006BF86BF96BFA6B0001ED
:100B300012004ABC09D0DC0E276E040114EE1CF032
:100B4000E66A272EFDD708D0DC0E276E050115EECC
:100B50001CF0E66A272EFDD7000112005392E8CF61
:100B60000FF32F0807E006E20FC3E8FF3B0802E09F
:100B700001E353820FC3E8FF120002015751555F92
:100B80005651D8A0563D545F000112000201551F76
:100B9000541F553D5407542B556F5411000112003A
:100BA00002014A514D6FD8904D374D374D274D3783
:100BB0004B514D274C6B000E496507D0D890640E01
:100BC0004D27D8B04C2B4907F6D700011200010E73
:100BD000E8CF05F3200EE8CF06F3EEEF05F0F0EFD7
:100BE00005F0F2EF05F0F4EF05F0F6EF05F0000088
:100BF000F50EE8CF07F30000000007C3E8FFE806A2
:100C0000E8CF07F3FAE1000006C3E8FFE806E8CF03
:100C100006F3EEE105C3E8FFE806E8CF05F305E0DB
:100C200011EF06F013EF06F0D5D712000F6E1EEC91
:100C300006F01DEC06F00F5012000D0E0E2E03D024
:100C40008FB6FED70E86F29EF29C0B6E0C0E0C6ECB
:100C50008590090E0D6E0C2E2BEF06F00C0E0C6E0F
:100C60000D2E12D000000000000000000000000067
:100C700085800D0E0C6E0C2E3BEF06F00000F28E00
:100C8000F28C0B320B50120000000B32D8A003D0B4
:100C900000008580E0D78590DED70900F550D8B4F4
:100CA00012008FB6FED71EEC06F0F7D7320EE8EC36
:100CB00005F01DEC06F0230EE8EC05F01E0E1EEC10
:100CC00006F0010E1EEC06F0400E1EEC06F01DECC8
:100CD00006F0010E1EEC06F0330E1EEC06F04B0E75
:100CE0001EEC06F01DEC06F01DEC06F010C026F020
:100CF000150E106E1006F9EC3CF0E7EC05F0105004
:100D0000F9E126C010F0000EF86E820EF76E540E58
:100D1000F66E4DEC06F012001200E8CF0EF3F00B69
:100D2000E838A4EC06F01EEC06F0200E1EEC06F0EF
:100D30000EC3E8FF0F0BA4EC06F01EEC06F01DEC52
:100D400006F00EC3E8FF1200016E000EFB6E0D0EE2
:100D5000FA6E0144016E600E0124D8B0FA2AF96ED1
:100D6000300C310C320C330C340C350C360C370C87
:100D7000380C390C410C420C430C440C450C460C0D
:100D80001200E8CF0EF3D9EC06F0300F1EEC06F09F
:100D90000EC3E8FFEEEC06F0300F1EEC06F00EC3BB
:100DA000E8FF04EC07F0300F1EEC06F00EC3E8FF7E
:100DB0001200E8CF4AF2000EE8CF4BF24BC2E8FF38
:100DC000E82AE8CF4BF24AC2E8FF9C0FE8CF4AF28C
:100DD000D8B0F4D74BC2E8FFE8061200E8CF4AF2D9
:100DE000000EE8CF4BF24BC2E8FFE82AE8CF4BF207
:100DF0004AC2E8FFF60FE8CF4AF2D8B0F4D74BC2A8
:100E0000E8FFE80604EF07F0E8CF4BF24BC2E8FF3B
:100E1000F60FE8CF4BF2D8B0F9D74BC2E8FF0A0F74
:100E20001200000EF86E860EF76E760EF66E4DEC22
:100E300006F01200330E1EEC06F01DEC06F0640EF8
:100E4000E8EC05F0320E1EEC06F01DEC06F0640E28
:100E5000E8EC05F0310E1EEC06F01DEC06F0640E19
:100E6000E8EC05F0000EF86E850EF76E8E0EF66E4D
:100E70004DEC06F0FA0EE8EC05F0FF00120054808D
:100E8000000EF86E850EF76EA20EF66E4DEC06F0B3
:100E9000DFEC04F01200000EF86E830EF76E820E87
:100EA000F66E4DEC06F01200000EF86E830EF76E33
:100EB0008E0EF66E4DEC06F01200526A0C0E446E69
:100EC00007EC03F04ABC03D08598868402D0869450
:100ED00085882D6A500EC4EC02F0530EC4EC02F06B
:100EE0003B0EC4EC02F02D6604D0F0EC04F04AB6E0
:100EF000E1D062EC03F054B22CEF08F017EE00F0F2
:100F00002D500AC0E3FF2D2A3B0E0A622CEF08F099
:100F100000C7E8FF500A06E000C7E8FF490A08E0FA
:100F20002CEF08F001C7E8FF530A08E02CEF08F0A7
:100F300001C7E8FF440A13E02CEF08F002C7E8FFFE
:100F4000310AD8A42CEF08F02D6A490EC4EC02F047
:100F5000440EC4EC02F03B0EC4EC02F0C4D702C74E
:100F6000E8FFAEEC05F053A277D003C7E8FFAEEC84
:100F700005F053A271D004C7E8FFAEEC05F053A210
:100F80006BD002C7E8FFD00FE8CF49F203C7E8FFF4
:100F9000D00FE8CF4AF204C7E8FFD00FE8CF4BF2FA
:100FA000D0EC05F04DC247F0110E471808E1528011
:100FB000000EF86E8A0EF76ECC0EF66E65D0120E2D
:100FC000471808E15282000EF86E8A0EF76ED60EB0
:100FD000F66E5AD0130E471808E15286000EF86ECE
:100FE0008B0EF76E0A0EF66E4FD0140E471808E1FE
:100FF0005284000EF86E8A0EF76EC20EF66E44D062
:10100000150E471808E15288000EF86E8A0EF76E2A
:10101000E00EF66E39D0170E471808E1528A000E1E
:10102000F86E8A0EF76EEA0EF66E2ED0180E47187E
:1010300008E15288000EF86E8A0EF76EF60EF66E14
:1010400023D0160E47180EE1528E000EF86E8B0E4E
:10105000F76E000EF66E18D04FA045D74F90442E75
:1010600038D72BD7130E476E5286000EF86E840EBB
:10107000F76EE20EF66E4DEC06F0000EF86E8A0E7C
:10108000F76EB80EF66E00D04DEC06F00A0EE8ECE6
:1010900005F0410EC4EC02F0490EC4EC02F0320E31
:1010A000C4EC02F03B0EC4EC02F01DEC06F00A0E9C
:1010B000E8EC05F012004A968E5000000F01126B0A
:1010C0000E01C28900014D902D6A1DC03EF02D66B3
:1010D00004D0F0EC04F04AB614D062EC03F054B241
:1010E00009D017EE00F02D500AC0E3FF2D2A0A5058
:1010F0003B0A1DE04FA0EBD73AEC03F03E2EE7D7BA
:101100000BD02EEC05F0000EF86E840EF76E6E0E0E
:10111000F66E4DEC06F00CD02EEC05F0000EF86EDD
:10112000850EF76E200EF66E4DEC06F001D04D8068
:1011300012004EA4FED73AEC03F0E7EC05F0460EA1
:10114000E8CFB0F15851010A420E05E05851020AA9
:10115000430E01E0410EE8CFB1F13B0EE8CFB2F112
:10116000BCEC08F051A202D006EC3BF02D6A0E0157
:10117000C69900014B9812000AEC05F051924D807F
:101180004ABC0AD00F019D980E01C59B000170EC6E
:1011900002F01AEC03F008D00E019D99C59F0001E2
:1011A00085EC02F025EC03F04DA03DD011EEB0F03F
:1011B000180E2D6EE6CF46F04650C4EC02F04650B5
:1011C0003B0A0CE02D06D8A4F5D7000EF86E860E6B
:1011D000F76EB40EF66E4DEC06F025D057EC03F02A
:1011E0002D6A5BEC08F04DA0CBD700C746F03F0E50
:1011F00046180FE0B0C146F000C7E8FF461807E107
:10120000B1C146F001C7E8FF461801E10BD0E6D7AF
:101210000AD0000EF86E860EF76EB40EF66E4DEC28
:1012200006F001D051820E01C69900014B984B9AED
:101230002DC02EF02D6A3F0EE8CFB0F1E8CF00F7B9
:1012400012004EA4FED73AEC03F0E7EC05F0410E95
:10125000E8CFB0F1430EE8CFB1F13B0EE8CFB2F1E9
:10126000BCEC08F051A202D0E6EC17F02D6A120097
:101270004EA4FED73AEC03F0E7EC05F0410EE8CFC0
:10128000B0F14E0EE8CFB1F13B0EE8CFB2F1BCECBD
:1012900008F051A202D045EC18F02D6A12004EA4BD
:1012A000FED73AEC03F0E7EC05F052B852D052BA50
:1012B00050D052AE08D081EC0AF051A206D10A0EED
:1012C000E8EC05F046D00B0E05180BE11CA023D06E
:1012D000000EF86E8B0EF76E220EF66E4DEC06F0D9
:1012E0001AD00F0E0518D8A40BD01CA023D0000EC6
:1012F000F86E8B0EF76E260EF66E4DEC06F01AD0D9
:10130000070E0518D8B4E1D0000EF86E830EF76E04
:10131000F80EF66ED8D0420EC4EC02F0550EC4ECB6
:1013200002F0FCC1E8FF52BEC4EC02F03B0EC4EC7C
:1013300002F0CBD0420EC4EC02F0440EC4EC02F03A
:10134000FCC1E8FF52BEC4EC02F03B0EC4EC02F05C
:10135000BCD00B0E051807E1000EF86E830EF76E79
:10136000F80EF66EB0D00F0E051807E1000EF86EFD
:10137000830EF76EF80EF66EA6D0420EC4EC02F0A5
:10138000440EC4EC02F0FCC1E8FF52BEC4EC02F013
:101390000C0E05180DE1310EC4EC02F0300EC4EC59
:1013A00002F0000EF86E8A0EF76E160EF66E86D0FC
:1013B000300EC4EC02F0000E05180AE1300EC4EC49
:1013C00002F0000EF86E890EF76EB00EF66E76D053
:1013D000010E05180AE1310EC4EC02F0000EF86EA1
:1013E000890EF76EB60EF66E69D0020E05180AE188
:1013F000320EC4EC02F0000EF86E890EF76EC20ECB
:10140000F66E5CD0040E05180AE1330EC4EC02F04F
:10141000000EF86E890EF76EC80EF66E4FD0050EF0
:1014200005180AE1340EC4EC02F0000EF86E890EC5
:10143000F76ECE0EF66E42D0060E05180AE1350E96
:10144000C4EC02F0000EF86E890EF76ED40EF66E44
:1014500035D0080E05180AE1360EC4EC02F0000E75
:10146000F86E890EF76EDA0EF66E28D0090E0518A2
:101470000AE1370EC4EC02F0000EF86E890EF76E2A
:10148000E00EF66E1BD00A0E05180AE1380EC4EC09
:1014900002F0000EF86E890EF76EE60EF66E0ED0B4
:1014A0000D0E05180AE1390EC4EC02F0000EF86EBC
:1014B000890EF76EEC0EF66E01D007D03B0EC4EC31
:1014C00002F04D9A1CB04DEC06F01E0EE8EC05F053
:1014D0002D6A12004EA4FED73AEC03F0E7EC05F0BB
:1014E000420EE8CFB0F1430EE8CFB1F13B0EE8CFAA
:1014F000B2F1BCEC08F051A202D054EC18F02D6A05
:101500001200430EE8CFB0F1420EE8CFB1F13B0E2E
:10151000E8CFB2F1BCEC08F051A215D002C7E8FF49
:10152000300A05E0508C310EE8CFFCF10CD0509C15
:10153000300EE8CFFCF1000EF86E900EF76E020E42
:10154000F66E4DEC06F012004EA4FED73AEC03F016
:10155000E7EC05F0000EF86E8B0EF76E500EF66E8F
:101560004DEC06F0430EE8CFB0F1470EE8CFB1F1F5
:101570003B0EE8CFB2F1BCEC08F051A202D036EC41
:1015800018F02D6A12004EA4FED73AEC03F0E7ECF7
:1015900005F0000EF86E8B0EF76EE00EF66E4DEC59
:1015A00006F0430EE8CFB0F1540EE8CFB1F13B0E98
:1015B000E8CFB2F1BCEC08F051A222D002C700F093
:1015C000310E00180EE0320E001803E04BEC07F06D
:1015D00017D0000EF86E8B0EF76EE80EF66E4DEC1F
:1015E00006F0430EE8CFB0F14E0EE8CFB1F13B0E5E
:1015F000E8CFB2F1BCEC08F051A202D0F3EC2CF031
:101600002D6A12004EA4FED73AEC03F0E7EC05F089
:10161000000EF86E8B0EF76E6E0EF66E4DEC06F049
:1016200052B823D052BA21D052BE1FD0450EE8CFB7
:10163000B0F1580EE8CFB1F1300EE8CFB2F1310E73
:10164000E8CFB3F1350EE8CFB4F1300EE8CFB5F105
:10165000300EE8CFB6F1300EE8CFB7F1300EE8CF5C
:10166000B8F13B0EE8CFB9F11ED0450EE8CFB0F18E
:10167000580EE8CFB1F1300EE8CFB2F1300EE8CF1E
:10168000B3F1360EE8CFB4F1300EE8CFB5F1300E3D
:10169000E8CFB6F1300EE8CFB7F1300EE8CFB8F1B1
:1016A0003B0EE8CFB9F1BCEC08F051A2A8D009C7B5
:1016B000E8FF300A01E005D022C0E8FF300F006EDD
:1016C00002D0300E006E52B826D052BA24D052BE8C
:1016D00022D0450EC4EC02F0580EC4EC02F0300EDD
:1016E000C4EC02F0310EC4EC02F0350EC4EC02F092
:1016F000300EC4EC02F0300EC4EC02F0300EC4EC3C
:1017000002F0300EC4EC02F00050C4EC02F03B0ECC
:10171000C4EC02F021D0450EC4EC02F0580EC4EC2B
:1017200002F0300EC4EC02F0300EC4EC02F0360EC3
:10173000C4EC02F0300EC4EC02F0300EC4EC02F047
:10174000300EC4EC02F0300EC4EC02F00050C4ECD9
:1017500002F03B0EC4EC02F00A0EE8EC05F052B8C1
:1017600023D052BA21D052BE1FD0450EE8CFB0F1DF
:10177000580EE8CFB1F1300EE8CFB2F1310EE8CF1C
:10178000B3F1350EE8CFB4F1300EE8CFB5F1300E3D
:10179000E8CFB6F1300EE8CFB7F1300EE8CFB8F1B0
:1017A0003B0EE8CFB9F11ED0450EE8CFB0F1580E90
:1017B000E8CFB1F1300EE8CFB2F1300EE8CFB3F19F
:1017C000360EE8CFB4F1300EE8CFB5F1300EE8CFE9
:1017D000B6F1300EE8CFB7F1300EE8CFB8F13B0EDE
:1017E000E8CFB9F1BCEC08F051A209D009C7E8FF75
:1017F000300A03E054EC07F08FD04BEC07F02D6A71
:1018000012004EA4FED73AEC03F0E7EC05F0000E10
:10181000F86E8B0EF76E6E0EF66E4DEC06F0450E02
:10182000E8CFB0F1580EE8CFB1F1300EE8CFB2F109
:10183000310EE8CFB3F1350EE8CFB4F1300EE8CF7A
:10184000B5F1300EE8CFB6F1300EE8CFB7F1300E7B
:10185000E8CFB8F13B0EE8CFB9F1BCEC08F051A2EB
:101860005BD009C7E8FF300A01E005D022C0E8FFDD
:10187000300F006E02D0300E006E450EC4EC02F048
:10188000580EC4EC02F0300EC4EC02F0310EC4EC81
:1018900002F0350EC4EC02F0300EC4EC02F0300E53
:1018A000C4EC02F0300EC4EC02F0300EC4EC02F0D6
:1018B0000050C4EC02F03B0EC4EC02F00A0EE8EC5F
:1018C00005F0450EE8CFB0F1580EE8CFB1F1300E7B
:1018D000E8CFB2F1310EE8CFB3F1350EE8CFB4F175
:1018E000300EE8CFB5F1300EE8CFB6F1300EE8CFCC
:1018F000B7F1300EE8CFB8F13B0EE8CFB9F1BCEC50
:1019000008F051A209D009C7E8FF300A03E054ECFF
:1019100007F002D04BEC07F02D6A12004EA4FED760
:101920003AEC03F0E7EC05F0460EE8CFB0F1410EDB
:10193000E8CFB1F13B0EE8CFB2F1BCEC08F051A218
:101940000AD006EC3BF0215206E09DEC10F051A2CB
:1019500002D095EC11F02D6A12004EA4FED73AEC9D
:1019600003F0E7EC05F0460EE8CFB0F1420EE8CF09
:10197000B1F13B0EE8CFB2F1BCEC08F051A20AD0B5
:1019800006EC3BF0215206E09DEC10F051A202D093
:1019900095EC11F02D6A12004EA4FED73AEC03F03C
:1019A000E7EC05F052B609D0000EF86E830EF76E24
:1019B000F80EF66E4DEC06F017D0460EE8CFB0F1FB
:1019C000430EE8CFB1F13B0EE8CFB2F1BCEC08F02A
:1019D00051A20AD006EC3BF0215206E09DEC10F03B
:1019E00051A202D095EC11F02D6A12004EA4FED740
:1019F0003AEC03F0E7EC05F09DEC10F051A21DD09D
:101A0000000EF86E870EF76EE00EF66E4DEC06F0E7
:101A10000A0EE8EC05F052B4C5EC0DF052B06EECD5
:101A20000EF052B26EEC0EF052B8C6EC0EF052BA96
:101A3000C6EC0EF052B61FEC0DF02D6A12003D50B0
:101A4000310A19E03D50320A16E0460EE8CFB0F1F7
:101A5000570EE8CFB1F13B0EE8CFB2F1BCEC08F085
:101A600051A291D0BEEC18F03D50340A04E03D5034
:101A7000350A2BE088D00A0EE8EC05F0450EE8CFD9
:101A8000B0F1580EE8CFB1F1300EE8CFB2F1350E1B
:101A9000E8CFB3F1300EE8CFB4F1300EE8CFB5F1B6
:101AA000310EE8CFB6F1300EE8CFB7F1300EE8CF07
:101AB000B8F13B0EE8CFB9F1BCEC08F051A263D00D
:101AC00009C763F20A0EE8EC05F0530EE8CFB0F157
:101AD0004C0EE8CFB1F13B0EE8CFB2F1BCEC08F010
:101AE00051A251D02C0E1EEC06F0200E1EEC06F07A
:101AF0003D50310A06E03D50320A03E03D50340AC1
:101B000004E163C2E8FF310A09E0000EF86E8B0EB3
:101B1000F76E360EF66E4DEC06F000D0DEEC23F0DC
:101B2000530EE8CFB0F1480EE8CFB1F13B0EE8CF4D
:101B3000B2F1BCEC08F051A226D02C0E1EEC06F03F
:101B4000200E1EEC06F03D50310A06E03D50320AF0
:101B500003E03D50340A04E163C2E8FF310A09E0C2
:101B6000000EF86E8B0EF76E2C0EF66E4DEC06F036
:101B700008D0000EF86E900EF76E720EF66E4DECF9
:101B800006F082EC1FF02D6A12003D50310A06E08B
:101B90003D50320A03E03D50340A24E1450EE8CFBF
:101BA000B0F1580EE8CFB1F1300EE8CFB2F1340EFB
:101BB000E8CFB3F1350EE8CFB4F1300EE8CFB5F190
:101BC000300EE8CFB6F1300EE8CFB7F1300EE8CFE7
:101BD000B8F13B0EE8CFB9F1BCEC08F051A27CD0D3
:101BE00009C762F20A0EE8EC05F0460EE8CFB0F144
:101BF000570EE8CFB1F13B0EE8CFB2F1BCEC08F0E4
:101C000051A26AD0EEEC18F03D50330A65E03D5029
:101C1000370A62E03D50360A5FE03D50390A5CE029
:101C2000530EE8CFB0F14C0EE8CFB1F13B0EE8CF48
:101C3000B2F1BCEC08F051A24FD02C0E1EEC06F015
:101C4000200E1EEC06F03D50310A06E03D50320AEF
:101C500003E03D50340A04E162C2E8FF310A09E0C2
:101C6000000EF86E8B0EF76E360EF66E4DEC06F02B
:101C700000D03AEC24F0530EE8CFB0F1480EE8CF94
:101C8000B1F13B0EE8CFB2F1BCEC08F051A224D088
:101C90002C0E1EEC06F0200E1EEC06F03D50310A14
:101CA00006E03D50320A03E03D50340A04E162C2CE
:101CB000E8FF300A07E1000EF86E8B0EF76E2C0E6F
:101CC000F66E06D0000EF86E900EF76E6A0EF66E87
:101CD0004DEC06F07AEC20F02D6A1200460EE8CFAB
:101CE000B0F1570EE8CFB1F13B0EE8CFB2F1BCEC4A
:101CF00008F051A249D037EC19F03D50310A0AE002
:101D00003D50320A07E03D50340A04E03D50350AA8
:101D100001E03AD0530EE8CFB0F14C0EE8CFB1F16C
:101D20003B0EE8CFB2F1BCEC08F051A22DD02C0E46
:101D30001EEC06F0200E1EEC06F0000EF86E8B0E68
:101D4000F76E360EF66E4DEC06F0BAEC24F0530E3C
:101D5000E8CFB0F1480EE8CFB1F13B0EE8CFB2F1D9
:101D6000BCEC08F051A210D02C0E1EEC06F0200E98
:101D70001EEC06F0000EF86E8B0EF76E2C0EF66E53
:101D80004DEC06F06EEC21F02D6A12003D50310A48
:101D900007E03D50320A04E03D50340A01E045D0EE
:101DA000440EE8CFB0F1410EE8CFB1F13B0EE8CFE1
:101DB000B2F1BCEC08F051A2C7D002C760F252B831
:101DC00034D03D50310A03E03D50320A2EE10A0E74
:101DD000E8EC05F0450EE8CFB0F1580EE8CFB1F1D0
:101DE000300EE8CFB2F1320EE8CFB3F1380EE8CFC3
:101DF000B4F160C2E8FF300A03E0390EE8CFB4F175
:101E0000300EE8CFB5F1300EE8CFB6F1300EE8CFA6
:101E1000B7F1300EE8CFB8F13B0EE8CFB9F1BCEC2A
:101E200008F051A291D009C761F20A0EE8EC05F062
:101E30003D50310A19E03D50320A16E03D50350A56
:101E400013E0460EE8CFB0F1570EE8CFB1F13B0EEC
:101E5000E8CFB2F1BCEC08F051A276D043EC1AF016
:101E60003D50340A01E070D0530EE8CFB0F14C0E73
:101E7000E8CFB1F13B0EE8CFB2F1BCEC08F051A2D3
:101E800063D02C0E1EEC06F0200E1EEC06F052A8BD
:101E90000BD03D50310A03E03D50320A0FE160C2E1
:101EA000E8FF300A0BE013D03D50310A03E03D500B
:101EB000320A04E161C2E8FF310A09E1000EF86E5E
:101EC0008B0EF76E360EF66E4DEC06F000D08EECF3
:101ED00025F0530EE8CFB0F1480EE8CFB1F13B0E3C
:101EE000E8CFB2F1BCEC08F051A22ED02C0E1EECC3
:101EF00006F0200E1EEC06F052A80BD03D50310A21
:101F000003E03D50320A0FE160C2E8FF300A0BE007
:101F100011D03D50310A03E03D50320A04E161C264
:101F2000E8FF310A07E1000EF86E8B0EF76E2C0EFB
:101F3000F66E06D0000EF86E840EF76EEC0EF66E9E
:101F40004DEC06F057EC22F02D6A12004EA4FED79D
:101F50003AEC03F0E7EC05F0000EF86E890EF76E30
:101F60001E0EF66E4DEC06F052AE03D096EC12F05B
:101F700002D09DEC10F051A24CD03D50340A41E00B
:101F80000A0EE8EC05F052BE05D052BA03D052BE9C
:101F900001D01FD0470EE8CFB0F1430EE8CFB1F12A
:101FA00052AE06D0FCC1B2F13B0EE8CFB3F103D084
:101FB0003B0EE8CFB2F1BCEC08F051A22AD052BEE1
:101FC00003C7FDF170EC1AF053A223D0320EE8ECF7
:101FD00005F0470EE8CFB0F1540EE8CFB1F152AEA4
:101FE00006D0FCC1B2F13B0EE8CFB3F103D03B0EFB
:101FF000E8CFB2F1BCEC08F051A20BD0C1EC1AF062
:1020000008D0000EF86E900EF76E140EF66E4DECC2
:1020100006F02D6A12004EA4FED73AEC03F0E7EC6E
:1020200005F0000EF86E890EF76E280EF66E4DEC78
:1020300006F052AE03D096EC12F002D09DEC10F0F8
:1020400051A21FD03D50330A0CE03D50370A09E041
:10205000000EF86E8B0EF76E400EF66E4DEC06F02D
:1020600010D0490EE8CFB0F1530EE8CFB1F13B0EDE
:10207000E8CFB2F1BCEC08F051A203D064EC1BF045
:1020800000D02D6A12004EA4FED73AEC03F0E7EC24
:1020900005F0000EF86E870EF76EFA0EF66E4DEC38
:1020A00006F04B0EE8CFB0F1530EE8CFB1F13B0E86
:1020B000E8CFB2F1BCEC08F051A202D09EEC1BF0CC
:1020C0002D6A12004EA4FED73AEC03F0E7EC05F0BF
:1020D0009DEC10F051A22FD0ADEC10F052B803D00F
:1020E00052BA01D028D00A0EE8EC05F03D50310A72
:1020F00007E03D50320A04E03D50340A01E01BD0B5
:10210000440EE8CFB0F1410EE8CFB1F13B0EE8CF7D
:10211000B2F1BCEC08F051A20ED002C760F202C7C7
:10212000E8FF310A08E1000EF86E880EF76E8E0E99
:10213000F66E4DEC06F02D6A12004D0EE8CFB0F1B0
:10214000440EE8CFB1F13B0EE8CFB2F1BCEC08F0A1
:1021500051A202D002C73DF01200000EF86E880EA8
:10216000F76E720EF66E4DEC06F0310E3D1807E17B
:10217000000EF86E880EF76EB20EF66ED3D0320EE9
:102180003D1807E1000EF86E880EF76EAA0EF66E87
:10219000C9D0330E3D1807E1000EF86E880EF76EB9
:1021A0007A0EF66EBFD0340E3D1807E1000EF86EC1
:1021B000880EF76EA40EF66EB5D0350E3D1807E109
:1021C000000EF86E880EF76E6C0EF66EABD0360E03
:1021D0003D1807E1000EF86E880EF76EC20EF66E1F
:1021E000A1D0370E3D1807E1000EF86E880EF76E8D
:1021F000800EF66E97D0390E3D1807E1000EF86E8E
:10220000880EF76EC80EF66E8DD052AE8DD0410E90
:102210003D1807E1000EF86E880EF76ED80EF66EC8
:1022200081D0420E3D1807E1000EF86E900EF76E59
:10223000940EF66E77D0430E3D1807E1000EF86E4F
:10224000900EF76E9C0EF66E6DD0440E3D1807E1B1
:10225000000EF86E900EF76EA40EF66E63D0450E6B
:102260003D1807E1000EF86E900EF76EAC0EF66E9C
:1022700059D0460E3D1807E1000EF86E900EF76E2D
:10228000B40EF66E4FD0470E3D1807E1000EF86E03
:10229000900EF76EBC0EF66E45D0480E3D1807E165
:1022A000000EF86E900EF76EC40EF66E3BD0490E1F
:1022B0003D1807E1000EF86E900EF76ECC0EF66E2C
:1022C00031D04A0E3D1807E1000EF86E900EF76E01
:1022D000D40EF66E27D04B0E3D1807E1000EF86EB7
:1022E000900EF76EDC0EF66E1DD04C0E3D1807E119
:1022F000000EF86E900EF76EE40EF66E13D04D0ED3
:102300003D1807E1000EF86E900EF76EEC0EF66EBB
:1023100009D04E0E3D1808E1000EF86E900EF76ED3
:10232000F40EF66E4DEC06F01200310E3D1804E18D
:102330004C0E1EEC06F048D0320E3D1804E1550E4E
:102340001EEC06F041D0330E3D1804E1430E1EECA6
:1023500006F03AD0340E3D1804E1460E1EEC06F0AD
:1023600033D0350E3D1804E1410E1EEC06F02CD0A2
:10237000360E3D180AE1460E1EEC06F0530E1EEC1A
:1023800006F04B0E1EEC06F01FD0370E3D1810E184
:10239000460E1EEC06F0530E1EEC06F04B0E1EEC25
:1023A00006F0200E1EEC06F0520E1EEC06F00CD0CD
:1023B000390E3D1809E1440E1EEC06F0200E1EEC0D
:1023C00006F0520E1EEC06F01DEC06F012004EA4B4
:1023D000FED73AEC03F0E7EC05F052B01AD052B257
:1023E00018D0000EF86E8E0EF76EF80EF66E4DECED
:1023F00006F04D0EE8CFB0F1460EE8CFB1F13B0E3E
:10240000E8CFB2F1BCEC08F051A20BD051EC1CF0BB
:1024100008D0000EF86E830EF76EF80EF66E4DECD7
:1024200006F02D6A12004EA4FED73AEC03F0E7EC5A
:1024300005F0000EF86E870EF76EEE0EF66E4DECA0
:1024400006F04D0EE8CFB0F1470EE8CFB1F13B0EEC
:10245000E8CFB2F1BCEC08F051A202D069EC1CF05C
:102460002D6A12004EA4FED73AEC03F0E7EC05F01B
:10247000000EF86E880EF76E080EF66E4DEC06F044
:102480004D0EE8CFB0F14C0EE8CFB1F13B0EE8CFE6
:10249000B2F1BCEC08F051A202D078EC1CF02D6A2D
:1024A00012004EA4FED73AEC03F0E7EC05F04E0E16
:1024B000E8CFB0F1420EE8CFB1F13B0EE8CFB2F178
:1024C000BCEC08F051A202D0FDEC1DF02D6A120008
:1024D0004EA4FED73AEC03F0E7EC05F04E0EE8CF41
:1024E000B0F1520EE8CFB1F13B0EE8CFB2F1BCEC47
:1024F00008F051A202D023EC1EF02D6A12004EA467
:10250000FED73AEC03F0E7EC05F04E0EE8CFB0F161
:10251000540EE8CFB1F13B0EE8CFB2F1BCEC08F0BD
:1025200051A202D054EC1EF02D6A120081EC0AF088
:1025300051A214D00A0EE8EC05F04F0EE8CFB0F12E
:102540004D0EE8CFB1F1FCC1B2F13B0EE8CFB3F1D3
:10255000BCEC08F051A202D003C73DF012004EA41B
:10256000FED73AEC03F0E7EC05F052B063D052B27C
:1025700061D0000EF86E8B0EF76EB80EF66E4DEC55
:1025800006F052AE03D096EC12F002D09DEC10F0A3
:1025900051A258D03D50340A44E152B601D02ED059
:1025A0000A0EE8EC05F04F0EE8CFB0F1530EE8CF7D
:1025B000B1F13B0EE8CFB2F1BCEC08F051A242D031
:1025C000E6EC1CF002C7E8FF310A05E002C7E8FFAD
:1025D000320A01E037D00A0EE8EC05F04F0EE8CFE2
:1025E000B0F1460EE8CFB1F13B0EE8CFB2F1BCEC52
:1025F00008F051A227D0A8EC1CF024D00A0EE8EC79
:1026000005F0580EE8CFB0F14F0EE8CFB1F13B0E18
:10261000E8CFB2F1BCEC08F051A214D00EEC1DF0E2
:1026200011D0000EF86E8B0EF76ECA0EF66E4DECE2
:1026300006F008D0000EF86E830EF76EF80EF66EF8
:102640004DEC06F02D6A12004EA4FED73AEC03F0D2
:10265000E7EC05F052AE07D081EC0AF051A2B5D0FC
:102660000A0EE8EC05F052A617D0440EE8CFB0F100
:10267000430EE8CFB1F13B0EE8CFB2F1BCEC08F06D
:1026800051A221D0509C02C700F0310E0018D8B4DE
:10269000508C0A0EE8EC05F0500EE8CFB0F1410E78
:1026A000E8CFB1F152AE06D0FCC1B2F13B0EE8CF9B
:1026B000B3F103D03B0EE8CFB2F1BCEC08F051A26D
:1026C00002D06EEC1DF051942D6A12004EA4FED77C
:1026D0003AEC03F0E7EC05F0000EF86E880EF76EAA
:1026E000220EF66E4DEC06F0500EE8CFB0F1430E20
:1026F000E8CFB1F13B0EE8CFB2F1BCEC08F051A24B
:1027000002D0B2EC1DF02D6A12004EA4FED73AECB6
:1027100003F0E7EC05F0000EF86E8F0EF76E120E68
:10272000F66E4DEC06F0500EE8CFB0F1520EE8CF49
:10273000B1F13B0EE8CFB2F1BCEC08F051A21DD0D4
:1027400002C700F0310E001803E04BEC07F015D083
:1027500054EC07F052B011D052B20FD0500EE8CF67
:10276000B0F14C0EE8CFB1F13B0EE8CFB2F1BCECCA
:1027700008F051A202D0C4EC1DF02D6A12004EA444
:10278000FED73AEC03F0E7EC05F052AE07D081EC4F
:102790000AF051A21AD00A0EE8EC05F0520EE8CF6A
:1027A000B0F1410EE8CFB1F152AE06D0FCC1B2F1AA
:1027B0003B0EE8CFB3F103D03B0EE8CFB2F1BCEC57
:1027C00008F051A202D076EC1EF051942D6A12004E
:1027D0004EA4FED73AEC03F0E7EC05F0520EE8CF3A
:1027E000B0F1540EE8CFB1F13B0EE8CFB2F1BCEC42
:1027F00008F051A266D002C7E8FF006E300A0EE072
:10280000000EF86E890EF76E340EF66E4DEC06F083
:102810002C0E1EEC06F0200E1EEC06F0580EE8CF33
:10282000B0F1540EE8CFB1F13B0EE8CFB2F1BCEC01
:1028300008F051A246D002C7E8FF300A0FE0000EB0
:10284000F86E890EF76E3C0EF66E4DEC06F02C0E0F
:102850001EEC06F0200E1EEC06F00CD0300E001818
:1028600009E1000EF86E890EF76E440EF66E4DEC1F
:1028700006F027D0490EE8CFB0F1460EE8CFB1F10F
:102880003B0EE8CFB2F1BCEC08F051A21AD011C750
:10289000E8FF1EEC06F012C7E8FF1EEC06F013C7B7
:1028A000E8FF1EEC06F014C7E8FF1EEC06F015C7A3
:1028B000E8FF1EEC06F016C7E8FF1EEC06F01DEC64
:1028C00006F02D6A12004EA4FED73AEC03F0E7ECB6
:1028D00005F04650320A0CE04650330A10E0000E74
:1028E000F86E860EF76EA80EF66E4DEC06F041D02F
:1028F000000EF86E8B0EF76EA20EF66E06D0000E6E
:10290000F86E8A0EF76E1C0EF66E4DEC06F0000E99
:10291000F86E8B0EF76EB00EF66E4DEC06F052AE02
:1029200005D0320E0018310ED8B4006E520EC4EC31
:1029300002F04D0EC4EC02F04650C4EC02F052AE70
:1029400003D0310EC4EC02F03B0EC4EC02F00A0ED0
:10295000E8EC05F0520EE8CFB0F14D0EE8CFB1F142
:102960003B0EE8CFB2F1BCEC08F051A202D0CAECA9
:1029700026F01E0EE8EC05F02D6A12004EA4FED7DC
:102980003AEC03F0E7EC05F052B609D0000EF86E11
:10299000830EF76EF80EF66E4DEC06F017D0000EB3
:1029A000F86E8D0EF76EAE0EF66E4DEC06F0530E11
:1029B000E8CFB0F1410EE8CFB1F13B0EE8CFB2F174
:1029C000BCEC08F051A202D0EBEC26F02D6A12000C
:1029D0004EA4FED73AEC03F0E7EC05F0530EE8CF37
:1029E000B0F14D0EE8CFB1F152B002D052A204D0F6
:1029F0003B0EE8CFB2F108D0300E51B4310EE8CF23
:102A0000B2F13B0EE8CFB3F1BCEC08F051A202D01A
:102A1000D1EC27F051942D6A12004EA4D9D73AEC8C
:102A200003F0E7EC05F051B411D0530EE8CFB0F14C
:102A30004D0EE8CFB1F1320EE8CFB2F13B0EE8CF48
:102A4000B3F1BCEC08F051A213D010D0530EE8CF74
:102A5000B0F14D0EE8CFB1F1330EE8CFB2F13B0E3D
:102A6000E8CFB3F1BCEC08F051A202D0D1EC27F0D2
:102A700051942D6A12004EA4FED73AEC03F0E7EC15
:102A800005F052B405D052B603D06CEC05F024D05A
:102A9000000EF86E8E0EF76ED40EF66E4DEC06F04C
:102AA0009DEC10F051A218D0530EE8CFB0F1540EA7
:102AB000E8CFB1F13B0EE8CFB2F1BCEC08F051A287
:102AC0000BD02FEC29F008D0000EF86E830EF76EB5
:102AD000F80EF66E4DEC06F02D6A12004EA4FED7ED
:102AE0003AEC03F0E7EC05F0000EF86E860EF76E98
:102AF0006C0EF66E4DEC06F0520EC4EC02F04D0E6C
:102B0000C4EC02F0310EC4EC02F03B0EC4EC02F057
:102B1000030EE8EC05F0520EE8CFB0F14D0EE8CF11
:102B2000B1F13B0EE8CFB2F1BCEC08F051A202D0FB
:102B30007AEC2AF01E0EE8EC05F02D6A12004EA485
:102B4000FED73AEC03F0E7EC05F051B207D0000EE7
:102B5000F86E8B0EF76EF60EF66E06D0000EF86E5F
:102B60008B0EF76EE00EF66E4DEC06F052AE07D00F
:102B700096EC12F051A26ED03D50340A63E152AE91
:102B800023D0540EE8CFB0F1420EE8CFB1F13B0EA6
:102B9000E8CFB2F1BCEC08F051A25CD002C700F063
:102BA00000B007D0000EF86E900EF76E020EF66EB3
:102BB00006D0000EF86E870EF76E400EF66E4DECE6
:102BC00006F00A0EE8EC05F0540EE8CFB0F14F0E17
:102BD000E8CFB1F152AE06D000C0B2F13B0EE8CF63
:102BE000B3F103D03B0EE8CFB2F1BCEC08F051A238
:102BF00031D002C700F052BE03C700F0310E0018FA
:102C00000EE0320E00180BE0330E001818E1000E33
:102C1000F86E8B0EF76EE80EF66E4DEC06F0540E65
:102C2000E8CFB0F14E0EE8CFB1F13B0EE8CFB2F1F4
:102C3000BCEC08F051A20ED0F3EC2CF00BD04BEC16
:102C400007F008D0000EF86E8B0EF76ECA0EF66E07
:102C50004DEC06F02D6A12004EA4FED73AEC03F0BC
:102C6000E7EC05F052A63FD0530EE8CFB0F1410E8D
:102C7000E8CFB1F13B0EE8CFB2F1BCEC08F051A2C5
:102C800028D102C7E8FF300A0AE0000EF86E8D0E68
:102C9000F76E920EF66E4DEC06F069EF17F0440EEB
:102CA000E8CFB0F1430EE8CFB1F13B0EE8CFB2F17F
:102CB000BCEC08F051A20DD102C7E8FF300A09E0D0
:102CC000000EF86E870EF76E400EF66E4DEC06F0B5
:102CD00008D0000EF86E900EF76E020EF66E4DECF8
:102CE00006F035EC05F052AE09D081EC0AF051A2A5
:102CF000F0D086EC18F00A0EE8EC05F0460EE8CFAE
:102D0000B0F1540EE8CFB1F13B0EE8CFB2F1BCEC1C
:102D100008F051A2DED002C7E8FF300A0DE002C77A
:102D2000E8FF310A12E002C7E8FF320A17E002C7E3
:102D3000E8FF330A1CE035D0000EF86E890EF76EFE
:102D40005E0EF66E4DEC06F02CD0000EF86E890E7D
:102D5000F76E760EF66E4DEC06F023D0000EF86E90
:102D60008F0EF76E860EF66E4DEC06F009D0000E53
:102D7000F86E8F0EF76EA20EF66E4DEC06F011D0C7
:102D800052BE0FD04D0EE8CFB0F1430EE8CFB1F1F7
:102D90003B0EE8CFB2F1BCEC08F051A29AD035EC72
:102DA0001CF035EC05F0460EE8CFB0F1520EE8CF3E
:102DB000B1F13B0EE8CFB2F1BCEC08F051A289D0E2
:102DC00002C7E8FF300A0DE002C7E8FF310A12E04F
:102DD00002C7E8FF320A17E002C7E8FF330A1CE027
:102DE00023D0000EF86E8F0EF76E240EF66E4DECAB
:102DF00006F01AD0000EF86E8F0EF76E3A0EF66ED1
:102E00004DEC06F011D0000EF86E8F0EF76E500EDE
:102E1000F66E4DEC06F008D0000EF86E8F0EF76ED1
:102E20006C0EF66E4DEC06F035EC05F04C0EE8CF6E
:102E3000B0F14B0EE8CFB1F13B0EE8CFB2F1BCECF4
:102E400008F051A246D0ADEC1BF035EC05F0460E73
:102E5000E8CFB0F1530EE8CFB1F152AE06D0FCC1CD
:102E6000B2F13B0EE8CFB3F103D03B0EE8CFB2F1A5
:102E7000BCEC08F051A22DD052BE09D002C7E8FF29
:102E8000300A27E002C7E8FF310A19E022D002C762
:102E9000E8FF310A07E1000EF86E870EF76E400E6C
:102EA000F66E06D0000EF86E900EF76E020EF66EFD
:102EB00003C7E8FF300A0DE04DEC06F000D0000E2D
:102EC000F86E8E0EF76EC60EF66E4DEC06F054ECF4
:102ED00007F02D6A12004EA4FED73AEC03F0E7EC9F
:102EE00005F0560EE8CFB0F1580EE8CFB1F13B0E29
:102EF000E8CFB2F1BCEC08F051A266D002C7E8FFFF
:102F0000300A09E1000EF86E890EF76E8C0EF66E2F
:102F10004DEC06F03CD0000EF86E900EF76E0A0EE7
:102F2000F66E4DEC06F0560EE8CFB0F1470EE8CF46
:102F3000B1F13B0EE8CFB2F1BCEC08F051A244D0A5
:102F4000000EF86E8B0EF76E860EF66E4DEC06F0E8
:102F500036EC18F0560EE8CFB0F1440EE8CFB1F1E0
:102F60003B0EE8CFB2F1BCEC08F051A22DD02C0EF4
:102F70001EEC06F0200E1EEC06F0000EF86E8B0E16
:102F8000F76E8C0EF66E4DEC06F05FEC2FF0530EE4
:102F9000E8CFB0F1440EE8CFB1F13B0EE8CFB2F18B
:102FA000BCEC08F051A210D02C0E1EEC06F0200E46
:102FB0001EEC06F0000EF86E8B0EF76E940EF66E99
:102FC0004DEC06F05FEC2FF02D6A1200000EF86E4B
:102FD0008B0EF76E120EF66E4DEC06F002C7E8FF90
:102FE000300A07E103C7E8FF300A03E14BEC07F0C2
:102FF0001FD002C7E8FF300A0EE0000EF86E8D0EFB
:10300000F76E820EF66E4DEC06F02C0E1EEC06F0FE
:10301000200E1EEC06F003C7E8FF300A09E0000EA0
:10302000F86E8D0EF76E8A0EF66E4DEC06F000D03F
:1030300012002EEC05F002C7E8FF300A08E0000E8F
:10304000F86E870EF76E400EF66E4DEC06F003C775
:10305000E8FF1EEC06F004C7E8FF1EEC06F005C70B
:10306000E8FF1EEC06F01DEC06F0120002C7E8FFB8
:103070001EEC06F003C7E8FF1EEC06F004C7E8FFED
:103080001EEC06F01DEC06F01200000EF86E870E26
:10309000F76EA60EF66E4DEC06F002C7E8FF1EECCA
:1030A00006F01DEC06F01200000EF86E8B0EF76EA7
:1030B0005E0EF66E4DEC06F002C7E8FF300A08E03F
:1030C00002C7E8FF310A07E002C7E8FF320A06E05C
:1030D0004BEC07F01AD054EC07F017D0000EF86E46
:1030E000890EF76E160EF66E4DEC06F0420EE8CF26
:1030F000B0F1500EE8CFB1F13B0EE8CFB2F1BCEC2D
:1031000008F051A202D036EC18F0120002C7E8FF16
:10311000300A0DE0508C310EE8CFFCF1000EF86E55
:10312000870EF76E400EF66E4DEC06F00CD0509CFC
:10313000300EE8CFFCF1000EF86E900EF76E020E26
:10314000F66E4DEC06F0120002C700F0300E0018CB
:103150000BE000D0508C000EF86E870EF76E400E1C
:10316000F66E4DEC06F009D0509C000EF86E900EF5
:10317000F76E020EF66E4DEC06F012003D50340A6A
:1031800004E03D50350A01E016E105C7E8FF300ACA
:1031900009E1000EF86E8A0EF76E840EF66E4DECA5
:1031A00006F01BD0000EF86E8A0EF76E8C0EF66ECF
:1031B0004DEC06F012D002C7E8FF1EEC06F003C784
:1031C000E8FF1EEC06F004C7E8FF1EEC06F005C79A
:1031D000E8FF1EEC06F01DEC06F012003D50310A2F
:1031E0000AE03D50320A07E03D50340A04E03D5009
:1031F000350A01E029D005C7E8FF310A0DE005C70F
:10320000E8FF320A15E0000EF86E850EF76E180E14
:10321000F66E4DEC06F02AD0000EF86E8A0EF76EB0
:10322000840EF66E4DEC06F0310E1EEC06F01CD04E
:10323000000EF86E8A0EF76E840EF66E4DEC06F0F8
:10324000320E1EEC06F010D002C7E8FF1EEC06F0AE
:1032500003C7E8FF1EEC06F004C7E8FF1EEC06F00B
:1032600005C7E8FF1EEC06F01DEC06F012003D500D
:10327000310A0AE03D50320A07E03D50340A04E0CA
:103280003D50350A01E016D005C7E8FF300A09E1D4
:10329000000EF86E8A0EF76E8C0EF66E4DEC06F090
:1032A000F1D0000EF86E8A0EF76E840EF66E4DECBD
:1032B00006F0E8D0000EE8CF47F202C7E8FFD00FD3
:1032C000E8CF48F203C7E8FFD00FE8CF49F204C7C0
:1032D000E8FFD00FE8CF4AF205C7E8FFD00FE8CFEC
:1032E0004BF2BBEC40F03D50330A0CE03D50370A46
:1032F00009E03D50360AD8B484D03D50390AD8B4DC
:1033000080D0C0D04CC254F24DC255F2000EE8CF6E
:1033100056F24F0EE8CF57F2E0EC40F043E2630E76
:10332000E8CF57F2E0EC40F041E2950EE8CF57F2DB
:10333000E0EC40F03FE2C70EE8CF57F2E0EC40F09F
:103340003DE2010EE8CF56F22B0EE8CF57F2E0EC4B
:1033500040F03BE28F0EE8CF57F2E0EC40F039E26C
:10336000F30EE8CF57F2E0EC40F037E2020EE8CF80
:1033700056F2570EE8CF57F2E0EC40F032E2030E7F
:10338000E8CF56F2E70EE8CF57F2E0EC40F02DE23E
:10339000070EE8CF56F2CF0EE8CF57F2E0EC40F040
:1033A00028E22BD0350E1EEC06F067D0380E1EEC4E
:1033B00006F063D0310E1EEC06F05CD0310E1EEC30
:1033C00006F0350E1EEC06F058D0320E1EEC06F05C
:1033D00051D0330E1EEC06F04DD0340E1EEC06F02C
:1033E00049D0350E1EEC06F045D0360E1EEC06F028
:1033F00041D0310E1EEC06F03AD0320E1EEC06F033
:1034000036D04CC254F24DC255F2010EE8CF56F2FE
:10341000F30EE8CF57F2E0EC40F013E2030EE8CFF2
:1034200056F2E70EE8CF57F2E0EC40F011E2050E5D
:10343000E8CF56F2DB0EE8CF57F2E0EC40F00CE2BA
:103440000FD0320E1EEC06F0350E1EEC06F015D035
:10345000350E1EEC06F00ED0310E1EEC06F007D035
:10346000310E1EEC06F0350E1EEC06F003D0300EC9
:103470001EEC06F0300E1EEC06F0300E1EEC06F0D0
:103480001DEC06F012003D50340A01E016D005C7CD
:10349000E8FF300A09E1000EF86E850EF76E180E8F
:1034A000F66E4DEC06F01BD0000EF86E8A0EF76E2D
:1034B000840EF66E4DEC06F012D002C7E8FF1EEC4B
:1034C00006F003C7E8FF1EEC06F004C7E8FF1EEC99
:1034D00006F005C7E8FF1EEC06F01DEC06F0120032
:1034E000538252BE14D002C7E8FF300A28E002C758
:1034F000E8FF310A28E002C7E8FF320A32E002C7DB
:10350000E8FF330A35E011EC07F0539239D003C7D6
:10351000E8FF300A14E003C7E8FF310A14E003C7EC
:10352000E8FF320A17E003C7E8FF330A1AE003C7CF
:10353000E8FF340A1DE011EC07F0539221D05392BA
:103540004BEC07F01DD0000EF86E860EF76E5A0E8B
:10355000F66E14D0000EF86E860EF76E520EF66EF2
:103560000DD0000EF86E860EF76E4C0EF66E06D07D
:10357000000EF86E900EF76E840EF66E4DEC06F0AF
:10358000120052B407D052B005D052B203D052B696
:1035900001D00DD002C7E8FF300A09E103C7E8FFF8
:1035A000300A05E104C7E8FF300A01E18AD052B4CD
:1035B00015D052B02DD052B22BD052B843D052BAFF
:1035C00041D052BE55D052B646D0000EF86E830E92
:1035D000F76EF80EF66E4DEC06F075D004C7E8FFF6
:1035E000310A09E1000EF86E860EF76E4C0EF66E8B
:1035F0004DEC06F068D004C7E8FF320A64E1000E23
:10360000F86E860EF76E5A0EF66E4DEC06F05BD035
:1036100004C7E8FF320A09E1000EF86E860EF76E65
:103620004C0EF66E4DEC06F04ED004C7E8FF340A9F
:103630004AE1000EF86E860EF76E5A0EF66E4DECED
:1036400006F041D002C7E8FF1EEC06F003C7E8FF12
:103650001EEC06F033D002C7E8FF1EEC06F003C7ED
:10366000E8FF1EEC06F004C7E8FF1EEC06F026D0CB
:10367000FDC100F0310E001807E0320E00180DE019
:10368000330E001813E01FD003C7E8FF1EEC06F04E
:1036900004C7E8FF1EEC06F011D005C7E8FF1EECDA
:1036A00006F006C7E8FF1EEC06F008D007C7E8FFE3
:1036B0001EEC06F008C7E8FF1EEC06F01DEC06F055
:1036C00002D04BEC07F0120052B405D052B003D038
:1036D00052B201D020D002C7E8FF200A09E002C799
:1036E000E8FF2B0A05E002C7E8FF2D0A0AE011D027
:1036F000000EF86E8A0EF76E240EF66E4DEC06F094
:1037000008D0000EF86E8A0EF76E2A0EF66E4DEC9B
:1037100006F035EC05F003C7E8FF1EEC06F004C721
:10372000E8FF1EEC06F005C7E8FF1EEC06F006C732
:10373000E8FF1EEC06F01DEC06F0120002C7E8FFE1
:103740001EEC06F003C7E8FF1EEC06F004C7E8FF16
:103750001EEC06F01DEC06F0120052B415D052B665
:1037600065D052BE32D002C7E8FF300A7DE002C702
:10377000E8FF310A79E1000EF86E8F0EF76ED20E77
:10378000F66E4DEC06F070D002C7E8FF300A0CE090
:1037900002C7E8FF310A08E1000EF86E8F0EF76EDF
:1037A000BE0EF66E4DEC06F003C7E8FF300A5CE093
:1037B00003C7E8FF310A58E1000EF86E8F0EF76E6E
:1037C000D20EF66E4DEC06F04FD002C7E8FF300A7D
:1037D00014E002C7E8FF310A10E1000EF86E900E07
:1037E000F76E020EF66E4DEC06F0000EF86E8F0EC0
:1037F000F76EE20EF66E4DEC06F003C7E8FF300AF6
:1038000033E003C7E8FF310A2FE1000EF86E870EA0
:10381000F76E400EF66E4DEC06F0000EF86E8F0E51
:10382000F76EE20EF66E4DEC06F01ED002C7E8FF12
:10383000300A1AE002C7E8FF310A09E1000EF86E0B
:103840008F0EF76EE20EF66E4DEC06F00DD002C74D
:10385000E8FF320A09E1000EF86E8F0EF76EF20EE5
:10386000F66E4DEC06F000D0120003C7E8FF1EEC28
:1038700006F004C7E8FF1EEC06F002C7E8FF200AC6
:103880000DE0000EF86E8A0EF76E3A0EF66E4DECF5
:1038900006F002C7E8FF1EEC06F000D01DEC06F0B3
:1038A000120002C7E8FF300A07E002C7E8FF310A4A
:1038B0000AE011EC07F00CD0410E1EEC06F0270ECA
:1038C0001EEC06F003D0420E1EEC06F01DEC06F0D6
:1038D000120002C7E8FF1EEC06F003C7E8FF1EEC6B
:1038E00006F004C7E8FF1EEC06F01DEC06F012001F
:1038F00002C7E8FF1EEC06F003C7E8FF1EEC06F067
:1039000004C7E8FF1EEC06F01DEC06F0120017EEEF
:1039100000F0020EE350300A11E1030EE350300ACA
:103920000DE1040EE350300A04E1310E1EEC06F006
:103930000CD0040EE3501EEC06F007D0310E1EEC46
:1039400006F0300E1EEC06F000D01DEC06F0120062
:1039500002C7E8FF1EEC06F003C7E8FF1EEC06F006
:1039600004C7E8FF1EEC06F005C7E8FF1EEC06F0F2
:1039700006C7E8FF1EEC06F007C7E8FF1EEC06F0DE
:1039800008C7E8FF300A08E109C7E8FF300A04E188
:103990000AC7E8FF300A11E02E0E1EEC06F008C739
:1039A000E8FF1EEC06F009C7E8FF1EEC06F00AC7A8
:1039B000E8FF1EEC06F01DEC06F0000EF86E8B0E14
:1039C000F76EDA0EF66E4DEC06F0120002C7E8FF55
:1039D000300A09E002C7E8FF310A0EE002C7E8FF3B
:1039E000320A13E01AD0000EF86E8B0EF76EC00E7E
:1039F000F66E4DEC06F011D0000EF86E8A0EF76EE2
:103A0000240EF66E4DEC06F008D0000EF86E8A0E0D
:103A1000F76E2A0EF66E4DEC06F0120002C7E8FFB4
:103A2000300A05E002C7E8FF310A0AE056D0000E6E
:103A3000F86E8A0EF76E240EF66E4DEC06F008D086
:103A4000000EF86E8A0EF76E2A0EF66E4DEC06F03A
:103A500003C7E8FF1EEC06F004C7E8FF1EEC06F003
:103A600005C7E8FF1EEC06F006C7E8FF1EEC06F0EF
:103A700007C7E8FF1EEC06F008C7E8FF1EEC06F0DB
:103A800009C7E8FF1EEC06F00AC7E8FF1EEC06F0C7
:103A90000BC7E8FF300A08E10CC7E8FF300A04E171
:103AA0000DC7E8FF300A11E02E0E1EEC06F00BC722
:103AB000E8FF1EEC06F00CC7E8FF1EEC06F00DC791
:103AC000E8FF1EEC06F01DEC06F0000EF86E8B0E03
:103AD000F76EDA0EF66E4DEC06F0120052BE07D00D
:103AE00052B616D002C7E8FF300A26E130D002C72E
:103AF000E8FF300A08E0000EF86E870EF76E400E01
:103B0000F66E4DEC06F003C7E8FF300A15E11FD052
:103B100050AC0DD0000EF86E870EF76E400EF66EAC
:103B20004DEC06F003C7E8FF300A06E110D002C7EB
:103B3000E8FF300A01E10BD0000EF86E880EF76E38
:103B4000180EF66E4DEC06F054EC07F00AD0000E9D
:103B5000F86E880EF76E180EF66E4DEC06F04BEC14
:103B600007F0120002C7E8FF1EEC06F003C7E8FFEB
:103B70001EEC06F004C7E8FF1EEC06F0570E1EEC24
:103B800006F01DEC06F012002C0E1EEC06F0200EC6
:103B90001EEC06F0000EF86E900EF76E300EF66E0C
:103BA0004DEC06F002C7E8FF1EEC06F003C7E8FF85
:103BB0001EEC06F004C7E8FF1EEC06F02C0E1EEC0F
:103BC00006F0200E1EEC06F01DEC06F0000EF86E5E
:103BD000900EF76E380EF66E4DEC06F005C7E8FF56
:103BE0001EEC06F006C7E8FF1EEC06F007C7E8FF6C
:103BF0001EEC06F01DEC06F01200000EF86E880EAA
:103C0000F76E2A0EF66E4DEC06F002C7E8FF310A99
:103C100003E04BEC07F015D054EC07F052B011D094
:103C200052B20FD04E0EE8CFB0F14C0EE8CFB1F14A
:103C30003B0EE8CFB2F1BCEC08F051A202D087EC09
:103C40001CF02D6A1200000EF86E880EF76EDE0E64
:103C5000F66E4DEC06F002C700F0310E001806E0DB
:103C6000320E001809E04BEC07F01CD0310EE8CF03
:103C7000F9F11EEC06F005D0320EE8CFF9F11EEC9A
:103C800006F054EC07F0520EE8CFB0F14C0EE8CF3E
:103C9000B1F13B0EE8CFB2F1BCEC08F051A202D07A
:103CA00002EC1FF02D6A1200000EF86E8F0EF76EF8
:103CB000060EF66E4DEC06F002C7E8FF310A03E08F
:103CC0004BEC07F011D054EC07F0410EE8CFB0F107
:103CD0004C0EE8CFB1F13B0EE8CFB2F1BCEC08F0EE
:103CE00051A202D036EC18F02D6A120052BE0BD051
:103CF00052B645D002C7E8FF300A5DE103C7E8FFCE
:103D0000300A59E163D002C7E8FF300A08E0000E2C
:103D1000F86E870EF76E400EF66E4DEC06F003C798
:103D2000E8FF310A09E003C7E8FF320A0CE003C7E5
:103D3000E8FF330A12E04AD02D0E1EEC06F0360ED4
:103D40001EEC06F013D02D0E1EEC06F0310E1EEC0C
:103D500006F0320E1EEC06F009D02D0E1EEC06F019
:103D6000310E1EEC06F0380E1EEC06F0440E1EEC72
:103D700006F0420E1EEC06F01DEC06F031D050AC01
:103D800011D0000EF86E870EF76E400EF66E4DECF9
:103D900006F004C7E8FF300A0EE105C7E8FF300A65
:103DA0000AE114D002C7E8FF300A05E103C7E8FFC3
:103DB000300A01E10BD0000EF86E880EF76E460E49
:103DC000F66E4DEC06F054EC07F00AD0000EF86EDB
:103DD000880EF76E460EF66E4DEC06F04BEC07F0D3
:103DE00012002EEC05F002C7E8FF1EEC06F003C738
:103DF000E8FF1EEC06F004C7E8FF1EEC06F01DEC21
:103E000006F01200F9C1E8FF320A12E003C7E8FF2A
:103E1000300A05E003C7E8FF1EEC06F070D0000E84
:103E2000F86E860EF76E440EF66E4DEC06F069D015
:103E300003C7E8FF300A04E1320E1EEC06F056D04C
:103E400003C7E8FF310A04E1340E1EEC06F04ED041
:103E500003C7E8FF320A04E1360E1EEC06F046D036
:103E600003C7E8FF330A04E1380E1EEC06F03ED02B
:103E700003C7E8FF340A07E1310E1EEC06F0300EEE
:103E80001EEC06F033D003C7E8FF350A07E1310E18
:103E90001EEC06F0320E1EEC06F028D003C7E8FF39
:103EA000360A07E1310E1EEC06F0340E1EEC06F069
:103EB0001DD003C7E8FF370A07E1310E1EEC06F0FC
:103EC000360E1EEC06F012D003C7E8FF380A07E1F1
:103ED000310E1EEC06F0380E1EEC06F007D0320E46
:103EE0001EEC06F0300E1EEC06F000D04D0E1EEC5F
:103EF00006F0200E1EEC06F0530E1EEC06F01DEC34
:103F000006F012003D50310A0DE03D50320A0AE041
:103F10003D50340A07E03D50350AD8B416EF20F082
:103F200079EF20F063C2E8FF310AD8B4A2D002C70B
:103F3000E8FF300A6BE103C7E8FF300A07E1310E02
:103F40001EEC06F0340E1EEC06F0CBD003C7E8FFE3
:103F5000310A07E1310E1EEC06F0360E1EEC06F0BB
:103F6000C0D003C7E8FF320A07E1310E1EEC06F0AD
:103F7000380E1EEC06F0B5D003C7E8FF330A04E1A3
:103F8000320E1EEC06F0AAD003C7E8FF340A07E1A0
:103F9000320E1EEC06F0320E1EEC06F0A2D003C765
:103FA000E8FF350A07E1320E1EEC06F0340E1EEC77
:103FB00006F097D003C7E8FF360A07E1320E1EEC81
:103FC00006F0360E1EEC06F08CD003C7E8FF370A69
:103FD00007E1320E1EEC06F0380E1EEC06F081D022
:103FE00003C7E8FF380A07E1330E1EEC06F0300E77
:103FF0001EEC06F076D003C7E8FF390A07E1330E5E
:104000001EEC06F0340E1EEC06F06BD003C7E8FF82
:10401000300A04E1340E1EEC06F060D003C7E8FF5E
:10402000310A67E1350E1EEC06F058D003C7E8FFF1
:10403000300A07E1320E1EEC06F0350E1EEC06F0DB
:1040400050D003C7E8FF310A04E1330E1EEC06F03E
:1040500045D003C7E8FF320A04E1340E1EEC06F037
:104060003DD003C7E8FF330A44E1350E1EEC06F0ED
:1040700035D003C7E8FF300A07E1310E1EEC06F029
:10408000370E1EEC06F030D003C7E8FF310A0AE114
:10409000310E1EEC06F0390E1EEC06F0330E1EEC4F
:1040A00006F022D003C7E8FF320A0AE1320E1EEC06
:1040B00006F0310E1EEC06F0360E1EEC06F014D0A3
:1040C00003C7E8FF330A15E1500E1EEC06F0530E4D
:1040D0001EEC06F04B0E1EEC06F009D0300E1EEC66
:1040E00006F0300E1EEC06F0300E1EEC06F01DEC55
:1040F00006F012003D50310A0DE03D50320A0AE050
:104100003D50340A07E03D50350AD8B41EEF21F087
:104110006DEF21F062C2E8FF310AD8B4B2D002C715
:10412000E8FF300A68E103C7E8FF300A04E1310E16
:104130001EEC06F0C7D003C7E8FF310A07E1310ED5
:104140001EEC06F0320E1EEC06F0BFD003C7E8FFEF
:10415000320A07E1310E1EEC06F0340E1EEC06F0BA
:10416000B4D003C7E8FF330A07E1310E1EEC06F0B6
:10417000360E1EEC06F0A9D003C7E8FF340A07E1AB
:10418000310E1EEC06F0380E1EEC06F09ED003C772
:10419000E8FF350A04E1320E1EEC06F093D003C7A7
:1041A000E8FF360A07E1320E1EEC06F0320E1EEC76
:1041B00006F08BD003C7E8FF370A07E1320E1EEC8A
:1041C00006F0340E1EEC06F080D003C7E8FF380A74
:1041D00007E1320E1EEC06F0360E1EEC06F075D02E
:1041E00003C7E8FF390A07E1320E1EEC06F0380E6D
:1041F0001EEC06F06AD003C7E8FF300A04E1330E74
:104200001EEC06F05FD003C7E8FF310A07E1330E6A
:104210001EEC06F0340E1EEC06F057D003C7E8FF84
:10422000320A04E1340E1EEC06F04CD003C7E8FF5E
:10423000330A53E1350E1EEC06F044D003C7E8FF05
:10424000300A07E1320E1EEC06F0350E1EEC06F0C9
:104250003CD003C7E8FF310A04E1330E1EEC06F040
:1042600031D003C7E8FF320A04E1340E1EEC06F039
:1042700029D003C7E8FF330A30E1350E1EEC06F003
:1042800021D003C7E8FF300A04E1310E1EEC06F02E
:1042900019D003C7E8FF310A07E1310E1EEC06F022
:1042A000350E1EEC06F011D003C7E8FF320A15E107
:1042B000320E1EEC06F0320E1EEC06F0310E1EEC35
:1042C00006F006D0300E1EEC06F0300E1EEC06F0A6
:1042D000300E1EEC06F01DEC06F0120002C7E8FFDF
:1042E000320AD8B4D4D002C7E8FF300A68E103C765
:1042F000E8FF300A04E1350E1EEC06F0CCD003C70F
:10430000E8FF310A07E1340E1EEC06F0380E1EEC11
:1043100006F0C4D003C7E8FF320A07E1340E1EECF2
:1043200006F0360E1EEC06F0B9D003C7E8FF330ADC
:1043300007E1340E1EEC06F0340E1EEC06F0AED093
:1043400003C7E8FF340A07E1340E1EEC06F0320E14
:104350001EEC06F0A3D003C7E8FF350A04E1340ED3
:104360001EEC06F098D003C7E8FF360A07E1330ECB
:104370001EEC06F0380E1EEC06F090D003C7E8FFE6
:10438000370A07E1330E1EEC06F0360E1EEC06F07F
:1043900085D003C7E8FF380A07E1330E1EEC06F0AC
:1043A000340E1EEC06F07AD003C7E8FF390A07E1A5
:1043B000330E1EEC06F0320E1EEC06F06FD003C773
:1043C000E8FF300A04E1330E1EEC06F064D003C7A8
:1043D000E8FF310A07E1320E1EEC06F0380E1EEC43
:1043E00006F05CD003C7E8FF320A07E1320E1EEC8C
:1043F00006F0360E1EEC06F051D003C7E8FF330A74
:1044000007E1320E1EEC06F0340E1EEC06F046D02C
:1044100003C7E8FF340A07E1320E1EEC06F0320E45
:104420001EEC06F03BD003C7E8FF350A04E1320E6C
:104430001EEC06F030D003C7E8FF360A07E1310E64
:104440001EEC06F0380E1EEC06F028D003C7E8FF7D
:10445000370A07E1310E1EEC06F0360E1EEC06F0B0
:104460001DD003C7E8FF380A07E1310E1EEC06F045
:10447000340E1EEC06F012D003C7E8FF390A16E12D
:10448000310E1EEC06F0320E1EEC06F007D0310E97
:104490001EEC06F000D0300E1EEC06F0300E1EECC6
:1044A00006F0300E1EEC06F01DEC06F012003D503A
:1044B000310A0DE03D50320A0AE03D50340A14E062
:1044C0003D50350AD8B405EF23F0DDEF23F052A8B4
:1044D00006D060C2E8FF310AD8B4BCD005D061C2B2
:1044E000E8FF310A01E0B6D002C7E8FF300A68E110
:1044F00003C7E8FF300A04E1310E1EEC06F052D18A
:1045000003C7E8FF310A07E1310E1EEC06F0320E58
:104510001EEC06F04AD103C7E8FF320A07E1310E6C
:104520001EEC06F0340E1EEC06F03FD103C7E8FF88
:10453000330A07E1310E1EEC06F0360E1EEC06F0D3
:1045400034D103C7E8FF340A07E1310E1EEC06F050
:10455000380E1EEC06F029D103C7E8FF350A04E146
:10456000320E1EEC06F01ED103C7E8FF360A07E143
:10457000320E1EEC06F0320E1EEC06F016D103C70A
:10458000E8FF370A07E1320E1EEC06F0340E1EEC8F
:1045900006F00BD103C7E8FF380A07E1320E1EEC24
:1045A00006F0360E1EEC06F000D103C7E8FF390A0C
:1045B00007E1320E1EEC06F0380E1EEC06F0F5D0C8
:1045C00003C7E8FF300A04E1330E1EEC06F0EAD020
:1045D00003C7E8FF310A07E1330E1EEC06F0340E84
:1045E0001EEC06F0E2D003C7E8FF320A04E1340E05
:1045F0001EEC06F0D7D003C7E8FF330A04E1350EFE
:104600001EEC06F0CFD0DDEF23F003C7E8FF300A41
:1046100007E1320E1EEC06F0350E1EEC06F0C5D09A
:1046200003C7E8FF310A04E1330E1EEC06F0BAD0EE
:1046300003C7E8FF320A04E1340E1EEC06F0B2D0E4
:1046400003C7E8FF330A04E1350E1EEC06F0AAD0DA
:10465000DDEF23F002C7E8FF300A72E103C7E8FF8D
:10466000300A04E1310E1EEC06F09CD003C7E8FFCF
:10467000310A07E1310E1EEC06F0310E1EEC06F099
:1046800094D003C7E8FF320A07E1310E1EEC06F0B2
:10469000320E1EEC06F089D003C7E8FF330A07E1AB
:1046A000310E1EEC06F0330E1EEC06F07ED003C772
:1046B000E8FF340A07E1310E1EEC06F0340E1EEC62
:1046C00006F073D003C7E8FF350A07E1310E1EEC90
:1046D00006F0350E1EEC06F068D003C7E8FF360A78
:1046E00007E1310E1EEC06F0360E1EEC06F05DD032
:1046F00003C7E8FF370A07E1310E1EEC06F0370E5C
:104700001EEC06F052D003C7E8FF380A0CE152B89D
:1047100010D0310E1EEC06F0370E1EEC06F0350EF2
:104720001EEC06F045D003C7E8FF390A09E152B88C
:104730000DD0310E1EEC06F0380E1EEC06F035D012
:1047400003C7E8FF300A09E152B80DD0310E1EEC64
:1047500006F0390E1EEC06F028D003C7E8FF310A38
:1047600006E152B80AD0320E1EEC06F01BD003C789
:10477000E8FF320A09E152B80BD0320E1EEC06F007
:10478000310E1EEC06F011D003C7E8FF330A15E125
:10479000320E1EEC06F0320E1EEC06F0310E1EEC50
:1047A00006F006D0300E1EEC06F0300E1EEC06F0C1
:1047B000300E1EEC06F01DEC06F012003D50310AE2
:1047C0000BE03D50320A08E03D50340A05E03D5010
:1047D000350A0AE039EF24F063C2E8FF310A24E029
:1047E0005AEC26F039EF24F003C7E8FF300A04E161
:1047F000310E1EEC06F038D003C7E8FF310A04E1A1
:10480000310E1EEC06F02DD003C7E8FF320A04E19A
:10481000320E1EEC06F025D003C7E8FF330A29E16B
:10482000350E1EEC06F01DD003C7E8FF300A09E183
:10483000000EF86E8A0EF76E8C0EF66E4DEC06F0DA
:1048400018D003C7E8FF310A14E1000EF86E8A0E93
:10485000F76E840EF66E4DEC06F00BD0300E1EECAB
:1048600006F0300E1EEC06F0300E1EEC06F01DECCD
:1048700006F012003D50310A0BE03D50320A08E0CC
:104880003D50340A05E03D50350A0AE0B9EF24F006
:1048900062C2E8FF310A21E05AEC26F0B9EF24F0B9
:1048A00003C7E8FF300A01E15FD003C7E8FF310A20
:1048B00004E1310E1EEC06F054D003C7E8FF320AC3
:1048C00004E1320E1EEC06F04CD003C7E8FF330AB9
:1048D00050E1350E1EEC06F044D003C7E8FF300A65
:1048E00004E1350E1EEC06F03FD003C7E8FF310AA5
:1048F00004E1310E1EEC06F034D003C7E8FF320AA3
:1049000007E1320E1EEC06F0350E1EEC06F02CD040
:1049100003C7E8FF330A04E1350E1EEC06F021D090
:1049200003C7E8FF340A04E1310E1EEC06F016D08E
:1049300003C7E8FF350A07E1310E1EEC06F0350E1D
:104940001EEC06F00ED003C7E8FF360A12E1320E65
:104950001EEC06F0340E1EEC06F003D0300E1EECFA
:1049600006F0300E1EEC06F0300E1EEC06F01DECCC
:1049700006F0120002C7E8FF320AD8B4BFD002C75F
:10498000E8FF300A5CE103C7E8FF300A04E1310EBA
:104990001EEC06F0BDD003C7E8FF310A04E1350E76
:1049A0001EEC06F0B5D003C7E8FF320A04E1310E71
:1049B0001EEC06F0AAD003C7E8FF330A07E1310E68
:1049C0001EEC06F0350E1EEC06F0A2D003C7E8FF81
:1049D000340A04E1320E1EEC06F097D003C7E8FF5C
:1049E000350A07E1320E1EEC06F0350E1EEC06F01D
:1049F0008FD003C7E8FF360A04E1330E1EEC06F041
:104A000084D003C7E8FF370A07E1330E1EEC06F037
:104A1000350E1EEC06F07CD003C7E8FF380A04E12F
:104A2000340E1EEC06F071D003C7E8FF390A07E127
:104A3000340E1EEC06F0350E1EEC06F069D003C7EE
:104A4000E8FF300A04E1350E1EEC06F05ED003C725
:104A5000E8FF310A07E1350E1EEC06F0350E1EECBC
:104A600006F056D003C7E8FF320A04E1360E1EEC0A
:104A700006F04BD003C7E8FF330A07E1360E1EEC01
:104A800006F0350E1EEC06F043D003C7E8FF340AEB
:104A900004E1370E1EEC06F038D003C7E8FF350AF4
:104AA00007E1370E1EEC06F0350E1EEC06F030D096
:104AB00003C7E8FF360A04E1380E1EEC06F025D0E5
:104AC00003C7E8FF370A07E1380E1EEC06F0350E83
:104AD0001EEC06F01DD003C7E8FF380A04E1390ECA
:104AE0001EEC06F012D003C7E8FF390A16E1390EB2
:104AF0001EEC06F0350E1EEC06F00AD0310E1EEC50
:104B000006F000D0300E1EEC06F0300E1EEC06F063
:104B1000300E1EEC06F01DEC06F012003D50310A7E
:104B20000BE03D50320A08E03D50340A11E03D50A0
:104B3000350A12E059EF26F052A805D060C2E8FF0E
:104B4000310A2CE005D061C2E8FF310A01E026D02D
:104B50005AEC26F059EF26F003C7E8FF300A04E1CB
:104B6000310E1EEC06F0A0D003C7E8FF310A04E1C5
:104B7000310E1EEC06F095D003C7E8FF320A04E1BF
:104B8000320E1EEC06F08DD003C7E8FF330A04E1B5
:104B9000330E1EEC06F085D059EF26F002C7E8FF71
:104BA000300A56E103C7E8FF300A04E1350E1EEC77
:104BB00006F07AD003C7E8FF310A04E1380E1EEC94
:104BC00006F072D003C7E8FF320A04E1310E1EEC92
:104BD00006F067D003C7E8FF330A07E1310E1EEC89
:104BE00006F0350E1EEC06F05FD003C7E8FF340A6E
:104BF00004E1320E1EEC06F054D003C7E8FF350A7C
:104C000007E1320E1EEC06F0350E1EEC06F04CD01D
:104C100003C7E8FF360A04E1330E1EEC06F041D06C
:104C200003C7E8FF370A04E1340E1EEC06F039D062
:104C300003C7E8FF380A04E1350E1EEC06F031D058
:104C400003C7E8FF390A04E1360E1EEC06F029D04E
:104C500003C7E8FF300A04E1310E1EEC06F01ED057
:104C600003C7E8FF310A07E1310E1EEC06F0350EEE
:104C70001EEC06F016D003C7E8FF320A04E1320E3C
:104C80001EEC06F00BD003C7E8FF330A12E1320E28
:104C90001EEC06F0350E1EEC06F003D0300E1EECB6
:104CA00006F0300E1EEC06F0300E1EEC06F01DEC89
:104CB00006F0120002C7E8FF300A50E103C7E8FF20
:104CC000300A04E1310E1EEC06F05ED003C7E8FFA7
:104CD000310A04E1350E1EEC06F056D003C7E8FF9A
:104CE000320A04E1310E1EEC06F04BD003C7E8FF98
:104CF000330A04E1320E1EEC06F043D003C7E8FF8E
:104D0000340A04E1330E1EEC06F03BD003C7E8FF83
:104D1000350A04E1340E1EEC06F033D003C7E8FF79
:104D2000360A04E1350E1EEC06F02BD003C7E8FF6F
:104D3000370A04E1360E1EEC06F023D003C7E8FF65
:104D4000380A04E1370E1EEC06F01BD003C7E8FF5B
:104D5000390A04E1380E1EEC06F013D003C7E8FF51
:104D6000300A04E1390E1EEC06F00BD003C7E8FF51
:104D7000310A0FE1310E1EEC06F000D0300E1EECB1
:104D800006F0300E1EEC06F0300E1EEC06F01DECA8
:104D900006F0120003C7E8FF1EEC06F004C7E8FFA8
:104DA0001EEC06F005C7E8FF1EEC06F006C7E8FF9C
:104DB0001EEC06F01CA00CD0440E1EEC06F06F0E8C
:104DC0001EEC06F0740E1EEC06F0730E1EEC06F0E0
:104DD0001DEC06F0120002C7E8FF300A04E14BECBC
:104DE00007F0D0EF27F002C7E8FF310AD8A4D0EFD0
:104DF00027F054EC07F0000EF86E8D0EF76EBE0E25
:104E0000F66E4DEC06F003C7E8FF1EEC06F004C793
:104E1000E8FF1EEC06F005C7E8FF300A09E1000EC6
:104E2000F86E8D0EF76ED00EF66E4DEC06F00ED0CD
:104E300005C7E8FF310AD8A4D0EF27F0000EF86EBE
:104E40008D0EF76EF00EF66E4DEC06F006C7E8FF1D
:104E5000300A09E1000EF86E8E0EF76E100EF66E37
:104E60004DEC06F00ED006C7E8FF310AD8A4D0EF0B
:104E700027F0000EF86E8E0EF76E240EF66E4DECD7
:104E800006F007C7E8FF300A09E1000EF86E8E0E43
:104E9000F76E360EF66E4DEC06F00ED007C7E8FF43
:104EA000310AD8A4D0EF27F0000EF86E8E0EF76E00
:104EB000440EF66E4DEC06F008C7E8FF300A09E133
:104EC000000EF86E8E0EF76E500EF66E4DEC06F07C
:104ED0000CD008C7E8FF310A63E1000EF86E8E0EB1
:104EE000F76E660EF66E4DEC06F009C7E8FF300A65
:104EF00009E1000EF86E8E0EF76E7A0EF66E4DEC2E
:104F000006F00CD009C7E8FF310A4AE1000EF86E3E
:104F10008E0EF76E9E0EF66E4DEC06F00AC7E8FF99
:104F2000000A3EE00AC7E8FF1EEC06F00BC7E8FFE8
:104F3000000A36E00BC7E8FF1EEC06F00CC7E8FFDE
:104F4000000A2EE00CC7E8FF1EEC06F00DC7E8FFD4
:104F5000000A26E00DC7E8FF1EEC06F00EC7E8FFCA
:104F6000000A1EE00EC7E8FF1EEC06F00FC7E8FFC0
:104F7000000A16E00FC7E8FF1EEC06F010C7E8FFB6
:104F8000000A0EE010C7E8FF1EEC06F011C7E8FFAC
:104F9000000A06E011C7E8FF1EEC06F01DEC06F063
:104FA000120051A408D0000EF86E870EF76E400E66
:104FB000F66E4DEC06F0530E1EEC06F0000EE8CF38
:104FC00049F252B011D052B20FD005C7E8FFD00F4E
:104FD000E8CF4AF206C7E8FFD00FE8CF4BF2D0EC9B
:104FE00005F04DC200F00FD004C7E8FFD00FE8CFA6
:104FF0004AF205C7E8FFD00FE8CF4BF2D0EC05F03E
:105000004DC200F002E051A402D0D86A0036000E72
:10501000FB6E500EFA6E0044016E240E0124D8B0CF
:10502000FA2AF96E1FD022D025D028D02BD02ED02E
:1050300031D034D037D03AD03DD040D043D046D014
:1050400049D04CD04FD052D05ED06AD076D082D0EA
:105050008ED09AD0A6D0B2D0BED0CAD0D6D0E2D010
:10506000EED0FAD0300E1EEC06F0F6D0310E1EEC6B
:1050700006F0F2D0310E1EEC06F0EED0310E1EEC32
:1050800006F0EAD0320E1EEC06F0E6D0320E1EEC30
:1050900006F0E2D0330E1EEC06F0DED0340E1EEC2D
:1050A00006F0DAD0340E1EEC06F0D6D0350E1EEC2B
:1050B00006F0D2D0360E1EEC06F0CED0360E1EEC28
:1050C00006F0CAD0370E1EEC06F0C6D0380E1EEC25
:1050D00006F0C2D0380E1EEC06F0BED0390E1EEC23
:1050E00006F0BAD0390E1EEC06F0B6D0390E1EEC22
:1050F00006F02B0E1EEC06F0350E1EEC06F0300E00
:105100001EEC06F0A9D0390E1EEC06F02B0E1EEC9C
:1051100006F0310E1EEC06F0300E1EEC06F09CD0B0
:10512000390E1EEC06F02B0E1EEC06F0310E1EECB6
:1051300006F0350E1EEC06F08FD0390E1EEC06F090
:105140002B0E1EEC06F0320E1EEC06F0300E1EEC9E
:1051500006F082D0390E1EEC06F02B0E1EEC06F087
:10516000320E1EEC06F0300E1EEC06F075D0390E35
:105170001EEC06F02B0E1EEC06F0320E1EEC06F0B6
:10518000350E1EEC06F068D0390E1EEC06F02B0E24
:105190001EEC06F0330E1EEC06F0300E1EEC06F090
:1051A0005BD0390E1EEC06F02B0E1EEC06F0330E13
:1051B0001EEC06F0350E1EEC06F04ED0390E1EEC3D
:1051C00006F02B0E1EEC06F0340E1EEC06F0300E30
:1051D0001EEC06F041D0390E1EEC06F02B0E1EEC34
:1051E00006F0340E1EEC06F0300E1EEC06F034D045
:1051F000390E1EEC06F02B0E1EEC06F0340E1EECE3
:1052000006F0350E1EEC06F027D0390E1EEC06F027
:105210002B0E1EEC06F0350E1EEC06F0300E1EECCA
:1052200006F01AD0390E1EEC06F02B0E1EEC06F01E
:10523000350E1EEC06F0350E1EEC06F00DD0390EC4
:105240001EEC06F02B0E1EEC06F0360E1EEC06F0E1
:10525000300E1EEC06F000D01DEC06F012003D50A2
:10526000340A7DE03D50350A7AE052B403D052B69C
:1052700016D03FD103C7E8FF300A22E003C7E8FF9A
:10528000310A31E003C7E8FF320A3AE003C7E8FF1A
:10529000330A49E003C7E8FF340A52E02AD103C7C2
:1052A000E8FF300A20E003C7E8FF310A29E003C71E
:1052B000E8FF320A38E003C7E8FF330A41E019D1BA
:1052C000300E1EEC06F02E0E1EEC06F0350E1EEC17
:1052D00006F0000EF86E8B0EF76EDA0EF66E4DECE1
:1052E00006F079EF2AF0310E1EEC06F0000EF86E93
:1052F0008B0EF76EDA0EF66E4DEC06F079EF2AF0B3
:10530000320E1EEC06F02E0E1EEC06F0350E1EECD4
:1053100006F0000EF86E8B0EF76EDA0EF66E4DECA0
:1053200006F079EF2AF0350E1EEC06F0000EF86E4E
:105330008B0EF76EDA0EF66E4DEC06F079EF2AF072
:10534000310E1EEC06F0300E1EEC06F0000EF86E6C
:105350008B0EF76EDA0EF66E4DEC06F0CAD003C770
:10536000E8FF300A0CE1350E1EEC06F0000EF86E78
:105370008B0EF76EDA0EF66E4DEC06F0BAD003C760
:10538000E8FF310A15E1360E1EEC06F02E0E1EEC7B
:1053900006F0320E1EEC06F0350E1EEC06F0000E86
:1053A000F86E8B0EF76EDA0EF66E4DEC06F0A1D0AD
:1053B00003C7E8FF320A0FE1310E1EEC06F0300E93
:1053C0001EEC06F0000EF86E8B0EF76EDA0EF66E1F
:1053D0004DEC06F08ED003C7E8FF330A15E1310E1D
:1053E0001EEC06F0320E1EEC06F02E0E1EEC06F041
:1053F000350E1EEC06F0000EF86E8B0EF76EDA0E10
:10540000F66E4DEC06F075D003C7E8FF340A0FE1E5
:10541000310E1EEC06F0350E1EEC06F0000EF86E96
:105420008B0EF76EDA0EF66E4DEC06F062D003C707
:10543000E8FF350A0FE1320E1EEC06F0300E1EECCE
:1054400006F0000EF86E8B0EF76EDA0EF66E4DEC6F
:1054500006F04FD003C7E8FF360A0FE1320E1EEC0C
:1054600006F0350E1EEC06F0000EF86E8B0EF76E91
:10547000DA0EF66E4DEC06F03CD003C7E8FF370AB3
:105480000FE1330E1EEC06F0300E1EEC06F0000E9F
:10549000F86E8B0EF76EDA0EF66E4DEC06F029D034
:1054A00003C7E8FF380A0FE1350E1EEC06F0300E98
:1054B0001EEC06F0000EF86E8B0EF76EDA0EF66E2E
:1054C0004DEC06F016D003C7E8FF390A12E1310EA1
:1054D0001EEC06F0300E1EEC06F0300E1EEC06F050
:1054E000000EF86E8B0EF76EDA0EF66E4DEC06F0CF
:1054F00000D01200000EE8CF49F205C7E8FFD00F38
:10550000E8CF4AF206C7E8FFD00FE8CF4BF2D0EC65
:1055100005F04DC200F052B462EF2CF052B000EF33
:105520002CF052B200EF2CF0000EFB6E550EFA6E0E
:105530000044016E3E0E0124D8B0FA2AF96E1FD045
:1055400028D031D03AD043D04CD055D05ED067D09F
:1055500070D079D082D08BD094D09DD0A6D0AFD04F
:10556000B8D0C1D0CAD0D3D0DCD0E5D0F1D0FDD0F6
:1055700009D112D11BD124D12DD139D11ED2310E56
:105580001EEC06F02E0E1EEC06F0300E1EEC06F0A1
:1055900014D2310E1EEC06F02E0E1EEC06F0310E6B
:1055A0001EEC06F00AD2310E1EEC06F02E0E1EEC9A
:1055B00006F0320E1EEC06F000D2310E1EEC06F0A4
:1055C0002E0E1EEC06F0330E1EEC06F0F6D1310E58
:1055D0001EEC06F02E0E1EEC06F0340E1EEC06F04D
:1055E000ECD1310E1EEC06F02E0E1EEC06F0350E40
:1055F0001EEC06F0E2D1310E1EEC06F02E0E1EEC73
:1056000006F0360E1EEC06F0D8D1310E1EEC06F078
:105610002E0E1EEC06F0370E1EEC06F0CED1310E2B
:105620001EEC06F02E0E1EEC06F0380E1EEC06F0F8
:10563000C4D1310E1EEC06F02E0E1EEC06F0390E13
:105640001EEC06F0BAD1320E1EEC06F02E0E1EEC49
:1056500006F0300E1EEC06F0B0D1320E1EEC06F055
:105660002E0E1EEC06F0320E1EEC06F0A6D1320E07
:105670001EEC06F02E0E1EEC06F0340E1EEC06F0AC
:105680009CD1320E1EEC06F02E0E1EEC06F0360EED
:105690001EEC06F092D1320E1EEC06F02E0E1EEC21
:1056A00006F0380E1EEC06F088D1330E1EEC06F024
:1056B0002E0E1EEC06F0300E1EEC06F07ED1330EE0
:1056C0001EEC06F02E0E1EEC06F0310E1EEC06F05F
:1056D00074D1330E1EEC06F02E0E1EEC06F0330EC7
:1056E0001EEC06F06AD1330E1EEC06F02E0E1EECF8
:1056F00006F0370E1EEC06F060D1340E1EEC06F0FC
:105700002E0E1EEC06F0350E1EEC06F056D1360EAF
:105710001EEC06F02E0E1EEC06F0320E1EEC06F00D
:105720004CD1390E1EEC06F02E0E1EEC06F0340E97
:105730001EEC06F042D1310E1EEC06F0350E1EECCA
:1057400006F02E0E1EEC06F0380E1EEC06F035D1DB
:10575000320E1EEC06F0380E1EEC06F02E0E1EEC7D
:1057600006F0360E1EEC06F028D1350E1EEC06F0C3
:10577000340E1EEC06F02E0E1EEC06F0320E1EEC61
:1057800006F01BD1310E1EEC06F0300E1EEC06F0BA
:10579000350E1EEC06F011D1320E1EEC06F0300E66
:1057A0001EEC06F0380E1EEC06F007D1340E1EEC8F
:1057B00006F0310E1EEC06F0330E1EEC06F0FDD0A6
:1057C000380E1EEC06F0320E1EEC06F0320E1EEC09
:1057D00006F0F3D0310E1EEC06F0360E1EEC06F08D
:1057E000340E1EEC06F0310E1EEC06F0E6D0000E74
:1057F000F86E900EF76E5C0EF66E4DEC06F0DFD094
:10580000000EFB6E580EFA6E0044016E160E012457
:10581000D8B0FA2AF96E09D012D01BD024D02DD0DE
:1058200036D039D03FD045D0C8D0310E1EEC06F06E
:105830002E0E1EEC06F0300E1EEC06F0BED0310E21
:105840001EEC06F02E0E1EEC06F0310E1EEC06F0DD
:10585000B4D0310E1EEC06F02E0E1EEC06F0350E06
:105860001EEC06F0AAD0320E1EEC06F02E0E1EEC38
:1058700006F0300E1EEC06F0A0D0330E1EEC06F043
:105880002E0E1EEC06F0300E1EEC06F096D0360EF4
:105890001EEC06F092D0310E1EEC06F0380E1EEC17
:1058A00006F08BD0350E1EEC06F0340E1EEC06F022
:1058B00084D0000EF86E900EF76E5C0EF66E4DEC16
:1058C00006F07DD0000EFB6E580EFA6E0044016E9D
:1058D000DA0E0124D8B0FA2AF96E0BD014D01DD0FC
:1058E00026D02FD038D041D04AD053D056D05CD01B
:1058F00064D0310E1EEC06F02E0E1EEC06F0300EBB
:105900001EEC06F05AD0310E1EEC06F02E0E1EECE8
:1059100006F0310E1EEC06F050D0310E1EEC06F0F3
:105920002E0E1EEC06F0320E1EEC06F046D0310EA6
:105930001EEC06F02E0E1EEC06F0350E1EEC06F0E8
:105940003CD0310E1EEC06F02E0E1EEC06F0370E8B
:105950001EEC06F032D0320E1EEC06F02E0E1EECBF
:1059600006F0300E1EEC06F028D0320E1EEC06F0CB
:105970002E0E1EEC06F0350E1EEC06F01ED0330E79
:105980001EEC06F02E0E1EEC06F0300E1EEC06F09D
:1059900014D0360E1EEC06F010D0310E1EEC06F0C0
:1059A000380E1EEC06F009D0000EF86E900EF76E61
:1059B0005C0EF66E4DEC06F002D01DEC06F01CA05D
:1059C00011D0200E1EEC06F0540E1EEC06F06F0EE9
:1059D0001EEC06F0200E1EEC06F0310E1EEC06F05A
:1059E0001DEC06F01200000EE8CF49F202C7E8FFF6
:1059F000D00FE8CF4AF203C7E8FFD00FE8CF4BF251
:105A0000D0EC05F04DC200F0519252B0518252B22A
:105A1000518252B65182000EFB6E5A0EFA6E00444D
:105A2000016E2C0E0124D8B0FA2AF96E32D033D090
:105A300037D038D039D03AD03BD03CD03DD03ED012
:105A40003FD040D041D042D043D044D045D046D0C2
:105A500047D048D049D04AD04BD04CD04DD04ED072
:105A60004FD053D057D05BD05FD063D067D06BD0CE
:105A700072D079D080D089D090D097D09ED0A2D04B
:105A8000A4D0A8D0A9D0AAD0ABD0ACD0ADD0AED045
:105A900015D2F8EF2DF051B2F8EF2DF0FFEF2DF009
:105AA00006EF2EF00DEF2EF014EF2EF01BEF2EF080
:105AB00022EF2EF029EF2EF030EF2EF037EF2EF000
:105AC0003EEF2EF045EF2EF04CEF2EF053EF2EF080
:105AD0005AEF2EF061EF2EF068EF2EF06FEF2EF000
:105AE00076EF2EF07DEF2EF084EF2EF08BEF2EF080
:105AF00092EF2EF099EF2EF0A0EF2EF0A7EF2EF000
:105B000052BEAEEF2EF0B5EF2EF052BEB5EF2EF036
:105B1000C3EF2EF052BEBCEF2EF0D1EF2EF052BEEE
:105B2000C3EF2EF0DFEF2EF052BECAEF2EF0EDEFF6
:105B30002EF052BED1EF2EF0FBEF2EF052BED8EF7A
:105B40002EF010EF2FF052BEDFEF2EF051B21EEF0D
:105B50002FF017EF2FF052BEE6EF2EF051B225EFE7
:105B60002FF01EEF2FF052BEEDEF2EF051B22CEFC2
:105B70002FF025EF2FF052BEF4EF2EF051B23AEF96
:105B80002FF02CEF2FF03AEF2FF052BEFBEF2EF05C
:105B900051B241EF2FF033EF2FF052BE02EF2FF052
:105BA00051B248EF2FF03AEF2FF052BE09EF2FF02D
:105BB00051B256EF2FF041EF2FF052BE10EF2FF001
:105BC00048EF2FF052BE17EF2FF052BE1EEF2FF00E
:105BD00056EF2FF025EF2FF02CEF2FF033EF2FF0B3
:105BE0003AEF2FF041EF2FF048EF2FF04FEF2FF06B
:105BF000000EF86E8C0EF76E000EF66E5DD1000E84
:105C0000F86E8C0EF76E060EF66E56D1000EF86E1C
:105C10008C0EF76E0C0EF66E4FD1000EF86E8C0ED9
:105C2000F76E120EF66E48D1000EF86E8C0EF76EFF
:105C3000180EF66E41D1000EF86E8C0EF76E1E0E29
:105C4000F66E3AD1000EF86E8C0EF76E240EF66EDC
:105C500033D1000EF86E8C0EF76E2A0EF66E2CD134
:105C6000000EF86E8C0EF76E300EF66E25D1000E1B
:105C7000F86E8C0EF76E360EF66E1ED1000EF86EB4
:105C80008C0EF76E3C0EF66E17D1000EF86E8C0E71
:105C9000F76E420EF66E10D1000EF86E8C0EF76E97
:105CA000480EF66E09D1000EF86E8C0EF76E500E8F
:105CB000F66E02D1000EF86E8C0EF76E580EF66E70
:105CC000FBD0000EF86E8C0EF76E600EF66EF4D000
:105CD000000EF86E8C0EF76E680EF66EEDD0000EAC
:105CE000F86E8C0EF76E700EF66EE6D0000EF86E43
:105CF0008C0EF76E780EF66EDFD0000EF86E8C0EFE
:105D0000F76E800EF66ED8D0000EF86E8C0EF76E21
:105D1000880EF66ED1D0000EF86E8C0EF76E900ED7
:105D2000F66ECAD0000EF86E8C0EF76E980EF66EF8
:105D3000C3D0000EF86E8C0EF76EA00EF66EBCD0BF
:105D4000000EF86E8C0EF76EA80EF66EB5D0000E33
:105D5000F86E8C0EF76EB00EF66EAED0000EF86ECA
:105D60008D0EF76E420EF66EA7D0000EF86E8C0EFA
:105D7000F76EB80EF66EA0D0000EF86E8D0EF76EB0
:105D80004A0EF66E99D0000EF86E8C0EF76EC00EAD
:105D9000F66E92D0000EF86E8D0EF76E520EF66E05
:105DA0008BD0000EF86E8C0EF76EC80EF66E84D097
:105DB000000EF86E8D0EF76E5A0EF66E7DD0000E48
:105DC000F86E8C0EF76ED00EF66E76D0000EF86E72
:105DD0008D0EF76E620EF66E6FD0000EF86E8C0EA2
:105DE000F76ED80EF66E68D0000EF86E8D0EF76E58
:105DF0006A0EF66E61D0000EF86E8C0EF76EE00E35
:105E0000F66E5AD0000EF86E8D0EF76E720EF66EAC
:105E100053D0000EF86E8D0EF76E7A0EF66E4CD0E3
:105E2000000EF86E8C0EF76EE80EF66E45D0000E82
:105E3000F86E8C0EF76EF00EF66E3ED0000EF86E19
:105E40008C0EF76EF80EF66E37D0000EF86E8D0ED3
:105E5000F76E000EF66E30D0000EF86E8D0EF76EF7
:105E6000080EF66E29D0000EF86E8D0EF76E100E2D
:105E7000F66E22D0000EF86E8D0EF76E180EF66ECE
:105E80001BD0000EF86E8D0EF76E200EF66E14D03D
:105E9000000EF86E8D0EF76E280EF66E0DD0000E09
:105EA000F86E8D0EF76E300EF66E06D0000EF86EA0
:105EB0008D0EF76E380EF66E4DEC06F0120002C72E
:105EC000E8FF1EEC06F003C7E8FF1EEC06F004C76F
:105ED000E8FF1EEC06F005C7E8FF1EEC06F06D0EAD
:105EE0001EEC06F0530E1EEC06F01DEC06F0120040
:105EF000500EC4EC02F0530EC4EC02F03B0EC4ECA6
:105F000002F04F9000D0120017EE00F0000EE350A8
:105F10003F0AD8B4BEEF30F000C7E8FF460A23E1DD
:105F200001C7E8FF410A000E0AE001C7E8FF420A84
:105F3000010E05E001C7E8FF430A15E1020E586FA4
:105F40001FC039F01E520DE00E01C6A9000147EC3A
:105F500003F00001010E4DBA396E4CB4396E4CB6E7
:105F6000396EBEEF30F000C7E8FF410A20E101C7FB
:105F7000E8FF430A06E11C52D8A4E6EC17F0BEEF96
:105F800030F001C7E8FF470A09E12052D8B4BEEF5C
:105F900030F01C52D8A419EC18F0F0D001C7E8FF7B
:105FA0004E0A05E11C52D8A445EC18F0E7D000C712
:105FB000E8FF420A0BE152BE09D001C7E8FF430ADD
:105FC00005E11C52D8A454EC18F0D8D000C7E8FF63
:105FD000430A11E101C7E8FF470A05E11C52D8A4B2
:105FE00036EC18F0CBD001C7E8FF420A04E11C529E
:105FF000D8A486EC18F000C7E8FF440A09E101C7FD
:10600000E8FF430A05E11C52D8A4A4EC18F0B6D06E
:1060100000C7E8FF4B0A0CE101C7E8FF530A08E19B
:106020001C52D8B4ABD02EEC05F09EEC1BF0A6D0E1
:1060300000C7E8FF4D0A23E101C7E8FF440A07E172
:1060400002C73DF01C52D8A4B5EC10F097D001C7A0
:10605000E8FF470A08E11C52D8B490D02EEC05F0B6
:1060600069EC1CF08BD001C7E8FF4C0A08E11C5218
:10607000D8B484D02EEC05F078EC1CF07FD000C7AB
:10608000E8FF4E0A1BE101C7E8FF420A05E11C5286
:10609000D8A4FDEC1DF072D001C7E8FF520A05E15B
:1060A0001C52D8A423EC1EF069D001C7E8FF540AA3
:1060B00005E11C52D8A454EC1EF060D000C7E8FFE4
:1060C000500A37E101C7E8FF410A05E11C52D8A494
:1060D0006EEC1DF053D001C7E8FF430A1FE102C771
:1060E000E8FFD00FE8CF49F203C7E8FFD00FE8CFB1
:1060F0004AF204C7E8FFD00FE8CF4BF2D0EC05F02E
:106100004DC200F0FBC1E8FF00C0FBF1001811E038
:106110001C52D8B433D0B2EC1DF030D001C7E8FF28
:10612000530A07E102C7E8FF310A28E0010E3E6E7C
:1061300025D000C7E8FF520A14E101C7E8FF410A71
:1061400005E11C52D8A476EC1EF018D001C7E8FF78
:10615000470A07E1205212E01C52D8A4F1EC1EF0CD
:106160000DD000C7E8FF560A09E101C7E8FF440A5D
:1061700005E11C52D8A45FEC2FF000D0010E376E61
:106180002D6A306A4E92000EE8CFC8FFE8CFC7FFF5
:106190001200000EE8CF5EF219EC05F0000EFB6E67
:1061A000610EFA6E0544016EB20E0124D8B0FA2ACF
:1061B000F96E10D032D057D071D0B3D0CFD0F1D04B
:1061C0000BD145D163D17FD19FD114D236D250D2D9
:1061D00091D212004CBE12D04DAA03D04FEC09F060
:1061E000D2D24DB808D04DB603D08EEC0CF0CBD245
:1061F0002CEC16F0C8D23BEC15F0C5D24DBABBD290
:106200004DB808D04DB603D0ADEC0CF0BCD26BEC61
:1062100017F0B9D2E7EC11F0B6D24CBE11D04DAAAE
:1062200003D04FEC09F0AFD24DB809D04DB603D032
:10623000CCEC0CF0A8D251929FEC15F0A4D29BD2DA
:106240004DBA99D24DB80ED04DB609D0518252AE4A
:1062500003D09FEC15F097D2C3EC0AF094D2AFECC8
:1062600012F091D288D24CBE0ED04DAA03D04FEC82
:1062700009F089D24DB806D04DB603D05BEC3AF0A8
:1062800082D279D278D24DBA76D24DB806D04DB6F8
:1062900003D0BEEC14F077D26ED26DD24CBE2CD0AF
:1062A0004DBA69D24DB61BD04DA80CD000D04D963A
:1062B0004D98000EF86E840EF76EFE0EF66E4DECE5
:1062C00006F063D24D864D98000EF86E840EF76E80
:1062D000EC0EF66E4DEC06F0DFEC04F056D24D8875
:1062E0004D96000EF86E840EF76EF40EF66E4DECC1
:1062F00006F0DFEC04F049D24DBA3DD24DB63BD2A8
:106300004DB839D24B8210C000F0000E106E4A8892
:106310004984F9EC3CF04A98499400C010F04B9243
:1063200032D24CBE10D04DAA03D04FEC09F02BD284
:106330004DB808D04DB603D024EC13F024D2BFECF6
:1063400013F021D218D24DBA16D24DB806D04DB6A0
:1063500003D0BFEC13F017D20ED20DD24CBE12D028
:106360004DAA03D04FEC09F00ED24DB80AD04DB66D
:1063700003D0A6EC0FF007D2330E466E63EC14F098
:1063800002D2F9D14DBAF7D14DB80AD04DB605D0E9
:10639000320E466E63EC14F0F6D16EEC15F0F3D1CC
:1063A000EAD14CBE0ED04DAA03D04FEC09F0EBD190
:1063B0004DB806D04DB603D0F6EC0CF0E4D1DBD1ED
:1063C000DAD14DBAD8D14DB806D04DB603D00BECCA
:1063D00010F0D9D1D0D1CFD14CBE22D04DB81FD0E2
:1063E0004DB61CD04DBA10D052B0C5D152B2C3D1A7
:1063F0004D8A000EF86E890EF76EA00EF66E4DEC0B
:1064000006F0DFEC04F0C1D14D9A000EF86E890E53
:10641000F76EA60EF66E4DEC06F0B5D1ACD1ABD151
:106420004DBAA9D14DB812D04DB60FD04B8010C087
:1064300000F0000E106E4A884984F9EC3CF04A984E
:10644000499400C010F04B909ED195D194D14CBE90
:1064500010D04DAA03D04FEC09F095D14DB808D01B
:106460004DB603D051EC12F08ED138EC09F08BD13F
:1064700082D14DBA80D14DB808D04DB603D06AEC68
:106480000AF081D121EC09F07ED175D14CBE10D03B
:106490004DAA03D04FEC09F076D14DB808D04DB6D7
:1064A00003D068EC12F06FD143EC10F06CD163D1E3
:1064B0004DBA61D14DB806D04DB603D013EC12F0F1
:1064C00062D159D158D14CBE10D04DAA03D04FEC57
:1064D00009F059D14DB808D04DB603D07FEC12F079
:1064E00052D185EC13F04FD146D14DBA44D14DB8BD
:1064F00008D04DB603D066EC13F045D132EC12F063
:1065000042D1A4EC0AF03FD14CBE44D04DAA03D0F6
:106510004FEC09F038D14DB825D04DB610D04B8096
:1065200010C000F00D0E106E4A884984F9EC3CF062
:106530004A98499400C010F04B904B9A24D1000E19
:10654000F86E8A0EF76E320EF66E4DEC06F0496A62
:10655000498674EC39F010EC38F03AEC38F0B5ECD0
:1065600039F011D1410EC4EC02F0490EC4EC02F036
:10657000320EC4EC02F03B0EC4EC02F0410E1EECF5
:1065800006F0200E1EEC06F0490E1EEC06F054EC50
:1065900007F0F9D04DBAEFD04DB814D04DB60FD0AA
:1065A000000EF86E840EF76E780EF66E4DEC06F067
:1065B000496A49844A88F9EC3CF04A98D9D002ECFF
:1065C0000BF0E1D0410EC4EC02F0490EC4EC02F035
:1065D000300EC4EC02F03B0EC4EC02F0410E1EEC97
:1065E00006F0200E1EEC06F0490E1EEC06F04BECF9
:1065F00007F0C9D04CBE12D04DAA03D04FEC09F021
:10660000C2D04DB80AD04DB604D05194E8EC14F085
:10661000BAD051940DEC15F0B6D0ADD04DBAABD088
:106620004DB80AD04DB604D05184E8EC14F0ABD08C
:1066300051840DEC15F0A7D09ED04CBE10D04DAAC1
:1066400003D04FEC09F09FD04DB808D04DB603D021
:1066500062EC10F098D0E8EC13F095D08CD04DBAE5
:106660008AD04DB804D04DB601D085D084D083D027
:106670004CBE35D04DAA01D07ED04DB82FD04DB6EE
:1066800022D058C2E8FF010A0BE058C2E8FF020A14
:106690000EE0000EF86E870EF76E940EF66E0DD0BB
:1066A000000EF86E870EF76E980EF66E06D0000E8E
:1066B000F86E900EF76E660EF66E4DEC06F0046AFC
:1066C000496A498255D0000EF86E840EF76EC40EEA
:1066D000F66E4DEC06F0EFEC35F055D04CD04DBADF
:1066E0004AD04DB806D04DB601D045D0B0EC35F00B
:1066F0004AD041D04CBE24D04DAA03D04FEC09F073
:1067000042D04DB81CD04DB60FD04B8010C000F019
:106710000B0E106E4A884984F9EC3CF04A98499473
:1067200000C010F04B902FD0000EF86E8A0EF76E5E
:10673000920EF66E4DEC06F0496A498824D01BD0C3
:106740004DBA19D04DB806D04DB603D0B7EC3CF0D9
:106750001AD011D05CC2E8FFC1EC06F035EC05F0B0
:106760005DC2E8FFC1EC06F01DEC06F00CD003D0D2
:10677000DFEC04F008D0000EF86E830EF76EF80E12
:10678000F66E4DEC06F04D964D985194056A0E014B
:10679000C69900011200000EFB6E670EFA6E0544EA
:1067A000016EAC0E0124D8B0FA2AF96E10D01DD0BB
:1067B0002AD037D03FD04CD059D066D06ED07BD0C5
:1067C00088D095D09DD0B6D0C3D002D11200000E93
:1067D000F86E820EF76E5C0EF66E4DEC06F0042A33
:1067E000310E056E90EC3AF001D1000EF86E820E7B
:1067F000F76E600EF66E4DEC06F0042A320E056E52
:1068000090EC3AF0F3D0000EF86E820EF76E640E44
:10681000F66E4DEC06F0042A330E056E90EC3AF05D
:10682000E5D0000EF86E830EF76EF80EF66E4DECA6
:1068300006F0DCD0000EF86E820EF76E6C0EF66E6F
:106840004DEC06F0042A340E056E90EC3AF0CED0F2
:10685000000EF86E820EF76E700EF66E4DEC06F0BE
:10686000042A350E056E90EC3AF0C0D0000EF86E9A
:10687000820EF76E740EF66E4DEC06F0042A360E9C
:10688000056E90EC3AF0B2D0000EF86E830EF76E03
:10689000F80EF66E4DEC06F0A9D0000EF86E820EE2
:1068A000F76E7C0EF66E4DEC06F0042A370E056E80
:1068B00090EC3AF09BD0000EF86E820EF76E800ED0
:1068C000F66E4DEC06F0042A380E056E90EC3AF0A8
:1068D0008DD0000EF86E820EF76E840EF66E4DECC3
:1068E00006F0042A390E056E90EC3AF07FD0000EC7
:1068F000F86E830EF76EF80EF66E4DEC06F076D05D
:10690000096666D0060E041809E1000EF86E830EC3
:10691000F76EF80EF66E4DEC06F068D0000EF86ECD
:10692000820EF76E920EF66E4DEC06F004C009F082
:10693000092A5CD0000EF86E820EF76E9A0EF66E83
:106940004DEC06F0042A300E056E90EC3AF04ED075
:106950000452D8A42FD058C2E8FF000A13E052B660
:1069600001D004D058C2E8FF010A18E0000EF86E0A
:10697000870EF76E940EF66E4DEC06F0000EE8CF23
:1069800058F234D0000EF86E870EF76E980EF66E41
:106990004DEC06F0010EE8CF58F228D0000EF86E4C
:1069A000900EF76E660EF66E4DEC06F0020EE8CF16
:1069B00058F21CD0000EF86E820EF76EA60EF66E20
:1069C0004DEC06F0496A4980FAEC34F0046A10D0C4
:1069D000000EF86E840EF76ECC0EF66E4DEC06F0DF
:1069E000496A49804C6A046A096A02D0DFEC04F003
:1069F000056A1200300E006E01EE30F004C027F080
:106A00000952D8B404D0091C070F086E61D0030ED8
:106A1000041824E1000EEB50390A20E1010EEB507E
:106A2000390A1CE1020EEB50390A18E1320EE8EC8B
:106A300005F0000EF86E850EF76EEC0EF66E4DEC5E
:106A400006F0C80EE8EC05F0F29EF29CF9EC40F07E
:106A50000AEC41F0C80EE8EC05F0FF00030E041844
:106A600018E1000EEB50370A14E1010EEB50370A23
:106A700010E1020EEB50370A0CE1320EE8EC05F0A3
:106A8000000EF86E900EF76EFC0EF66E4DEC06F0F2
:106A900066D0040E086E010E04181AE0030E086E8C
:106AA000020E041815E0020E086E030E041810E022
:106AB000040E086E040E04180BE0030E086E050E9B
:106AC000041806E0020E086E060E041801E047D016
:106AD00027062750EBCF2CF000C0EBFF08242CC07A
:106AE000EBFF2752D8A4F4D7460EC4EC02F058C2EC
:106AF000E8FF010A420E06E058C2E8FF020A430E10
:106B000001E0410EC4EC02F050AE4C8450BE4C8605
:106B10000B0E276E086A01EE30F00850EBCFE8FF4D
:106B2000C4EC02F0082A272EF6D73B0EC4EC02F084
:106B3000096A30C111F631C112F632C113F633C100
:106B400014F634C115F635C116F636C117F637C13D
:106B500018F638C119F639C11AF63AC11BF61200F7
:106B6000460EE8CFB0F158C2E8FF010A420E05E038
:106B700058C2E8FF020A65E0410EE8CFB1F13B0ED2
:106B8000E8CFB2F1BCEC08F051A227D002C711F651
:106B900003C712F604C713F605C714F606C715F6A1
:106BA00007C716F608C717F609C718F60AC719F671
:106BB0000BC71AF60CC71BF6000EF86E840EF76EA4
:106BC000BC0EF66E4DEC06F008D0000EF86E900E7E
:106BD000F76E400EF66E4DEC06F02D6A120011C6EF
:106BE000E8FF000A09E1000EF86E870EF76E7E0ED0
:106BF000F66E4DEC06F02DD0460EC4EC02F058C2F5
:106C0000E8FF010A420E05E058C2E8FF020A19E057
:106C1000410EC4EC02F050AE4C8450BE4C860B0EBC
:106C2000276E086A06EE11F00850EBCFE8FFC4ECBF
:106C300002F0082A272EF6D73B0EC4EC02F0096AB0
:106C400008D0000EF86E900EF76E400EF66E4DEC0A
:106C500006F01200000EFB6E6C0EFA6E0544016E1B
:106C60006A0E0124D8B0FA2AF96E10D01DD02AD0AD
:106C700037D079D086D093D0A0D0D3D0E0D0EDD08B
:106C8000FAD015D115D122D167D11200000EF86EBD
:106C9000820EF76E5C0EF66E4DEC06F0042A310E95
:106CA000056ECCEC37F074D1000EF86E820EF76EE4
:106CB000600EF66E4DEC06F0042A320E056ECCEC3A
:106CC00037F066D1000EF86E820EF76E640EF66E27
:106CD0004DEC06F0042A330E056ECCEC37F058D19B
:106CE000046A52B626D05DC200F0002A00C05DF2F0
:106CF000130E52B8090E006431D05CC2E8FF010ADD
:106D000012E05DC200F0630E006428D0010E52B4A0
:106D1000000E52B0000E52B2000EE8CF5CF2000E30
:106D2000E8CF5DF21BD0000EE8CF5CF2E8CF5DF259
:106D300015D05DC200F0002A00C05DF2630E006451
:106D40000DD0000EE8CF5DF25CC2E8FFE82AE8CF84
:106D50005CF2FD0F03E1000EE8CF5CF23AEC38F094
:106D600051EC39F017D1000EF86E820EF76E6C0EF2
:106D7000F66E4DEC06F0042A340E056ECCEC37F0BE
:106D800007D1000EF86E820EF76E700EF66E4DECA7
:106D900006F0042A350E056ECCEC37F0F9D0000E63
:106DA000F86E820EF76E740EF66E4DEC06F0042A45
:106DB000360E056ECCEC37F0EBD0046A5DC200F005
:106DC000000600C05DF2FF0E001826E152B618D092
:106DD000630EE8CF5DF252B41FD052B01DD052B254
:106DE0001BD05CC2E8FF010A010ED8B4000EE8CF48
:106DF0005CF2130E52B8090ED8A4E8CF5DF20CD0A5
:106E0000630EE8CF5DF25CC200F0000600C05CF2E9
:106E100003E2020EE8CF5CF23AEC38F051EC39F0C4
:106E2000B9D0000EF86E820EF76E7C0EF66E4DEC49
:106E300006F0042A370E056ECCEC37F0A9D0000E10
:106E4000F86E820EF76E800EF66E4DEC06F0042A98
:106E5000380E056ECCEC37F09BD0000EF86E820E2B
:106E6000F76E840EF66E4DEC06F0042A390E056EB0
:106E7000CCEC37F08DD05EC2E8FF010A0CE0000ECA
:106E8000F86E8A0EF76E620EF66E4DEC06F0010E8D
:106E9000E8CF5EF27DD0020EE8CF5EF2000EF86E13
:106EA0008A0EF76E700EF66E4DEC06F071D054D06F
:106EB000000EF86E820EF76E9A0EF66E4DEC06F02E
:106EC000042A300E056ECCEC37F062D05EC2E8FFCB
:106ED000E85011E0000EF86E8A0EF76E580EF66E4E
:106EE0004DEC06F0FCEC38F0496A49804C6A046AC3
:106EF0008AEC39F04FD0000EF86E820EF76EA60EB7
:106F0000F66E4DEC06F052B612D059C2E8FF300AC8
:106F10001BE059C2E8FF310A0EE15AC2E8FF300A0D
:106F200013E05AC2E8FF310A52A80EE004D059C259
:106F3000E8FFCD0F09E3000EF86E830EF76EF80E32
:106F4000F66E4DEC06F00AD03AEC38F0E7EC05F0BE
:106F500051EC39F0046A1ED004520BE0000EF86EBA
:106F6000840EF76ECC0EF66E4DEC06F04C6A046A99
:106F70000FD0000EF86E8A0EF76E4A0EF66E4DECCC
:106F800006F0496A49808AEC39F04C6A046A02D0FA
:106F9000DFEC04F0056A12000450010A07E1300E2C
:106FA000E8CF59F2E8CF5AF2E8CF5BF2040E0418AA
:106FB0000CE10406000EF86E830EF76EF80EF66E06
:106FC0004DEC06F0DFEC04F02AD0010E04180FE0BF
:106FD000020E041807E05AC259F25BC25AF205C009
:106FE0005BF207D05BC25AF205C05BF202D005C06B
:106FF0005BF259C2E8FFD00FE8CF5CF2000EE8CF99
:1070000049F25AC2E8FFD00FE8CF4AF25BC2E8FF6C
:10701000D00FE8CF4BF2D0EC05F04DC25DF212007C
:107020004EA4FED73AEC03F0E7EC05F04D0EE8CFA6
:10703000B0F1430EE8CFB1F13B0EE8CFB2F1BCECBA
:1070400008F051A216D002C7E8FFD00FE8CF5CF2DB
:10705000000EE8CF49F203C7E8FFD00FE8CF4AF2AD
:1070600004C7E8FFD00FE8CF4BF2D0EC05F04DC2DB
:107070005DF212004EA4FED73AEC03F0E7EC05F007
:107080004D0EE8CFB0F1520EE8CFB1F1300EE8CF9F
:10709000B2F15CC2E8FF300FE8CFB3F15DC2E8FFA8
:1070A000EEEC06F0300FE8CFB4F15DC2E8FF04EC7F
:1070B00007F0300FE8CFB5F13B0EE8CFB6F1BCECEE
:1070C00008F051A202D066EC38F0120017EE00F082
:1070D000290E2E6478D000C7E8FF3F0AD8A4F1EF4C
:1070E00038F001C7E8FF520AD8A4F1EF38F01C527B
:1070F00008E0000EF86E8A0EF76E3A0EF66E4DEC52
:1071000006F003C7E8FFD00FE8CF5CF203C7E8FF43
:107110001EEC06F035EC05F01C5208E0000EF86E8F
:107120008A0EF76E400EF66E4DEC06F0000EE8CFBC
:1071300049F204C7E8FFD00FE8CF4AF205C7E8FFDD
:10714000D00FE8CF4BF2D0EC05F04DC25DF204C792
:10715000E8FF1EEC06F005C7E8FF1EEC06F01DEC8C
:1071600006F035EC05F02B0E2E6001D00ED017EE98
:1071700029F0080E276EE6503B0A05E03B0A1EEC9C
:1071800006F0272EF8D735EC05F04C9017EE07F0F7
:1071900027EE03F00B0E276EE650DE6E300AD8A401
:1071A0004C80272EF9D74CB009D0000EF86E8A0E0D
:1071B000F76E7C0EF66E4DEC06F002D006EC3BF05E
:1071C0001DEC06F017D0000EF86E860EF76E840EDA
:1071D000F66E4DEC06F02E50C1EC06F01DEC06F0FC
:1071E00009D0000EF86E860EF76E980EF66E4DEC16
:1071F00006F000D02E6A12004EA4FED73AEC03F03F
:10720000E7EC05F0460EC4EC02F0520EC4EC02F0BE
:107210005EC2E8FF020A300ED8B4310EC4EC02F0B0
:107220003B0EC4EC02F00A0EE8EC05F04D0EC4EC87
:1072300002F0430EC4EC02F05CC2E8FF300FC4EC75
:1072400002F05DC2E8FFEEEC06F0300FC4EC02F095
:107250005DC2E8FF04EC07F0300FC4EC02F03B0E17
:10726000C4EC02F00A0EE8EC05F0460EC4EC02F0A5
:10727000520EC4EC02F0320EC4EC02F03B0EC4EC31
:1072800002F00A0EE8EC05F0530EC4EC02F0560EC4
:10729000C4EC02F03B0EC4EC02F0000EE8CF5EF24C
:1072A00012004EA4FED73AEC03F0E7EC05F04D0EC9
:1072B000C4EC02F0430EC4EC02F05CC2E8FF300FF5
:1072C000C4EC02F05DC2E8FFEEEC06F0300FC4EC57
:1072D00002F05DC2E8FF04EC07F0300FC4EC02F0EE
:1072E0003B0EC4EC02F012004EA4FED73AEC03F0C1
:1072F000E7EC05F0460EE8CFB0F1520EE8CFB1F161
:107300003B0EE8CFB2F1BCEC08F051A202D002C7AC
:107310005FF212004EA4FED73AEC03F0E7EC05F062
:10732000460EC4EC02F0520EC4EC02F05FC2E8FF5D
:10733000310A0CE05FC2E8FF320A0CE05FC2E8FFEE
:10734000330A0CE0300EC4EC02F00BD0310EC4EC6A
:1073500002F007D0320EC4EC02F003D0330EC4ECBE
:1073600002F03B0EC4EC02F012004EA4FED73AEC41
:1073700003F0E7EC05F0460EC4EC02F0520EC4EC4C
:1073800002F0320EC4EC02F03B0EC4EC02F012002C
:107390002D5209E1000EF86E830EF76EF80EF66EB0
:1073A0004DEC06F00BD017EE00F02DC027F0E650A4
:1073B0001EEC06F01DEC06F0272EF9D712000AECA1
:1073C00005F051924D8011EEB0F0180E2D6EE6CF03
:1073D00046F04650C4EC02F046503B0A0CE02D0645
:1073E000D8A4F5D7000EF86E860EF76EB40EF66EC2
:1073F0004DEC06F02AD03AEC03F026EC3AF04DA022
:1074000024D000C746F0B0C1E8FF461807E101C725
:1074100046F0B1C1E8FF461801E103D099EC05F050
:10742000D2D700C746F0440A0FE101C746F0530A1D
:107430000BE117EE02F0080E316EE650400A04E14F
:10744000312EFBD74D84BFD7518212004A968E5001
:1074500000000F01126B0E01C28900014D902D6AD0
:107460001D503E6E2D6604D0F0EC04F04AB613D0E9
:1074700062EC03F054B209D017EE00F02D500AC0B0
:10748000E3FF2D2A0A503B0A14E04FA0EBD73AEC59
:1074900003F03E2EE7D72EEC05F0000EF86E850EB9
:1074A000F76E200EF66E4DEC06F01D503E6E4F80CE
:1074B00001D04D8012004EA4FED73AEC03F0E7EC69
:1074C00005F099EC05F0490EE8CFB0F1460EE8CF93
:1074D000B1F13B0EE8CFB2F1DFEC39F051A21FD091
:1074E00017EE02F021EE80F0210E316EE650DE6ED6
:1074F000312EFCD799EC05F02D6A9EC100F0000EEC
:10750000F86E880EF76E640EF66E4DEC06F0310ED6
:10751000001A03E154EC07F002D04BEC07F0120024
:107520000450010A08E10B0E276E300E01EE30F018
:10753000EE6E272EFDD70C0E041804E10406DFECD6
:1075400004F006D001EE30F00450E80605C0EBFF71
:10755000120001C7E8FF410A02E14C9C0FD001C7AD
:10756000E8FF420A02E14C8C09D0000EF86E860E4C
:10757000F76EF80EF66E4DEC06F0E1D048C0E8FF6D
:10758000020A02E14BBC3FD04CB402D04CA60CD056
:1075900017EE02F021EE3CF04CBC21EE48F0A9ECD5
:1075A0003BF04EA0CCD02FD04EA400D04CB22ED069
:1075B0004BBA2CD017EE02F021EE3CF04CBC21EE81
:1075C00048F0A9EC3BF04EA0BAD01E52D8B49AD0E5
:1075D0000E01C6B906D000014CAC4C884CBC4C8A9C
:1075E0000FD000014CAC01D003D04CAA09D002D07E
:1075F0004CA806D00E01C69900014C984C9A82D036
:1076000047EC03F07FD0000E1C647CD04B9A17EE41
:1076100002F0300EE66209D0E6620BD0E6620DD0D1
:10762000E6620FD0E66211D014D002C7E8FF1EEC6C
:1076300006F003C7E8FF1EEC06F004C7E8FF1EECE7
:1076400006F005C7E8FF1EEC06F006C7E8FF1EECD3
:1076500006F02E0E1EEC06F007C7E8FF1EEC06F043
:1076600008C7E8FF1EEC06F009C7E8FF1EEC06F0AD
:1076700017EE0CF0300EE56205D0E5621FD0E56232
:1076800032D03ED0640E1EEC06F06F0E1EEC06F0FB
:10769000740E1EEC06F00AC7E8FF1EEC06F0200E82
:1076A0001EEC06F00BC7E8FF1EEC06F0200E1EECE9
:1076B00006F00CC7E8FF1EEC06F022D0640E1EECAC
:1076C00006F06F0E1EEC06F0740E1EEC06F00AC7F4
:1076D000E8FF1EEC06F0200E1EEC06F00BC7E8FFDC
:1076E0001EEC06F00DD0640E1EEC06F06F0E1EECC4
:1076F00006F0740E1EEC06F00AC7E8FF1EEC06F05A
:1077000035EC05F017EE02F021EE3CF04CBC21EE1A
:1077100048F0E6CFDEFFE6CFDEFFE6CFDEFFE6CFC6
:10772000DEFFE6CFDEFFE6CFDEFFE6CFDEFFE6CF11
:10773000DEFFE6CFDEFFE6CFDEFFE6CFDEFF4E90D8
:107740004CAC4C944CBC4C964BAC02D04CBC4B9CBF
:1077500012004E90E650DE621FD0E650DE621CD072
:10776000E650DE6219D0E650DE6216D0E650DE62E8
:1077700013D0E650DE6210D0E650DE620DD0E65047
:10778000DE620AD0E650DE6207D0E650DE6204D048
:10779000E650DE6201D001D04E801200000EFB6E7A
:1077A000770EFA6E0544016EB20E0124D8B0FA2AA3
:1077B000F96E10D013D016D019D01CD01FD022D003
:1077C00025D028D02BD02ED031D034D037D03AD0BD
:1077D0003DD0120056D863D896D84DD052D85FD835
:1077E0009FD849D04ED85BD8A8D845D04AD857D8CA
:1077F000B1D841D046D860D886D83DD042D85CD8E0
:107800008FD839D03ED858D898D835D03AD854D80F
:10781000A1D831D036D85DD876D82DD032D859D825
:107820007FD829D02ED855D888D825D02AD851D855
:1078300091D821D026D85AD866D81DD022D856D86B
:107840006FD819D01ED852D878D815D019EC05F0B9
:107850004CBE04D016D84AD87DD80DD0000EF86E94
:107860008A0EF76EAC0EF66E4DEC06F0496A498052
:107870004C6A046A04D01DEC06F0DFEC04F0056AE3
:107880001200010E1EEC06F02350300F1EEC06F025
:10789000300E1EEC06F04A0E1EEC06F01200300E02
:1078A0001EEC06F0360E1EEC06F0390E1EEC06F04D
:1078B000370E1EEC06F01200300E1EEC06F0370EEE
:1078C0001EEC06F0370E1EEC06F0300E1EEC06F035
:1078D0001200300E1EEC06F0380E1EEC06F0350ECF
:1078E0001EEC06F0320E1EEC06F01200300E1EECFE
:1078F00006F0390E1EEC06F0340E1EEC06F0310ECA
:107900001EEC06F01200310E1EEC06F0320E1EECDC
:1079100006F0300E1EEC06F0390E1EEC06F01200DA
:10792000310E1EEC06F0330E1EEC06F0330E1EEC8C
:1079300006F0360E1EEC06F01200310E1EEC06F0BC
:10794000340E1EEC06F0370E1EEC06F0370E1EEC61
:1079500006F01200310E1EEC06F0360E1EEC06F09C
:10796000330E1EEC06F0330E1EEC06F012004AAC8D
:107970000DD0000EF86E850EF76E300EF66E4DECE3
:1079800006F0246A1AEC03F04A9C0CD0000EF86E44
:10799000850EF76E380EF66E4DEC06F0248025EC61
:1079A00003F04A8C010E3E6E4F8057EC03F00E013F
:1079B000C691C695C699CA9BCE91CE95CE990F0118
:1079C000126B0001046A4A904A92256A4D964D98BE
:1079D0004D9A12004BB028064BB2282A28282A5C60
:1079E000D8B42BC028F02B2828602AC028F02850B3
:1079F0001200000EFB6E7A0EFA6E1044016E080E35
:107A00000124D8B0FA2AF96E15D03DD065D08DD0BA
:107A1000B5D0DDD005D12DD155D180D1A6D1D2D1CF
:107A200089D2F7D11DD238D25ED2A0D2BDD2D8D25F
:107A3000FED2120011C028F0090E2B6EEAEC3CF0C9
:107A4000116E010E1EEC06F011C0E8FFC1EC06F04D
:107A5000560E1EEC06F00D0E1EEC06F04AA808D0DD
:107A6000000EF86E820EF76EB20EF66E4DEC06F05A
:107A700049A43EEF40F01150C1EC06F00D0E1EEC93
:107A800006F03EEF40F012C028F00D0E2B6EEAEC2F
:107A90003CF0126E010E1EEC06F012C0E8FFC1ECC5
:107AA00006F0530E1EEC06F00D0E1EEC06F04AA872
:107AB00008D0000EF86E820EF76EBC0EF66E4DEC1E
:107AC00006F049A43EEF40F01250C1EC06F00D0E56
:107AD0001EEC06F03EEF40F013C028F0630E2B6E54
:107AE000EAEC3CF0136E010E1EEC06F013C0E8FF4A
:107AF000C1EC06F0500E1EEC06F00D0E1EEC06F06A
:107B00004AA808D0000EF86E820EF76EC40EF66E0C
:107B10004DEC06F049A43EEF40F01350C1EC06F0E6
:107B20000D0E1EEC06F03EEF40F014C028F0090EDA
:107B30002B6EEAEC3CF0146E010E1EEC06F014C045
:107B4000E8FFC1EC06F0410E1EEC06F00D0E1EEC37
:107B500006F04AA808D0000EF86E820EF76ECC0E22
:107B6000F66E4DEC06F049A43EEF40F01450C1EC27
:107B700006F00D0E1EEC06F03EEF40F015C028F0AA
:107B8000090E2B6EEAEC3CF0156E010E1EEC06F0B1
:107B900015C0E8FFC1EC06F0450E1EEC06F00D0E18
:107BA0001EEC06F04AA808D0000EF86E820EF76EA2
:107BB000DC0EF66E4DEC06F049A43EEF40F0155099
:107BC000C1EC06F00D0E1EEC06F03EEF40F016C0C4
:107BD00028F0090E2B6EEAEC3CF0166E010E1EEC3E
:107BE00006F016C0E8FFC1EC06F0520E1EEC06F0DF
:107BF0000D0E1EEC06F04AA808D0000EF86E820E9C
:107C0000F76EEA0EF66E4DEC06F049A43EEF40F03A
:107C10001650C1EC06F00D0E1EEC06F03EEF40F0E3
:107C200017C028F0630E2B6EEAEC3CF0176E010EC5
:107C30001EEC06F017C0E8FFC1EC06F0460E1EEC85
:107C400006F00D0E1EEC06F04AA808D0000EF86EE5
:107C5000820EF76EF40EF66E4DEC06F049A43EEF80
:107C600040F01750C1EC06F00D0E1EEC06F03EEF92
:107C700040F018C028F0020E2B6EEAEC3CF0186EB3
:107C8000010E1EEC06F018C0E8FFC1EC06F0580E1D
:107C90001EEC06F00D0E1EEC06F04AA808D0000EF1
:107CA000F86E830EF76E080EF66E4DEC06F049A4E2
:107CB0003EEF40F01850C1EC06F00D0E1EEC06F041
:107CC0003EEF40F019C028F00A0E2B6EEAEC3CF0B3
:107CD000196E010E1EEC06F019C0E8FFC1EC06F0AB
:107CE0004F0E1EEC06F00D0E1EEC06F04AA808D052
:107CF000000EF86E830EF76E100EF66E4DEC06F069
:107D000049A43EEF40F01950C1EC06F00D0E1EECF8
:107D100006F049B440EC40F03EEF40F01AC028F0C5
:107D2000010E2B6EEAEC3CF01A6E4AA808D0000E49
:107D3000F86E830EF76E180EF66E4DEC06F049A441
:107D40009DD11A6609D0000EF86E830EF76E820E72
:107D5000F66E4DEC06F092D1000EF86E830EF76EC3
:107D60008E0EF66E4DEC06F089D11BC028F01E0E6B
:107D70002B6E040E2A6EEAEC3CF01B6E040A02E045
:107D80004A8401D04A944AA808D0000EF86E830EA7
:107D9000F76E320EF66E4DEC06F049A46FD11B5013
:107DA000040A09E1000EF86E830EF76E820EF66E7D
:107DB0004DEC06F063D11B50C1EC06F00D0E1EEC2D
:107DC00006F05CD11CC028F0010E2B6EEAEC3CF0F2
:107DD0001C6E4AA808D0000EF86E830EF76E4A0E8D
:107DE000F66E4DEC06F049A449D11C6609D0000E90
:107DF000F86E830EF76E820EF66E4DEC06F03ED1F5
:107E0000000EF86E830EF76E8E0EF66E4DEC06F0D9
:107E100035D11EC028F0010E2B6EEAEC3CF01E6E30
:107E20004AA808D0000EF86E860EF76EC20EF66EE7
:107E30004DEC06F049A422D11E6609D0000EF86E62
:107E4000830EF76E820EF66E4DEC06F017D1000E23
:107E5000F86E830EF76E8E0EF66E4DEC06F00ED1B8
:107E60001FC028F0320E2B6E0C0E2A6EEAEC3CF08E
:107E70001F6E4AA808D0000EF86E860EF76EDA0E56
:107E8000F66E4DEC06F049A4F9D01F50C1EC06F097
:107E90000D0E1EEC06F0F2D020C028F0010E2B6E65
:107EA000EAEC3CF0206E4AA808D0000EF86E870E6F
:107EB000F76E0E0EF66E4DEC06F049A4DFD020668C
:107EC00009D0000EF86E830EF76E820EF66E4DEC42
:107ED00006F0D4D0000EF86E830EF76E8E0EF66E9E
:107EE0004DEC06F0CBD021C028F0010E2B6EEAEC51
:107EF0003CF0216E4AA808D0000EF86E870EF76E8F
:107F00002A0EF66E4DEC06F049A4B8D0216609D0D1
:107F1000000EF86E830EF76E820EF66E4DEC06F0D4
:107F2000ADD0000EF86E830EF76E8E0EF66E4DEC31
:107F300006F0A4D01DC028F0140E2B6E050E2A6E7C
:107F4000EAEC3CF01D6E4AA808D0000EF86E830ED5
:107F5000F76E560EF66E4DEC06F049A48FD01D500C
:107F6000C1EC06F00D0E1EEC06F088D022C028F001
:107F7000070E52B6090E2B6E010E2A6EEAEC3CF08B
:107F8000226E4AA808D0000EF86E8B0EF76E760EA1
:107F9000F66E4DEC06F049A471D02250C1EC06F00B
:107FA0000D0E1EEC06F06AD023C028F0050E2B6ED5
:107FB000010E2A6EEAEC3CF0236E4AA808D0000EAF
:107FC000F86E8A0EF76E980EF66E4DEC06F049A428
:107FD00055D02350C1EC06F00D0E1EEC06F04ED02D
:107FE00024C028F0010E2B6EEAEC3CF0246E4AA867
:107FF00008D0000EF86E850EF76E400EF66E4DEC52
:1080000006F049A43BD0246609D0000EF86E850E18
:10801000F76E300EF66E4DEC06F030D0000EF86EB6
:10802000850EF76E380EF66E4DEC06F027D025C0A3
:1080300028F0010E2B6EEAEC3CF0256E49A41ED010
:10804000256609D0000EF86E850EF76E700EF66E7E
:108050004DEC06F013D0000EF86E850EF76E4E0E46
:10806000F66E4DEC06F00AD049A408D0000EF86E6A
:10807000830EF76EF80EF66E4DEC06F02A6A1200CB
:10808000050E146E050E156E166A010E186E000EA2
:10809000FB6E800EFA6E1944016EA40E0124D8B056
:1080A000FA2AF96E0BD00FD019D01FD029D02FD0BB
:1080B00039D043D04BD051D057D01200320E136E6E
:1080C000320E176E57D00A0E136E040E146E060E83
:1080D000156E030E166E280E176E4CD0280E136EFA
:1080E0002E0E176E000E186E45D03C0E136E060E47
:1080F000146E040E156E340E176E020E186E3AD002
:10810000280E136E090E166E320E176E33D0320E15
:10811000136E060E146E070E156E280E176E000EE7
:10812000186E28D0320E136E060E146E070E156EE2
:10813000280E176E000E186E1DD0500E136E000E16
:10814000156E060E166E360E176E14D0140E136EC4
:10815000020E166E0F0E176E0DD03C0E136E620ED1
:10816000176E020E186E06D0630E136E430E176E56
:10817000020E186E120002014A5148254D6F4D271C
:1081800047354C6F493949254D2748514C274D37C4
:108190004C3749394A254D274739D8B001094C2772
:1081A00048394D5FD8A04C07D8904D374C374739E8
:1081B0004B254D274751D8B047054C5F00011200B1
:1081C00002015451565D02E15551575D0001120004
:1081D00000EE10F0160E276E010E7F6E000E7E6E02
:1081E000819C819E81808050EE6E7E2A272EF8D75A
:1081F000120000EE10F0160E276E010E7F6E600E5C
:108200007E6E819C819E81808050EE6E7E2A272E1C
:10821000F8D7120000EE10F0010E7F6E000E7E6E99
:10822000276E27507E6EEE50806E819C819E8184E9
:10823000F29EF29C550E826EAA0E826E818281B2EF
:10824000FED7D19B8194272A2750160AEAE1F28EA5
:10825000F28C120048616D506F640D00310D00000A
:10826000320D0000330D0000410D0000340D000000
:10827000350D0000360D0000420D0000370D0000E6
:10828000380D0000390D0000430D00007374617259
:108290000D00506F696E740D0000300D0000706F9E
:1082A000756E640D0000456E7465720D0000440D1E
:1082B000000020566F6C756D65200000207370659E
:1082C0006564200020706974636820002061727406
:1082D0006963756C6174696F6E2000002065787049
:1082E00072657373696F6E20000020726576657227
:1082F0006220000020666F726D616E742066726588
:108300007175656E6379200020746F6E65200000C2
:1083100020766F6963652000204B65792042656592
:10832000702000004B65792054696D65204F75748D
:1083300020004B65792054696D65204F7574204489
:1083400075726174696F6E200000566572626F739A
:10835000697479200000436F6D6D756E6963617497
:10836000696F6E732054696D654F757420002041EC
:10837000626F72742C200D0020456E61626C656422
:108380000D002044697361626C65640D00004F6EDE
:10839000200D00004F6666200D0020537065656358
:1083A00068204F6E0D002053706565636820646916
:1083B0007361626C65640D002053706565636820AD
:1083C00069732064697361626C65640D000020014B
:1083D000324A32353030303030300D001E01324AF2
:1083E00033303030303030300D002001324A3230FE
:1083F0003030303030300D002001324A31303030F2
:10840000303530300D00200130336A3036303030B6
:108410003030300D200130356A303530303030307A
:10842000300D0000200130376A30363030303030C7
:10843000300D200130376A30353030303030300D7B
:108440000000200130376A30353030303030300DA8
:10845000200130376A30363030303030300D000097
:108460002001326A30383030303530300D005469F8
:108470006D65204F75740D00436F6E666967757288
:108480006174696F6E204D6F64650D00436F6E6699
:10849000696775726174696F6E2053617665640DEA
:1084A0000000436F6E66696775726174696F6E2054
:1084B0006E6F742073617665640D0000536176659C
:1084C000640D0000526543616C6C0D00436C656186
:1084D000720D0000436C65617220456E7472790DF7
:1084E0000000556E6B6E6F776E0D00005368696605
:1084F000740D0000536869667420320D00005368E3
:10850000696674204F66660D0000436865636B20E2
:10851000526164696F0D00004E6F726D616C0D00E9
:10852000526164696F2054696D65204F75740D0048
:10853000506F727420310D00506F727420320D0034
:10854000506F776572204F6E20746F200000456E6B
:1085500074657220746F205265736574206F722089
:108560005374617220746F20466C6173680D000053
:10857000526573657420616E6420466C617368692E
:108580006E672044697361626C65640D000052651A
:108590007365740D00005265736574204E6F773FEC
:1085A0000D00526573746F726520746F20466163AD
:1085B000746F72792044656661756C74733F2C200A
:1085C00050726573732031746F20726573746F72AB
:1085D000652C20616E79206F74686572206B6579F7
:1085E00020746F2061626F72742E0D0044656661A5
:1085F000756C747320726573746F7265642C20508F
:108600006572666F726D696E672052657365740D71
:10861000000057616974696E6720666F7220466951
:10862000726D776172652120416E79204B657920EA
:10863000546F2041626F72740D00466C61736869FB
:108640006E670D004175746F200D000046617374F4
:108650000D004D656469756D0D00536C6F770D00ED
:10866000457869742057617463680D005357522030
:108670006973200D0000496E76616C696420446165
:1086800074610D0044617461204C656E67746820EC
:108690004572726F720D0000496E76616C696420DC
:1086A0004865616465720D004461746120457272B1
:1086B0006F720D005175657279204572726F720D7F
:1086C00000004672657175656E637920416E6E6F4C
:1086D000756E63656D656E742000467265717565B3
:1086E0006E637920416E6E6F756E63656D656E7435
:1086F0002044656C617920004620412720422C20CF
:108700002044617461204572726F720D0000412730
:10871000204620616E642072204620616E6E6F7567
:108720006E63656D656E74200000467265717565D7
:108730006E637920506C7573204D6F646520000066
:10874000537562200D004220536574204F6E2C201B
:108750000D004E6F7420617661696C61626C6520FA
:1087600077697468204220536574204F6E2C200D69
:1087700000004672657175656E63790D00002C20EE
:10878000496E76616C6964204672657175656E63C9
:10879000790D000041200D0042200D0041204620AF
:1087A0004761696E0D00416E74656E6E610D00006B
:1087B000525820416E74656E6E610D00436F6D708E
:1087C00072657373696F6E0D000043205720616EF0
:1087D000642044617461205374617475730D0000EA
:1087E00046696C7465722057696474680D004D6940
:1087F0006B65204761696E0D00004B6579657220DD
:1088000053706565640D00004D6F6E69746F722062
:108810004C6576656C0D000050726520416D700DE1
:108820000000506F7765720D00004E6F6973652010
:10883000426C616E6B65720D00004E42204C657695
:10884000656C200D0000417474656E756174696F0C
:108850006E0D000046696C746572204E756D626520
:10886000720D000053706C6974200D0041204D0D95
:1088700000004D6F6465200D00004320570D00007F
:108880004320572052657665727365640D0044611C
:1088900074610D0044617461205265766572736580
:1088A000640D000046204D0D000055205320420D60
:1088B00000004C205320420D000041272046534B1E
:1088C0000D0046534B0D0000462053204B205265AF
:1088D0007665727365640D0050534B0D00004E6F4A
:1088E00069736520526564756374696F6E200D004D
:1088F0004E6F746368200D004175746F204E6F7465
:108900006368200D00004D616E75616C204E6F74C0
:108910006368200D00004D616E75616C0D0041278C
:1089200020472043200D00004920462053686966F7
:10893000740D00005220492054200D005820492079
:1089400054200D00522049205420616E642058208C
:108950004920542044697361626C65640D0054724F
:10896000616E736D6974204F6E20562046204F2033
:108970004127200D00005472616E736D6974204FA1
:108980006E20562046204F2042200D00564F582082
:1089900069732044697361626C65642C200D00006A
:1089A00042616E640D0042616E64204F66660D0088
:1089B0003136306D0D0038306D0D000036306D0DE4
:1089C000000034306D0D000033306D0D000032308A
:1089D0006D0D000031376D0D000031356D0D00005B
:1089E00031326D0D000031306D0D0000366D0D001F
:1089F000326D0D0056204820460D000037302063B0
:108A0000206D0D0055204820460D0000312E3220EB
:108A100047487A0D000047656E0D00004127204C45
:108A200020430D00506C75730D004D696E75730D0C
:108A300000004D656D6F72790D0042616E6B0D0027
:108A40004368616E6E656C0D000045786974204D59
:108A5000656D6F72790D00005472616E7366657298
:108A60000D00546F20562046204F2041270D000056
:108A7000546F20562046204F20420D00456D7074E3
:108A8000790D00004E6172726F770D005769646551
:108A90000D0044544D460D0044544D4620546F6E15
:108AA00065204475726174696F6E0D004578697454
:108AB0002044544D460D00004B656E776F6F640D7A
:108AC0000000545334203830200D0000545335201A
:108AD000373020440D0054533520373020530D00DB
:108AE00054533520393020530D005453352039303C
:108AF000205320470D0054533820393020530D00A7
:108B000054533920393020530D0054533230303013
:108B10000D00416E74656E6E612054756E65720D48
:108B2000000055700D00446F776E0D00486967684E
:108B3000204375740D004C6F77204375740D000051
:108B4000432057204D6F6465204F6E6C790D0000F7
:108B500043617272696572204761696E0D004265FA
:108B600061742043616E63656C6C65720D00205604
:108B70006F696365200020566F69636520566F6CCE
:108B8000756D652000004761696E0D0044656C617C
:108B9000790D000043205720427265616B20496EB9
:108BA0000D00436F6D7072657373696F6E0D000019
:108BB0004D657465720D00004F66667365740D0037
:108BC00053696D706C65780D00004D7573742042AB
:108BD0006520496E2046204D0D004B487A0D00005F
:108BE00043544353530D000043726F737320546F0B
:108BF0006E65200D0000504C20546F6E650D000016
:108C000036372E300D0036392E330D0037312E39E0
:108C10000D0037342E340D0037372E300D00373924
:108C20002E370D0038322E350D0038352E340D001C
:108C300038382E350D0039312E350D0039342E38A7
:108C40000D0039372E340D003130302E300D00003C
:108C50003130332E350D00003130372E320D00000B
:108C60003131302E390D00003131342E380D0000F5
:108C70003131382E380D00003132332E300D0000E6
:108C80003132372E330D00003133312E380D0000D4
:108C90003133362E350D00003134312E330D0000C6
:108CA0003134362E320D00003135312E340D0000B6
:108CB0003135362E370D00003136322E320D0000A0
:108CC0003136372E390D00003137332E380D000084
:108CD0003137392E390D00003138362E320D000073
:108CE0003139322E380D00003230332E350D000070
:108CF0003230362E350D00003231302E370D000067
:108D00003231382E310D00003232352E370D000051
:108D10003232392E310D00003233332E360D000041
:108D20003234312E380D00003235302E330D000034
:108D30003235342E310D00003137353020487A0D70
:108D400000003135392E380D00003136352E350D05
:108D500000003137312E330D00003137372E330DFF
:108D600000003138332E350D00003138392E390DE1
:108D700000003139362E360D00003139392E350DCF
:108D80000000522058204F6E0D00542058204F6E86
:108D90000D00536174656C6C697465204D6F64657A
:108DA00020497320456E61626C65640D000053615B
:108DB00074656C6C697465204D6F64650D002C20C2
:108DC0004D656D6F7279204368616E6E656C0D0044
:108DD0002C204D61696E205570206C696E6B2C20C3
:108DE00053756220446F776E206C696E6B0D0000C6
:108DF0002C204D61696E20446F776E206C696E6B1C
:108E00002C20537562205570206C696E6B0D00002C
:108E10002C204D61696E20496E20436F6E74726F15
:108E20006C0D00002C2053756220496E20436F6E3C
:108E300074726F6C0D002C205472616365204F6654
:108E4000660D00002C205472616365204F6E0D008A
:108E50002C205472616365205265766572736520BB
:108E60004F66660D00002C205472616365205265C8
:108E70007665727365204F6E0D002C204D554C5455
:108E8000492043204820636F6E74726F6C206973B1
:108E900020562046204F204D6F64650D00002C2089
:108EA0004D554C54492043204820636F6E74726FB7
:108EB0006C206973204D656D6F7279204368616E17
:108EC0006E656C0D000046696E652054756E696EA6
:108ED000670D00004D554C54492043204820636FD6
:108EE0006E74726F6C206672657175656E63792041
:108EF00073746570730D000043757272656E742033
:108F00004D656E750D004175746F204E6F7463680A
:108F10000D005370656563682050726F63657373ED
:108F20006F720D0052656365697665204F6E20563D
:108F30002046204F204127200D0052656365697649
:108F400065204F6E20562046204F2042200D000005
:108F500052656365697665204F6E204D656D6F7251
:108F600079204368616E6E656C0D00005265636523
:108F7000697665204F6E2043616C6C204368616E9A
:108F80006E656C200D005472616E736D6974204FB4
:108F90006E204D656D6F7279204368616E6E656CF1
:108FA0000D005472616E736D6974204F6E204361C1
:108FB0006C6C204368616E6E656C200D000046721B
:108FC000657175656E6379204C6F636B204F6E0D14
:108FD000000054756E696E67204C6F636B204F6E96
:108FE0000D004620646F74204C6F636B204F6E0D34
:108FF0000000412720646F74204C6F636B204F6E1C
:109000000D004D61696E200D0000564F58204F6EC7
:109010002C200D004E6F7420417661696C61626C8A
:109020006520696E2046204D204D6F64650D00005F
:10903000496E7075740D00004F75747075740D0075
:109040004572726F722C20562046204F20412720F7
:109050004F722042204F6E6C790D0000496E666998
:109060006E61740D000043200D0043656E746572DF
:109070000D005061636B65742042616E64776964B2
:1090800074680D0052657475726E656420546F20AB
:109090004F6E0D0050534B2D520D00004C53422D7E
:1090A00044310D005553422D44310D00464D2D44A1
:1090B000310D000041204D2D44310D004C53422D07
:1090C00044320D005553422D44320D00464D2D447F
:1090D000320D000041204D2D44320D004C53422DE5
:1090E00044330D005553422D44330D00464D2D445D
:1090F000330D000041204D2D44330D002048616D9B
:10910000506F64204B656E776F6F642020526561ED
:109110006465722C2056657273696F6E20322E3032
:10912000344231362C206279204B203620442051A5
:049130002C200D00E2
:020000040030CA
:01000000FA05
:01000100D727
:01000200DD20
:01000300FFFD
:010004009F5C
:01000500FFFB
:01000600FFFA
:01000700CF29
:01000800FFF8
:01000A00FFF6
:01000B00FFF5
:020000040031C9
:10010000000406320303003201000114010501144A
:06011000000103020000E3
:1001600000050632030300320100011401050114E9
:0601700000010302000083
:0603CA0048616D506F64F4
:1003D00020436F7079726967687420526F6265722A
:1003E00074204D2E2053616E74656C6C6F2032301A
:0203F0003231A8
:00000001FF
