:020000040000FA
:0800000000000000F5EF00F024
:0200080008D01E
:02000A000000F4
:020018008ED088
:06001A008388E9CF03F327
:10002000EACF04F346BC41D00E01CDA914D0C5A936
:1000300012D004010091192F03D00E01C5990BD0E5
:10004000040104EE01F01B51EBCF9AFF1B2B180E9D
:100050001B19D8B41B6B0E01C5AB67D0CDAB65D0F7
:1000600099CF9FF4060E0F019D1419E1040100B908
:100070005CD000A302D0008958D004EE1CF000959B
:100080009C2B800E9C1909E09D519FC4EBFF9D2B7A
:10009000800E9D19D8B49D6B48D0008346D00F01C7
:1000A0009D989D880401008740D00E01CDAD14D0ED
:1000B000C5AD12D005010091192F03D00E01C59DC9
:1000C0000BD0050105EE01F01B51EBCF9AFE1B2B67
:1000D000180E1B19D8B41B6B0E01C5AF26D0CDAFBF
:1000E00024D099CE9FF5060E0E019D1519E105014C
:1000F00000B91BD000A302D0008917D005EE1CF078
:1001000000959C2B800E9C1909E09D519FC5EBFF2B
:100110009D2B800E9D19D8B49D6B07D0008305D010
:100120000E019D999D890501008704C3EAFF03C361
:10013000E9FF839811008388D8CF01F3E8CF00F35B
:10014000E0CF02F30E01C6A10BD0CEA109D0000171
:10015000342E03D04A840E01C6910E01CE913DD0BB
:100160000E01C6A50BD0CEA509D00001352E03D0B7
:100170004B80080E356E0E01CE952FD00E01C2A910
:100180000ED0CAA90CD0CA990F01125308E00F0172
:10019000126B000141EC04F08E5000001ED00E01E5
:1001A000C2AB0CD0CAAB0AD000010252D8B446820E
:1001B000D8A402060E01CA9B00010FD00E01C6A9E9
:1001C0000BD0CEA909D00001362E03D047880E01EE
:1001D000C6990E01CE9901D000D002C3E0FF00C342
:1001E000E8FF01C3D8FF83981000000000000F0152
:1001F000836AC00E116FC00E886E000E196FF00E6C
:10020000896E186F136F146BF00E846E856A000E82
:10021000216FAE0E8A6E866A000E266FA00E8B6E60
:10022000876A000E2E6F000E8C6E000E0F6F176F18
:100230001F6F246F2C6FF29EF29C0E01550EA06F63
:10024000AA0EA06FA091170EB56F090EFD6F1F0EBD
:100250008D6F0F010B0E056F0E01550EA06FAA0ECC
:10026000A06FA0810F01F26AF28A126B0E01CA9987
:10027000C299BA99BA91CA91C291BA93CA93C293D8
:10028000BA95CA95C2950F01F290F292F294D46A8F
:10029000D36A0E01E2910F01D59ED588D69ED68CE9
:1002A000D69AD698D686D694D692D6900E01BA9B78
:1002B000CA9BC29BCE6ACD6ACF80D09CD098CF9289
:1002C000CF8ACF88D09ED296D294D292D280CF9429
:1002D0000E01DC97E293BE91C691C791CE910F01BA
:1002E000C86AC76AC9800E01E297BE95C695C793D2
:1002F000CE950F01CA9ECA9CCA98CB96CB94CB923E
:10030000CB90C982C98AC988CC96CC94CC92CC8037
:10031000C994C26AC16AC380C49CC498C492C49080
:10032000C382C38AC3880E01E29BBE99C699C79552
:10033000CE990F01C49EC696C694C692C680C39439
:100340000E01BD89BD8BBD8DBD8F9F979C6B9E6B34
:100350000F019F969C6A9E6A0001858C868C046AB8
:10036000036A026A286A456A4580466A476A486A9B
:10037000496A4B6A4C6A4A6A4E6A086A376A4A8412
:100380004468000EE8CFA1F5466A476A8388469C18
:10039000D3EC3AF0819C818E22B0468C42EC06F080
:1003A00046BC11EC03F046AC06EC03F00F01126BF7
:1003B0000E01C289CA9BCE91CE95CE990001000153
:1003C0008398F28EF28C61EC05F026EC03F007ECDA
:1003D00017F047842D6A43EC03F085EC05F026EC1A
:1003E00003F020C03BF00E01C699CE99000147965C
:1003F0004EEC03F047BE10D0478620C03BF017EE0E
:1004000000F02B5009C0E3FF2B2A3B0E096204D0F9
:100410004A8272EC18F0EBD74BA005D047B603D058
:100420003B2E01D0D2D747B836EC18F04BB0C8EC11
:1004300017F0DCEC04F046A62AD00E01C29B0F0197
:10044000D59E00011AEC05F02AEC05F045A003D07A
:100450001BEC2FF00FD045A203D0F0EC31F00AD006
:1004600045AA03D005EC36F005D045A410D072ECB7
:1004700003F000D0F6EC04F0046A46968E500000BB
:100480000F01126B0E01CA99C28900010001AFD79A
:100490000F019E8A0E01C599C58B0F019D6A9D8E25
:1004A0009D880401196B1B6B1A6B04019C6B9E6B7E
:1004B0009D6B0401006B000112000E019E8BC59D17
:1004C000C58F9D6B9D8F9D890501196B1B6B1A6BE9
:1004D00005019C6B9E6B9D6B0501006B000112007A
:1004E00046BC15D004019C5102E10085000C04EECD
:1004F0001CF09E51EBCFA0F49E2B800E9E19D8B419
:100500009E6B9C0700930099A0C4E8FF12000501B0
:100510009C5102E10085000C05EE1CF09E51EBCFD2
:10052000A0F59E2B800E9E19D8B49E6B9C0700935D
:100530000099A0C5E8FF120046BC21D00401A06FBD
:1005400000B11BD0195107E1A0C49AFF1B2B180E54
:100550001B19D8B41B6B04EE01F01A51A0C4EBFFB9
:100560001A2B180E1A19D8B41A6B192B180E191940
:10057000D8A401D000810E01C58900011200050137
:10058000A06F00B11BD0195107E1A0C59AFE1B2B2B
:10059000180E1B19D8B41B6B05EE01F01A51A0C53B
:1005A000EBFF1A2B180E1A19D8B41A6B192B180E48
:1005B0001919D8A401D000810E01C58D12000F01B8
:1005C00046BC07D09F969E84230E9B6E010E9C6EA8
:1005D00007D00E019F979E85230E9B6F010E9C6F87
:1005E0000001120046BC08D00F019F969E94470E52
:1005F0009B6E000E9C6E08D00F010E019F979E957A
:10060000470E9B6F000E9C6F000112000E019E9B17
:100610009D99C59DC59F000185EC05F048EC02F051
:1006200012000F019E9A9D980E01C599C59B00016D
:1006300085EC05F05DEC02F012004A98E650DE62AF
:1006400003D02E2EFBD701D04A8812000E01C6958A
:10065000080E356E4B900F01C86AC76A0E01CE9521
:10066000C685000112000E01C69900011DC036F0BA
:100670004798000EE8CFC2FFE8CFC1FF0E01CE9928
:10068000C689000112002B6A800E46BC800E256EC2
:1006900017EE00F0E66A252EFDD71200478E46BC05
:1006A0000CD0040100B514D004019C5111E070EC91
:1006B00002F0479EE8CF09F00BD0050100B508D045
:1006C00005019C5105E070EC02F0479EE8CF09F06F
:1006D000000112000900F550D8B412009CEC02F0A1
:1006E000F9D71200036A000EFB6E060EFA6E044480
:1006F000016EFC0E0124D8B0FA2AF96EB9D0B8D038
:10070000B7D00DD0B5D0B4D0B3D016D0B1D0B0D012
:10071000AFD01ED039D0ACD08CD090D012000F2AE0
:100720000F50140AD8B40F6A468830EC37F0469858
:10073000CBEC04F0236AA1D00F06130E0F600F6EEE
:10074000468830EC37F04698CBEC04F0236A95D01D
:1007500005EC05F048BE06D0478230EC37F0CBEC14
:1007600004F08BD0F5EC3AF0000EF86E780EF76ED0
:10077000620EF66E39EC06F0456A45800E01C29BAA
:100780000001D59E236A79D02352D8B471D0000ECF
:10079000F86E790EF76EE80EF66E39EC06F09E8470
:1007A000230E9B6E010E9C6E06EC03F0469CF6EC4D
:1007B00004F0046A46968E5000000F01126B0E0181
:1007C000C28900014EEC03F047BE11D0C10E096290
:1007D000F9D71AEC05F0000EF86E7A0EF76E100ECF
:1007E000F66E39EC06F0320ED4EC05F0FF0046A6AA
:1007F000E9D70E01C29B0001D59E46901AEC05F088
:100800002AEC05F0000EF86E770EF76E440EF66EC9
:1008100039EC06F0320ED4EC05F0000EF86E790ECD
:10082000F76E640EF66E39EC06F0320ED4EC05F07D
:10083000FF002352D8B41CD006EF07F005EC05F0FA
:1008400048BE06D0478030EC37F0CBEC04F015D032
:10085000000EF86E780EF76E780EF66E39EC06F034
:10086000456A45800E01C29B0001D59E236A05D0D2
:1008700058EC05F0CBEC04F000D047924790046AA6
:100880001200056A052E01D07CD0066A062E01D022
:10089000F9D78E1C006EF00BF9E0FE0E846E50EF5F
:1008A00004F052EF04F054EF04F056EF04F08E1C05
:1008B000F00B10E00F0E046E00B866D00B0E046E45
:1008C00000BA62D0070E046E00BC5ED0030E046E48
:1008D00000BE5AD0FD0E846E6DEF04F06FEF04F091
:1008E00071EF04F073EF04F08E1CF00B10E00E0EAD
:1008F000046E00B849D00A0E046E00BA45D0060E48
:10090000046E00BC41D0020E046E00BE3DD0FB0E52
:10091000846E8AEF04F08CEF04F08EEF04F090EF19
:1009200004F08E1CF00B10E00D0E046E00B82CD0FD
:10093000090E046E00BA28D0050E046E00BC24D047
:10094000010E046E00BE20D0F70E846EA7EF04F0F7
:10095000A9EF04F0ABEF04F0ADEF04F08E1CF00B48
:1009600010E00C0E046E00B80FD0080E046E00BA32
:100970000BD0040E046E00BC07D0000E046E00BE47
:1009800003D0046A469604D046860E01C29900013F
:10099000F00E846E120046A40ED0D46AD36AD696A6
:1009A000D684D682D690468046921AC002F00E01B6
:1009B000C28B0001D58E120046A0120046A2120082
:1009C0004690036A236A49964998499A086A456A93
:1009D0004580000EF86E780EF76E440EF66E39EC18
:1009E00006F00E01C29B0001D59E1200F00E841687
:1009F00000000000D3EC05F08E1CF00BFBE1D3EC03
:100A000005F08E1CF00BFBE11200489EF00E8416E0
:100A100000000000320E056ED3EC05F08E1CF00BCA
:100A200008E0052EF9D74AEC05F0070ED4EC05F0E6
:100A3000488E1200180E0AEC06F0200E0AEC06F0A2
:100A400012002C0E0AEC06F0200E0AEC06F009EC5F
:100A500006F0120045BA1DD045A410D00F50090A67
:100A60000DE104500B0A01E105D004500F0AD8A48F
:100A700005D000D01952D8A40CD003D0196601D0EB
:100A800008D0000EF86E770EF76EB20EF66E39ECE7
:100A900006F0120019520BE0000EF86E770EF76E9A
:100AA000C00EF66E39EC06F0080ED4EC05F012001C
:100AB000000EF86E770EF76ECE0EF66E39EC06F07D
:100AC000120046BC0AD000D0000EF86E790EF76E08
:100AD000060EF66E39EC06F008D0000EF86E790EB0
:100AE000F76E0E0EF66E39EC06F0120046BC06D01C
:100AF0000401006B9C6B9D6B9E6B05D00501006B28
:100B00009C6B9D6B9E6B0001120046BC09D0800E51
:100B1000256E040114EE1CF0E66A252EFDD708D0E0
:100B2000800E256E050115EE1CF0E66A252EFDD718
:100B3000000112004F90E8CF10F32F0807E006E203
:100B400010C3E8FF3B0802E001E34F8010C3E8FF59
:100B5000120003011451125F1351D8A0133D115F0D
:100B6000000112000301121F111F123D1107112B6A
:100B7000126F11110001120003010B510E6FD8907A
:100B80000E370E370E270E370C510E270D6B000E49
:100B90000A6507D0D890640E0E27D8B00D2B0A072F
:100BA000F6D700011200010EE8CF05F3200EE8CFC2
:100BB00006F3DAEF05F0DCEF05F0DEEF05F0E0EF2D
:100BC00005F0E2EF05F00000F50EE8CF07F30000B6
:100BD000000007C3E8FFE806E8CF07F3FAE10000EA
:100BE00006C3E8FFE806E8CF06F3EEE105C3E8FF39
:100BF000E806E8CF05F305E0FDEF05F0FFEF05F0AF
:100C0000D5D712000E6E0AEC06F009EC06F00E5075
:100C100012000D0E0D2E03D08FB6FED70D86F29E5C
:100C2000F29C0A6E0C0E0B6E8590090E0C6E0B2E4C
:100C300017EF06F00C0E0B6E0C2E12D00000000009
:100C4000000000000000000085800D0E0B6E0B2ED2
:100C500027EF06F00000F28EF28C0A320A501200E2
:100C600000000A32D8A003D000008580E0D785902C
:100C7000DED70900F550D8B412008FB6FED70AECC3
:100C800006F0F7D7320ED4EC05F009EC06F0230E8F
:100C9000D4EC05F01E0E0AEC06F0010E0AEC06F08C
:100CA000400E0AEC06F009EC06F0010E0AEC06F024
:100CB000330E0AEC06F04B0E0AEC06F009EC06F0D7
:100CC00009EC06F00FC024F0140E0F6E0F0630EC86
:100CD00037F0D3EC05F00F50F9E124C00FF0000E0F
:100CE000F86E760EF76E2A0EF66E39EC06F01200EC
:100CF0001200E8CF0FF3F00BE83890EC06F00AECA6
:100D000006F0200E0AEC06F00FC3E8FF0F0B90EC84
:100D100006F00AEC06F009EC06F00FC3E8FF12003B
:100D2000016E000EFB6E0D0EFA6E0144016E380E60
:100D30000124D8B0FA2AF96E300C310C320C330C85
:100D4000340C350C360C370C380C390C410C420C79
:100D5000430C440C450C460C1200E8CF0FF3C5ECD5
:100D600006F0300F0AEC06F00FC3E8FFDAEC06F0ED
:100D7000300F0AEC06F00FC3E8FFF0EC06F0300F7E
:100D80000AEC06F00FC3E8FF1200E8CF0BF3000EE9
:100D9000E8CF0CF30CC3E8FFE82AE8CF0CF30BC351
:100DA000E8FF9C0FE8CF0BF3D8B0F4D70CC3E8FFF3
:100DB000E8061200E8CF0BF3000EE8CF0CF30CC3EB
:100DC000E8FFE82AE8CF0CF30BC3E8FFF60FE8CF03
:100DD0000BF3D8B0F4D70CC3E8FFE806F0EF06F049
:100DE000E8CF0CF30CC3E8FFF60FE8CF0CF3D8B054
:100DF000F9D70CC3E8FF0A0F1200000EF86E7A0E46
:100E0000F76E4C0EF66E39EC06F01200330E0AEC5B
:100E100006F009EC06F0640ED4EC05F0320E0AEC94
:100E200006F009EC06F0640ED4EC05F0310E0AEC85
:100E300006F009EC06F0640ED4EC05F0000EF86E36
:100E4000790EF76E640EF66E39EC06F0FA0ED4ECFD
:100E500005F0FF001200468E000EF86E790EF76E58
:100E6000780EF66E39EC06F0CBEC04F01200000EB2
:100E7000F86E770EF76E580EF66E39EC06F012002B
:100E8000000EF86E770EF76E640EF66E39EC06F013
:100E900012004AA4FED726EC03F0D3EC05F0000EB6
:100EA000F86E8E0EF76EAE0EF66E39EC06F04696C4
:100EB0008E500000320ED4EC05F00F01126B0E01C3
:100EC000CA99C28900014B0E416E490E066FFA0E97
:100ED000076F46B61AD0072FFED7062FF8D7412E38
:100EE000F4D7440EE8CFB0F1420EE8CFB1F13B0E9B
:100EF000E8CFB2F116EC34F04EA207D05DEC1CF056
:100F00004AAC02D078EC1CF0DED72AEC05F0000EDB
:100F1000F86E7A0EF76E360EF66E39EC06F02B6A26
:100F2000469612004AA4FED726EC03F0D3EC05F057
:100F3000000EF86E8E0EF76EC20EF66E39EC06F0ED
:100F400046968E500000320ED4EC05F00F01126B65
:100F50000E01CA99C28900014B0E416E490E066FFF
:100F6000FA0E076F46B61AD0072FFED7062FF8D70E
:100F7000412EF4D7440EE8CFB0F1530EE8CFB1F1D3
:100F80003B0EE8CFB2F116EC34F04EA207D0ADEC38
:100F90001AF04AAA02D0BEEC1AF0DED72AEC05F00D
:100FA000000EF86E7A0EF76E360EF66E39EC06F01D
:100FB0002B6A469612004AA4FED726EC03F0D3EC27
:100FC00005F0000EF86E8E0EF76ED80EF66E39EC48
:100FD00006F046968E500000320ED4EC05F00F015C
:100FE000126B0E01CA99C28900014B0E416E490E67
:100FF000066FFA0E076F46B63ED0072FFED7062FB4
:10100000F8D7412EF4D7440EE8CFB0F1530EE8CF15
:10101000B1F13B0EE8CFB2F116EC34F04EA22BD07A
:10102000ADEC1AF04AAA0DD01AEC05F0BEEC1AF09D
:101030002C0E0AEC06F0200E0AEC06F00D0E0AEC5F
:1010400006F0440EE8CFB0F1420EE8CFB1F13B0E0E
:10105000E8CFB2F116EC34F04EA20DD05DEC1CF0EE
:101060004AAC08D0420E0AEC06F0200E0AEC06F05C
:1010700078EC1CF0BAD72AEC05F0000EF86E7A0E68
:10108000F76E360EF66E39EC06F02B6A46961200B5
:101090004AA4FED726EC03F0D3EC05F0410EE8CFCE
:1010A000B0F14E0EE8CFB1F13B0EE8CFB2F116EC45
:1010B00034F04EA20BD01AEC05F076EC2DF04DB0CA
:1010C00003D04DB201D002D068EC08F02B6A1200B8
:1010D0004AA4FED726EC03F0D3EC05F00A0ED4ECBC
:1010E00005F0410EE8CFB0F1520EE8CFB1F13B0E62
:1010F000E8CFB2F116EC34F04EA20ED002C7E8FFF2
:10110000310A0AE121EC05F0000EF86E7B0EF76E55
:10111000860EF66E39EC06F02B6A12004AA4FED752
:1011200026EC03F0D3EC05F0530E0AEC06F06E0E3D
:101130000AEC06F0610E0AEC06F0700E0AEC06F0FE
:10114000200E4EB40AEC06F0420E4EB40AEC06F045
:101150000D0E0AEC06F0460EE8CFB0F1410E4EB48B
:10116000420EE8CFB1F13B0EE8CFB2F116EC34F00D
:101170004EA24BD00AC700F0340E006432D009C72B
:10118000E8FFE82AE8CF09F73A0A2BE1300EE8CF6A
:1011900009F708C7E8FFE82AE8CF08F73A0A21E18B
:1011A000300EE8CF08F707C7E8FFE82AE8CF07F7CF
:1011B0003A0A17E1300EE8CF07F706C7E8FFE82A3A
:1011C000E8CF06F73A0A0DE1300EE8CF06F705C77B
:1011D000E8FFE82AE8CF05F73A0A03E1300EE8CF46
:1011E00005F7300EE8CF0AF7E8CF0BF7E8CF0CF79A
:1011F0000E0E256E076A07EE00F00750EBCFE8FFF2
:101200009CEC02F0072A252EF6D74E9412004AA431
:10121000FED726EC03F0D3EC05F0000EF86E810E3D
:10122000F76E460EF66E39EC06F04DB602D04DA4C0
:1012300009D0000EF86E810EF76EFA0EF66E39ECDC
:1012400006F035D0490EE8CFB0F1430EE8CFB1F14A
:101250003B0EE8CFB2F116EC34F04EA228D01AECD7
:1012600005F003C7E8FFE8B607D0000EF86E810E60
:10127000F76E580EF66E06D0000EF86E810EF76E01
:10128000720EF66E39EC06F003C7E8FFE8B407D03B
:10129000000EF86E810EF76E8C0EF66E06D0000E04
:1012A000F86E810EF76EC40EF66E39EC06F02B6AFE
:1012B00012004AA4FED726EC03F0D3EC05F04DB69D
:1012C00002D04DA402D01B6648841AEC05F0300E03
:1012D000016E000E04180FE14DB6B3D0300E006E53
:1012E0001B669CD0000EF86E7D0EF76E860EF66EB5
:1012F00039EC06F093D0010E04180DE1310E006EAA
:101300001B668CD0000EF86E7D0EF76E8C0EF66E9E
:1013100039EC06F083D0020E04180DE1320E006E97
:101320001B667CD0000EF86E7D0EF76E920EF66E88
:1013300039EC06F073D0040E04180DE1330E006E84
:101340001B666CD0000EF86E7D0EF76E980EF66E72
:1013500039EC06F063D0050E04180DE1350E006E71
:101360001B665CD0000EF86E7D0EF76EA40EF66E56
:1013700039EC06F053D0060E04180DE1360E006E5F
:101380001B664CD0000EF86E7D0EF76EAA0EF66E40
:1013900039EC06F043D0080E04180DE1370E006E4C
:1013A0001B663CD0000EF86E7D0EF76EB00EF66E2A
:1013B00039EC06F033D0090E04180DE1380E006E3A
:1013C0001B662CD0000EF86E7D0EF76EB60EF66E14
:1013D00039EC06F023D00A0E04180DE1390E006E28
:1013E0001B661CD0000EF86E7D0EF76EBC0EF66EFE
:1013F00039EC06F013D00D0E04182BE14DB621D0B8
:10140000310E016E300E006E1B6608D0000EF86EB5
:101410007D0EF76EC20EF66E39EC06F0420E9CECB5
:1014200002F04E0E9CEC02F001509CEC02F00050D9
:101430009CEC02F03B0E9CEC02F01E0ED4EC05F08E
:1014400008D0000EF86E770EF76ECE0EF66E39EC01
:1014500006F0499A2B6A12004AA4FED726EC03F044
:10146000D3EC05F0420EE8CFB0F1470EE8CFB1F172
:101470003B0EE8CFB2F116EC34F04EA204D01AECD9
:1014800005F086EC2DF02B6A12004AA4FED726EC5C
:1014900003F0D3EC05F0430EE8CFB0F1500EE8CFE7
:1014A000B1F13B0EE8CFB2F116EC34F04EA204D00D
:1014B0001AEC05F096EC2DF02B6A12004AA4FED728
:1014C00026EC03F0D3EC05F0000EF86E7B0EF76E01
:1014D000A00EF66E39EC06F04890490EE8CFB0F158
:1014E000430EE8CFB1F13B0EE8CFB2F116EC34F089
:1014F0004EA24BD004C7E8FFE8AA09D0000EF86E50
:101500007E0EF76E9A0EF66E39EC06F0488004C730
:10151000E8FFE8A609D0000EF86E7E0EF76EBC0E4E
:10152000F66E39EC06F0488004C7E8FFE8B409D04D
:10153000000EF86E7E0EF76ED60EF66E39EC06F0E3
:10154000488004C7E8FFE8A209D0000EF86E7E0EBE
:10155000F76EFE0EF66E39EC06F0488004C7E8FF21
:10156000E8A009D0000EF86E7F0EF76E0C0EF66E36
:1015700039EC06F0488048B008D0000EF86E7F0EB7
:10158000F76EEE0EF66E39EC06F02B6A12004AA4E6
:10159000FED726EC03F0D3EC05F0000EF86E7F0EBC
:1015A000F76E260EF66E39EC06F04890490EE8CF3D
:1015B000B0F1430EE8CFB1F13B0EE8CFB2F116EC3B
:1015C00034F04EA26BD005C7E8FFE8AA09D0000EA0
:1015D000F86E7F0EF76E3A0EF66E39EC06F0488024
:1015E00005C7E8FFE8A809D0000EF86E7F0EF76E79
:1015F0004C0EF66E39EC06F0488005C7E8FFE8A609
:101600001CD0000EF86E7F0EF76E600EF66E39EC91
:1016100006F0488006C7E8FFE8AA07D0000EF86E7B
:101620007F0EF76E740EF66E06D0000EF86E7F0E0B
:10163000F76E8C0EF66E39EC06F005C7E8FFE8A4ED
:1016400009D0000EF86E7F0EF76EA40EF66E39EC20
:1016500006F0488005C7E8FFE8A209D0000EF86E42
:101660007F0EF76EB60EF66E39EC06F0488005C7B1
:10167000E8FFE8A009D0000EF86E7F0EF76ED20EDC
:10168000F66E39EC06F0488048B008D0000EF86ECF
:101690007F0EF76EEE0EF66E39EC06F02B6A120036
:1016A0004AA4FED726EC03F0D3EC05F0440EE8CFB5
:1016B000B0F1420EE8CFB1F13B0EE8CFB2F116EC3B
:1016C00034F04EA205D01AEC05F081EC1CF0499ED6
:1016D0002B6A12004AA4FED726EC03F0D3EC05F0E7
:1016E000440EE8CFB0F1530EE8CFB1F13B0EE8CF96
:1016F000B2F116EC34F04EA205D01AEC05F0C1ECB4
:101700001AF0499E2B6A12004AA4FED726EC03F079
:10171000D3EC05F0460EE8CFB0F1410EE8CFB1F1C1
:101720003B0EE8CFB2F116EC34F04EA219D048824D
:101730001AEC05F0E0EC34F048921F5211E04D0E27
:10174000E8CFB0F1440EE8CFB1F13B0EE8CFB2F1F3
:1017500016EC34F04EA204D002C73AF060EC0DF063
:101760002B6A12004AA4FED726EC03F0D3EC05F056
:10177000460EE8CFB0F1420EE8CFB1F13B0EE8CF14
:10178000B2F116EC34F04EA21CD048821AEC05F0EF
:10179000E0EC34F048921F5214E04D0EE8CFB0F167
:1017A000440EE8CFB1F1240EE8CFB2F13B0EE8CF02
:1017B000B3F116EC34F04EA204D003C73AF060EC5B
:1017C0000DF02B6A12004AA4FED726EC03F0D3ECEE
:1017D00005F0460EE8CFB0F1570EE8CFB1F13B0E61
:1017E000E8CFB2F14EA406D0240EE8CFB2F13B0E02
:1017F000E8CFB3F116EC34F04EA233D03F0EE8CF71
:10180000A8F1AEEC2DF02C0E0AEC06F0200E0AEC3E
:1018100006F0000EF86E7C0EF76EFE0EF66E39ECDA
:1018200006F0490EE8CFB0F1530EE8CFB1F13B0E10
:10183000E8CFB2F116EC34F04EA213D003C7E8FFA4
:101840000AEC06F004C7E8FF0AEC06F005C7E8FF5B
:101850000AEC06F006C7E8FF0AEC06F00D0E0AECEB
:1018600006F04E942B6A12004AA4FED726EC03F031
:10187000D3EC05F0470EE8CFB0F1540EE8CFB1F14C
:101880003B0EE8CFB2F116EC34F04EA202D069EC78
:101890002CF02B6A12004AA4FED726EC03F0D3ECFE
:1018A00005F0000EF86E7F0EF76EFA0EF66E39EC4C
:1018B00006F0490EE8CFB0F1430EE8CFB1F13B0E90
:1018C000E8CFB2F116EC34F04EA2AAD002C7E8FF7E
:1018D000E8AA08D0000EF86E800EF76E080EF66EBD
:1018E00039EC06F002C7E8FFE8A808D0000EF86E51
:1018F000800EF76E140EF66E39EC06F04DB60FD072
:101900004DB40DD003C7E8FFE8A015D0000EF86E67
:10191000800EF76EB60EF66E39EC06F00CD003C7EB
:10192000E8FFE8A008D0000EF86E800EF76ECA0E31
:10193000F66E39EC06F04DB60ED04DB40CD003C7A0
:10194000E8FFE8A808D0000EF86E800EF76E8E0E45
:10195000F66E39EC06F002C7E8FFE8B607D0000ED5
:10196000F86E800EF76E2E0EF66E06D0000EF86E34
:10197000800EF76E400EF66E39EC06F002C7E8FFF7
:10198000E8A408D0000EF86E800EF76E520EF66EC8
:1019900039EC06F002C7E8FFE8B007D0000EF86E99
:1019A000800EF76E660EF66E06D0000EF86E800E94
:1019B000F76E7A0EF66E39EC06F006C7E8FFE8A877
:1019C00008D0000EF86E800EF76EDC0EF66E39EC65
:1019D00006F04DB60ED04DB40CD006C7E8FFE8A611
:1019E00008D0000EF86E800EF76EFA0EF66E39EC27
:1019F00006F04DB602D04DA413D006C7E8FFE8B2FA
:101A000007D0000EF86E810EF76E180EF66E06D037
:101A1000000EF86E810EF76E300EF66E39EC06F0A1
:101A20002B6A12004AA4FED726EC03F0D3EC05F093
:101A30004B0EE8CFB0F1530EE8CFB1F13B0EE8CF3B
:101A4000B2F116EC34F04EA202D05FEC2EF02B6A0D
:101A500012004AA4FED726EC03F0D3EC05F04EB4F6
:101A600010D04D0EE8CFB0F1440EE8CFB1F13B0EEF
:101A7000E8CFB2F116EC34F04EA21FD002C73AF014
:101A80001AD0000EF86E7B0EF76E160EF66E39EC5D
:101A900006F04D0EE8CFB0F1440EE8CFB1F1240EC0
:101AA000E8CFB2F13B0EE8CFB3F116EC34F04EA222
:101AB00004D003C73AF0A7EC0DF04E942B6A120045
:101AC000310E3A1804E14C0E0AEC06F03CD0320E0E
:101AD0003A1804E1550E0AEC06F035D0330E3A18E8
:101AE00004E1430E0AEC06F02ED0340E3A1804E15D
:101AF000460E0AEC06F027D0350E3A1804E1410EE6
:101B00000AEC06F020D0360E3A1804E1440E0AEC36
:101B100006F019D0370E3A180AE1430E0AEC06F027
:101B2000200E0AEC06F0520E0AEC06F00CD0390E2C
:101B30003A1809E1440E0AEC06F0200E0AEC06F011
:101B4000520E0AEC06F00D0E0AEC06F01200000E22
:101B5000F86E7C0EF76E480EF66E39EC06F0310E1C
:101B60003A1809E1000EF86E7C0EF76E880EF66EDC
:101B700039EC06F064D0320E3A1809E1000EF86E26
:101B80007C0EF76E800EF66E39EC06F058D0330EF0
:101B90003A1809E1000EF86E7C0EF76E500EF66EE4
:101BA00039EC06F04CD0340E3A1809E1000EF86E0C
:101BB0007C0EF76E7A0EF66E39EC06F040D0350EDC
:101BC0003A1809E1000EF86E7C0EF76E420EF66EC2
:101BD00039EC06F034D0360E3A1818E1000EF86EE3
:101BE0007C0EF76E640EF66E39EC06F0440EE8CF0C
:101BF000B0F1540EE8CFB1F13B0EE8CFB2F116ECE4
:101C000034F04EA21CD04EEC0EF019D0370E3A181C
:101C100009E1000EF86E7C0EF76E560EF66E39EC8A
:101C200006F00DD0390E3A180AE1000EF86E7C0E5F
:101C3000F76E6A0EF66E39EC06F0070E376E12007C
:101C40004AA4FED726EC03F0D3EC05F04D0EE8CF06
:101C5000B0F1470EE8CFB1F13B0EE8CFB2F116EC90
:101C600034F04EA202D077EC2EF02B6A12004AA478
:101C7000FED726EC03F0D3EC05F04D0EE8CFB0F123
:101C80004C0EE8CFB1F13B0EE8CFB2F116EC34F0D8
:101C90004EA202D08FEC2EF02B6A120002C7E8FF92
:101CA000300A09E1000EF86E7C0EF76E640EF66ED7
:101CB00039EC06F026D002C7E8FF310A09E1000E30
:101CC000F86E7C0EF76E900EF66E39EC06F019D0B9
:101CD00002C7E8FF320A09E1000EF86E7C0EF76ECB
:101CE000980EF66E39EC06F00CD002C7E8FF330A06
:101CF00008E1000EF86E7C0EF76EAE0EF66E39EC53
:101D000006F012004AA4FED726EC03F0D3EC05F04F
:101D1000490EE8CFB0F1430EE8CFB1F13B0EE8CF6A
:101D2000B2F116EC34F04EA277D002C7E8FFE8AC6F
:101D300009D0000EF86E7B0EF76E280EF66E39ECA9
:101D400006F06AD04EB410D04E0EE8CFB0F1420E7D
:101D5000E8CFB1F13B0EE8CFB2F116EC34F04EA271
:101D60005BD002C700F01AD0000EF86E7B0EF76E43
:101D7000160EF66E39EC06F04E0EE8CFB0F1420EBC
:101D8000E8CFB1F1240EE8CFB2F13B0EE8CFB3F1CA
:101D900016EC34F04EA240D003C700F0000EF86EEF
:101DA0007C0EF76E000EF66E39EC06F0310E001860
:101DB00009E0000EF86E770EF76E580EF66E39ECED
:101DC00006F02AD0000EF86E770EF76E640EF66EEF
:101DD00039EC06F04EB40ED04E0EE8CFB0F14C0EFA
:101DE000E8CFB1F13B0EE8CFB2F116EC34F04EA2E1
:101DF00013D010D04E0EE8CFB0F14C0EE8CFB1F1B9
:101E0000240EE8CFB2F13B0EE8CFB3F116EC34F07C
:101E10004EA202D00FEC0FF04E942B6A120017EE78
:101E200000F0020E2D6EE350240A01E12D2A000E6F
:101E3000E8CF0AF32D50E350D00FE8CF0BF32D2A53
:101E40002D50E350D00FE8CF0CF3BCEC05F00EC3DF
:101E500000F04DB6D3EF0FF04DB4D3EF0FF00E0EF0
:101E600000640DD0000EF86E820EF76E340EF66E22
:101E700039EC06F0220E00240AEC06F035D0070EED
:101E800000640DD0000EF86E820EF76E2A0EF66E0C
:101E900039EC06F0290E00240AEC06F025D0000EDD
:101EA00000640DD0000EF86E820EF76E200EF66EF6
:101EB00039EC06F0300E00240AEC06F015D0440E82
:101EC0000AEC06F0530E0AEC06F0500E0AEC06F08F
:101ED000200E0AEC06F04F0E0AEC06F0660E0AEC35
:101EE00006F0660E0AEC06F02C0E0AEC06F0200E48
:101EF0000AEC06F0000EE8CF0AF32D2A2D50E3502D
:101F0000D00FE8CF0BF32D2A2D50E350D00FE8CFA0
:101F10000CF3BCEC05F00EC300F00E0E00640DD007
:101F2000000EF86E820EF76E520EF66E39EC06F069
:101F3000220E00240AEC06F048D0070E00640DD0F3
:101F4000000EF86E820EF76E480EF66E39EC06F053
:101F5000290E00240AEC06F038D0000E00640DD0E3
:101F6000000EF86E820EF76E3E0EF66E39EC06F03D
:101F7000300E00240AEC06F028D0490E0AEC06F0D8
:101F8000200E0AEC06F0460E0AEC06F0200E0AECD3
:101F900006F04F0E0AEC06F0660E0AEC06F0660E2E
:101FA0000AEC06F012D0000EF86E820EF76E5C0E90
:101FB000F66E39EC06F00BC3E8FF300F0AEC06F0C2
:101FC0000CC3E8FF300F0AEC06F00D0E0AEC06F029
:101FD00012004AA4FED726EC03F0D3EC05F04DB076
:101FE0002FD04DB22DD0440EE8CFB0F1530EE8CF34
:101FF000B1F13B0EE8CFB2F116EC34F04EA27AD03C
:102000000BC7E8FFE8B411D0000EF86E7C0EF76E37
:10201000B40EF66E39EC06F0000EF86E770EF76E21
:10202000580EF66E39EC06F065D0000EF86E7C0E98
:10203000F76EB40EF66E39EC06F0F0EC10F05AD0F4
:10204000490EE8CFB0F1430EE8CFB1F13B0EE8CF37
:10205000B2F116EC34F04EA24DD002C7E8FFE8AC66
:1020600015D0000EF86E7B0EF76E1C0EF66E39EC76
:1020700006F003C7E8FFE8B009D0000EF86E800E46
:10208000F76E9E0EF66E39EC06F034D0440EE8CFB3
:10209000B0F1530EE8CFB1F13B0EE8CFB2F116EC40
:1020A00034F04EA227D00BC7E8FFE8B411D0000EE1
:1020B000F86E7C0EF76EB40EF66E39EC06F0000E7C
:1020C000F86E770EF76E580EF66E39EC06F012D0F9
:1020D000000EF86E7C0EF76EB40EF66E39EC06F05C
:1020E000000EF86E770EF76E640EF66E39EC06F0A1
:1020F0007CEC10F02B6A12002C0E0AEC06F0200E7D
:102100000AEC06F0440EE8CFB0F1420EE8CFB1F190
:102110003B0EE8CFB2F116EC34F04EA260D007C708
:10212000E8FF2D0A0DE117EE04F0060E2E6EE650C4
:102130000AEC06F02E2EFBD70D0E0AEC06F04FD05F
:10214000FF0E301809E0000EF86E8E0EF76EF80ED6
:10215000F66E39EC06F043D0530E9CEC02F0570EAD
:102160009CEC02F0480E9CEC02F0330E9CEC02F06A
:10217000340E9CEC02F03B0E9CEC02F0190ED4ECF9
:1021800005F0440EE8CFB0F1420EE8CFB1F13B0EBE
:10219000E8CFB2F116EC34F04EA221D017EE04F0E5
:1021A000060E2E6EE6500AEC06F02E2EFBD70D0E14
:1021B0000AEC06F0530E9CEC02F0570E9CEC02F079
:1021C000540E9CEC02F0330E9CEC02F0340E9CECAE
:1021D00002F03B0E9CEC02F00F0ED4EC05F0120066
:1021E000440EE8CFB0F1420EE8CFB1F13B0EE8CF9C
:1021F000B2F116EC34F04EA25ED004C7E8FF4E0AEE
:1022000004E105C7E8FF520A43E0FF0E301809E079
:10221000000EF86E8E0EF76EF80EF66E39EC06F0C4
:102220004AD0530E9CEC02F0570E9CEC02F0480E84
:102230009CEC02F0310E9CEC02F0390E9CEC02F0AA
:102240003B0E9CEC02F00F0ED4EC05F0530E9CEC10
:1022500002F0570E9CEC02F0480E9CEC02F0310E9E
:102260009CEC02F0390E9CEC02F03B0E9CEC02F070
:10227000140ED4EC05F0440EE8CFB0F1420EE8CFD6
:10228000B1F13B0EE8CFB2F116EC34F04EA213D010
:10229000000EF86E820EF76E5C0EF66E39EC06F0EC
:1022A00007C7E8FF0AEC06F008C7E8FF0AEC06F0EB
:1022B0000D0E0AEC06F012004AA4FED726EC03F03D
:1022C000D3EC05F0440EE8CFB0F1530EE8CFB1F1F6
:1022D0003B0EE8CFB2F116EC34F04EA22AD00BC779
:1022E000E8FFE8B01CD0E8B211D0000EF86E7C0E0A
:1022F000F76EC60EF66E39EC06F0000EF86E770E2D
:10230000F76E580EF66E39EC06F013D0000EF86E2C
:102310007C0EF76ECE0EF66E39EC06F00AD0000E8B
:10232000F86E7C0EF76EDC0EF66E39EC06F09BEC68
:1023300011F02B6A1200440EE8CFB0F1420EE8CF44
:10234000B1F13B0EE8CFB2F116EC34F04EA26DD0F5
:1023500008C7E8FF5A0A0DE117EE02F0080E2E6ECC
:10236000E6500AEC06F02E2EFBD70D0E0AEC06F016
:102370005CD04DA60BD04DA409D0000EF86E770EA0
:10238000F76E640EF66E39EC06F04FD0FF0E301883
:1023900009E0000EF86E8E0EF76EF80EF66E39EC50
:1023A00006F043D0530E9CEC02F0570E9CEC02F06A
:1023B000480E9CEC02F0330E9CEC02F0320E9CECCA
:1023C00002F03B0E9CEC02F0190ED4EC05F0440E2A
:1023D000E8CFB0F1420EE8CFB1F13B0EE8CFB2F159
:1023E00016EC34F04EA221D017EE02F0080E2E6E3D
:1023F000E6500AEC06F02E2EFBD70D0E0AEC06F086
:10240000530E9CEC02F0570E9CEC02F0540E9CEC28
:1024100002F0330E9CEC02F0320E9CEC02F03B0E0C
:102420009CEC02F0190ED4EC05F012004AA4FED781
:1024300026EC03F0D3EC05F0500EE8CFB0F1410EDE
:10244000E8CFB1F14EB404D03B0EE8CFB2F106D0E4
:10245000240EE8CFB2F13B0EE8CFB3F116EC34F026
:102460004EA202D0E0EC2EF04E942B6A12004AA449
:10247000FED726EC03F0D3EC05F0500EE8CFB0F118
:10248000430EE8CFB1F13B0EE8CFB2F116EC34F0D9
:102490004EA202D098EC2CF02B6A12004AA4FED770
:1024A00026EC03F0D3EC05F0520EE8CFB0F1410E6C
:1024B000E8CFB1F14EB404D03B0EE8CFB2F106D074
:1024C000240EE8CFB2F13B0EE8CFB3F116EC34F0B6
:1024D0004EA202D0CBEC2CF04E942B6A12004AA4F0
:1024E000FED726EC03F0D3EC05F0520EE8CFB0F1A6
:1024F000540EE8CFB1F13B0EE8CFB2F116EC34F058
:102500004EA263D002C7E8FF006E300A0EE0000E54
:10251000F86E7D0EF76E0A0EF66E39EC06F02C0E94
:102520000AEC06F0200E0AEC06F0580EE8CFB0F1E7
:10253000540EE8CFB1F13B0EE8CFB2F116EC34F017
:102540004EA243D002C7E8FF300A0FE0000EF86E3B
:102550007D0EF76E120EF66E39EC06F02C0E0AECBC
:1025600006F0200E0AEC06F00CD0300E001809E13F
:10257000000EF86E7D0EF76E1A0EF66E39EC06F050
:1025800024D0520EE8CFB0F14F0EE8CFB1F13B0EA0
:10259000E8CFB2F116EC34F04EA217D002C7E8FF34
:1025A0000AEC06F003C7E8FF0AEC06F004C7E8FFF0
:1025B0000AEC06F005C7E8FF0AEC06F006C7E8FFDC
:1025C0000AEC06F00D0E0AEC06F02B6A12004AA483
:1025D000FED726EC03F0D3EC05F04EB40ED0530E2C
:1025E000E8CFB0F14D0EE8CFB1F13B0EE8CFB2F13C
:1025F00016EC34F04EA213D010D0530EE8CFB0F149
:102600004D0EE8CFB1F1240EE8CFB2F13B0EE8CF8A
:10261000B3F116EC34F04EA202D0A8EC2AF04E949E
:102620002B6A12004AA4FED726EC03F0D3EC05F087
:102630000A0ED4EC05F0000EF86E8F0EF76E4C0EFD
:10264000F66E39EC06F04DB602D04DA409D0000E5E
:10265000F86E810EF76EFA0EF66E39EC06F01FD0AA
:10266000530EE8CFB0F1570EE8CFB1F13B0EE8CFF3
:10267000B2F116EC34F04EA212D002C7E8FF0AEC19
:1026800006F003C7E8FF0AEC06F02E0E0AEC06F08F
:1026900004C7E8FF0AEC06F00D0E0AEC06F02B6A00
:1026A00012004AA4FED726EC03F0D3EC05F0FF0E8F
:1026B000301809E0000EF86E8E0EF76EF80EF66E0A
:1026C00039EC06F008D2540EE8CFB0F1510EE8CF45
:1026D000B1F13B0EE8CFB2F116EC34F04EA2FBD1D3
:1026E00002C7E8FF300A09E0000EF86E8F0EF76EA1
:1026F0000E0EF66E39EC06F0EED1440EE8CFB0F1D6
:10270000420EE8CFB1F13B0EE8CFB2F116EC34F057
:102710004EA2E1D117EE02F0080E2E6EE650C00F69
:102720000BE72E2EFBD717EE02F0080E2E6EE650AA
:102730002E0A0BE02E2EFBD7000EF86E780EF76EE9
:10274000E00EF66E39EC06F0C6D1440EE8CFB0F1DB
:10275000530EE8CFB1F13B0EE8CFB2F116EC34F0F6
:102760004EA2B9D14E900BC7E8FFE8B84E80500E8C
:10277000E8CFB0F1430EE8CFB1F13B0EE8CFB2F1B4
:1027800016EC34F04EA2A7D102C7F0F103C7F1F165
:1027900004C7F2F105C7F3F14EA059D04DB618D0D9
:1027A0004DB416D0530E9CEC02F0570E9CEC02F088
:1027B000480E9CEC02F0310E9CEC02F0390E9CECC1
:1027C00002F03B0E9CEC02F0140ED4EC05F03FD06E
:1027D0004D0E9CEC02F04E0E9CEC02F0300E9CEC88
:1027E00002F0320E9CEC02F0330E9CEC02F03B0E39
:1027F0009CEC02F0140ED4EC05F04D0E9CEC02F0B3
:10280000500E9CEC02F0300E9CEC02F0300E9CEC72
:1028100002F0310E9CEC02F03B0E9CEC02F0140E28
:10282000D4EC05F04D0E9CEC02F04E0E9CEC02F048
:10283000320E9CEC02F0350E9CEC02F0350E9CEC56
:1028400002F03B0E9CEC02F0140ED4EC05F04DB6F9
:1028500038D04DB436D0F3C1E8FF300A19E0500E3D
:102860009CEC02F0430E9CEC02F0300E9CEC02F06B
:10287000300E9CEC02F0350E9CEC02F0310E9CEC1C
:1028800002F03B0E9CEC02F0140ED4EC05F031D0BB
:10289000500E9CEC02F0430E9CEC02F0300E9CECCF
:1028A00002F0350E9CEC02F0300E9CEC02F0300E83
:1028B0009CEC02F03B0E9CEC02F0140ED4EC05F004
:1028C00018D0500E9CEC02F0430E9CEC02F0300E3F
:1028D0009CEC02F0320E9CEC02F0350E9CEC02F007
:1028E000300E9CEC02F03B0E9CEC02F0140ED4EC8B
:1028F00005F0530E9CEC02F0570E9CEC02F0480ED3
:102900009CEC02F0310E9CEC02F0360E9CEC02F0D6
:102910003B0E9CEC02F0320ED4EC05F0FF0EE8CF3B
:1029200053F14EAE0BD0F6EC04F046968E500000FC
:102930000F01126B0E01CA99C2890001440EE8CF43
:10294000B0F1530EE8CFB1F13B0EE8CFB2F116EC87
:1029500034F04EA21DD04EAE08D01AEC1CF04AAA9C
:1029600008D005EC1CF01AEC05F0C1EC1AF04EAEE4
:102970000FD04B0E416E490E066FFA0E076F46B62A
:1029800007D0072FFED7062FF8D7412EF4D7D6D77A
:102990004EAE0CD01AEC05F02AEC05F0000EF86EE5
:1029A0007A0EF76E360EF66E39EC06F04E9E0E017C
:1029B000C29B0F01D59E00010A0ED4EC05F0530E08
:1029C0009CEC02F0570E9CEC02F0540E9CEC02F0D2
:1029D000310E9CEC02F0360E9CEC02F03B0E9CECAF
:1029E00002F0140ED4EC05F04EA059D04DB618D01C
:1029F0004DB416D0530E9CEC02F0570E9CEC02F036
:102A0000480E9CEC02F0310E9CEC02F0390E9CEC6E
:102A100002F03B0E9CEC02F0140ED4EC05F03FD01B
:102A20004D0E9CEC02F04E0E9CEC02F0300E9CEC35
:102A300002F0320E9CEC02F0330E9CEC02F03B0EE6
:102A40009CEC02F0140ED4EC05F04D0E9CEC02F060
:102A5000500E9CEC02F0300E9CEC02F0300E9CEC20
:102A600002F0320E9CEC02F03B0E9CEC02F0140ED5
:102A7000D4EC05F04D0E9CEC02F04E0E9CEC02F0F6
:102A8000320E9CEC02F0350E9CEC02F0350E9CEC04
:102A900002F03B0E9CEC02F0140ED4EC05F0500E4C
:102AA0009CEC02F0430E9CEC02F0F0C1E8FF9CECC1
:102AB00002F0F1C1E8FF9CEC02F0F2C1E8FF9CECEF
:102AC00002F0F3C1E8FF9CEC02F03B0E9CEC02F03C
:102AD000140ED4EC05F0520E9CEC02F0580E9CEC57
:102AE00002F03B0E9CEC02F02B6A12003D6A3C6A3D
:102AF0003E6A4E964E984AA4F9D726EC03F0D3ECE2
:102B000005F0000EF86E820EF76E700EF66E39EC60
:102B100006F049BC0AD0498C000EF86E770EF76EAD
:102B2000640EF66E39EC06F009D0499C000EF86E82
:102B3000770EF76E580EF66E39EC06F012004AA4C6
:102B4000FED726EC03F0D3EC05F0440E9CEC02F02B
:102B5000420E9CEC02F0300E9CEC02F0310E9CEC2C
:102B600002F03B0E9CEC02F0140ED4EC05F0440E87
:102B7000E8CFB0F1420EE8CFB1F13B0EE8CFB2F1B1
:102B800016EC34F04EA21ED017EE02F0090E2E6E97
:102B9000E6500AEC06F0200E0AEC06F02E2EF8D7CE
:102BA0000D0E0AEC06F0440E9CEC02F0420E9CEC7A
:102BB00002F0300E9CEC02F0300E9CEC02F03B0E6A
:102BC0009CEC02F02B6A12004AA4FED726EC03F01C
:102BD000D3EC05F04C0EE8CFB0F14E0EE8CFB1F1DA
:102BE0003B0EE8CFB2F116EC34F04EA27CD002C717
:102BF000E8FF300A0EE0000EF86E8E0EF76E680EDB
:102C0000F66E39EC06F02C0E0AEC06F0200E0AECFB
:102C100006F0460EE8CFB0F1540EE8CFB1F13B0E0E
:102C2000E8CFB2F116EC34F04EA25DD002C7E8FF57
:102C3000310A0FE0000EF86E7D0EF76E340EF66E60
:102C400039EC06F02C0E0AEC06F0200E0AEC06F029
:102C50000ED0000EF86E7D0EF76E4C0EF66E39EC4F
:102C600006F02C0E0AEC06F0200E0AEC06F04C0ED4
:102C7000E8CFB0F14B0EE8CFB1F13B0EE8CFB2F1A7
:102C800016EC34F04EA22FD002C7E8FF300A0FE056
:102C9000000EF86E8E0EF76E740EF66E39EC06F0BE
:102CA0002C0E0AEC06F0200E0AEC06F000D04C0EBA
:102CB000E8CFB0F14B0EE8CFB1F1240EE8CFB2F17E
:102CC0003B0EE8CFB3F116EC34F04EA20CD003C7A4
:102CD000E8FF300A08E0000EF86E8E0EF76E860EE2
:102CE000F66E39EC06F02B6A12004AA4FED726ECE9
:102CF00003F0D3EC05F0490EE8CFB0F1430EE8CF76
:102D0000B1F13B0EE8CFB2F116EC34F04EA23AD05E
:102D100005C7E8FFE8AC08D0000EF86E820EF76E2B
:102D20009A0EF66E39EC06F004C7E8FFE8A809D061
:102D3000000EF86E820EF76EB00EF66E39EC06F0ED
:102D40000CD005C7E8FFE8BC08D0000EF86E7D0E79
:102D5000F76E620EF66E39EC06F004C7E8FFE8ACD9
:102D600009D0000EF86E820EF76E7E0EF66E39EC0C
:102D700006F008D0000EF86E820EF76E8C0EF66E1E
:102D800039EC06F02B6A12004AA4FED726EC03F0B9
:102D9000D3EC05F04EB410D0580EE8CFB0F1460E8B
:102DA000E8CFB1F13B0EE8CFB2F116EC34F04EA211
:102DB0002BD002C700F01AD0000EF86E7B0EF76E13
:102DC000160EF66E39EC06F0580EE8CFB0F1460E4E
:102DD000E8CFB1F1240EE8CFB2F13B0EE8CFB3F16A
:102DE00016EC34F04EA210D003C700F0000EF86EBF
:102DF0007C0EF76E2A0EF66E39EC06F000500AECE7
:102E000006F00D0E0AEC06F04E942B6A12004D6A85
:102E10000C0E416EDFEC02F02B6A4B0E9CEC02F0C4
:102E2000330E9CEC02F03B0E9CEC02F02B6604D0BF
:102E3000DCEC04F046B6ABD04EEC03F047BE12D04B
:102E400017EE00F02B5009C0E3FF2B2A3B0E09625E
:102E500009D000C7E8FF4B0A05E101C7E8FF330AC4
:102E600001E11FD04BA0E2D74B90412ED5D7F2EC19
:102E700002F0320ED4EC05F0420E9CEC02F0520E41
:102E80009CEC02F0330E9CEC02F03B0E9CEC02F04A
:102E9000320ED4EC05F0DFEC02F0320ED4EC05F08B
:102EA000B6D7D3EC05F0410E9CEC02F0490E9CEC39
:102EB00002F0320E9CEC02F03B0E9CEC02F0D3ECE4
:102EC00005F04B0E9CEC02F0330E9CEC02F0310E40
:102ED0009CEC02F03B0E9CEC02F0D3EC05F04B0EA8
:102EE0009CEC02F0320E9CEC02F0320E9CEC02F0F4
:102EF0003B0E9CEC02F0D3EC05F04F0EE8CFB0F1A6
:102F00004D0EE8CFB1F13B0EE8CFB2F116EC34F044
:102F10004EA27DD70CC7E8FF520A25E00EC7E8FF96
:102F20002D0A09E00EC7E8FF310A0DE00EC7E8FFE1
:102F3000320A11E020D04D80000EF86E820EF76E3E
:102F4000040EF66E20D04D86000EF86E820EF76EDF
:102F50000E0EF66E18D04D84000EF86E820EF76ECF
:102F6000140EF66E10D04D82000EF86E820EF76EC3
:102F7000080EF66E08D04D6A4468000EF86E780EA2
:102F8000F76EB80EF66E39EC06F0040E376E1200CE
:102F9000375206E120503B6E0A0ED4EC05F033D0D8
:102FA00049AC08D0FF0E306205D0010E386202D065
:102FB000030E376E010E376203D008EC18F023D0F1
:102FC000020E376203D01FEC18F01DD0030E3762DB
:102FD00003D05CEC18F017D0040E376203D051EC2C
:102FE00018F011D0050E376203D067EC18F00BD043
:102FF000070E376203D02BEC18F005D0060E3762AF
:1030000002D013EC18F037C038F0010E376E120002
:103010004D0E9CEC02F04E0E9CEC02F03B0E9CEC34
:1030200002F04B9012004C88440E9CEC02F0420ED1
:103030009CEC02F03B0E9CEC02F04B9012004C8694
:10304000440E9CEC02F0530E9CEC02F03B0E9CEC08
:1030500002F04B901200440E9CEC02F0540E9CECDB
:1030600002F03B0E9CEC02F04B90120048B802D0EC
:1030700048AA13D04AA4FAD726EC03F0D3EC05F003
:10308000460E9CEC02F048B8410E48BA420E9CEC49
:1030900002F03B0E9CEC02F0478A47984898489A09
:1030A0001200490E9CEC02F0460E9CEC02F03B0E26
:1030B0009CEC02F04B901200540E9CEC02F0420E7D
:1030C0009CEC02F03B0E9CEC02F04B901200540E74
:1030D0009CEC02F0510E9CEC02F03B0E9CEC02F0DA
:1030E0004B90120017EE00F0000EE3503F0A05E18E
:1030F0004BA284D138C037F081D1000EE350460A8C
:1031000015E1010EE350410A03E1E0EC34F076D121
:10311000010EE350420A03E1E0EC34F06FD1010EFE
:10312000E350540A03E19CEC2AF068D1000EE3500E
:103130004D0A07E1010EE3504E0A03E1D7EC1DF002
:1031400061D1000EE350440A0EE1010EE350420A41
:1031500003E15DEC1CF052D1010EE350530A03E190
:10316000ADEC1AF04BD1000EE350490A08E1010E14
:10317000E350460A04E10BEC1AF047943FD14AA40D
:103180003DD1000EE350410A1AE11E520CE0000E40
:103190001B6409D0010EE350470A05E11AEC05F063
:1031A0003DEC2DF02BD1000E1B6407D0010EE35037
:1031B0004E0A03E176EC2DF021D120D11FD1000E73
:1031C000E350420A0DE1000E1B6409D0010EE350EA
:1031D000470A05E11AEC05F086EC2DF00FD10ED16F
:1031E000000EE350430A0DE1000E1B6409D0010EEE
:1031F000E350500A05E11AEC05F096EC2DF0FED0F4
:10320000FDD0000EE350440A0DE1000E1B6409D00E
:10321000010EE350540A05E11AEC05F04EEC0EF0F5
:10322000EDD0ECD0000EE350460A09E1000E1B641D
:1032300005D0010EE350570A01E1E4D0DFD0000EC3
:10324000E350470A0DE1000E1B6409D0010EE35064
:10325000540A05E11AEC05F069EC2CF0CFD0CED081
:10326000000EE350490A0BE1000E1B6407D0010E6B
:10327000E350530A03E1FBEC2DF0C0D0BFD0000EA9
:10328000E3504B0A0DE1000E1B6409D0010EE35020
:10329000530A05E11AEC05F05FEC2EF0AFD0AED08A
:1032A000000EE3504C0A13E1000E1B640FD0010E18
:1032B000E3504E0A0BE1000EF86E820EF76E1A0E06
:1032C000F66E39EC06F019EC2DF098D097D0000E80
:1032D000E3504D0A19E1000E1B6409D0010EE350C2
:1032E000470A05E11AEC05F077EC2EF087D0000EC6
:1032F0001B6409D0010EE3504C0A05E11AEC05F0FD
:103300008FEC2EF07BD07AD0000EE3504E0A29E1EC
:10331000000E1B6411D0010EE350420A0DE11AECBD
:1033200005F0000EF86E7C0EF76E000EF66E39ECAE
:1033300006F019EC2DF062D0000E1B6411D0010EC6
:10334000E3504C0A0DE11AEC05F0000EF86E7C0E0D
:10335000F76E100EF66E39EC06F00FEC0FF04ED053
:103360004DD0000EE350500A19E1000E1B6409D045
:10337000010EE350410A05E11AEC05F0E0EC2EF0F5
:103380003DD0000E1B6409D0010EE350430A05E155
:103390001AEC05F098EC2CF031D030D0000EE35050
:1033A000520A1BE1000E1B6409D0010EE350410AD2
:1033B00005E11AEC05F0CBEC2CF020D01E520CE00D
:1033C000000E1B6409D0010EE350470A05E11AEC18
:1033D00005F0A7EC2EF012D011D0000EE350530AE6
:1033E00001E10CD0000EE350540A08E1010EE35055
:1033F000420A03E1BDEC2BF001D000D0010E346E87
:1034000013EC2FF02B6A2D6A4A92000EE8CFC8FF0A
:10341000E8CFC7FF120021C7E8FF310A0EE14DB621
:1034200002D04DA604D0478C0E01C69906D00001EB
:103430000E01C699000148844886000147B482D035
:10344000000E1B647FD017EE02F021EE80F0210EFB
:103450002E6E1DEC03F04AA87FD017C700F095C16F
:10346000E8FF001819E01AEC05F0000EF86E7D0E6A
:10347000F76E0A0EF66E39EC06F0310E001A03E113
:10348000ABEC1DF028D0000EF86E770EF76E580EDC
:10349000F66E39EC06F01FD018C700F096C1E8FFB1
:1034A000001819E01AEC05F0000EF86E7D0EF76EAC
:1034B000120EF66E39EC06F0310E001A03E1ABEC99
:1034C0001DF009D0000EF86E770EF76E580EF66EEE
:1034D00039EC06F000D017EE12F021EE90F0050E58
:1034E0002E6E1DEC03F04AA802D0ABEC1DF020C7F5
:1034F00000F09EC1E8FF00181DE0000EF86E7C0E83
:10350000F76E3A0EF66E39EC06F0310E001A09E14C
:10351000000EF86E770EF76E640EF66E39EC06F05C
:1035200009D0000EF86E770EF76E580EF66E39EC75
:1035300006F000D01DC73AF09BC1E8FF3A1802E040
:10354000A7EC0DF017EE02F021EE80F0210E2E6EAA
:10355000E650DE6E2E2EFCD7120017EE02F0080E9B
:103560002E6EE650400A05E12E2EFBD738C037F00C
:1035700004D01AEC1CF005EC1CF0120011EE53F014
:1035800003D017EE02F008D03050080A03E03050A4
:10359000090A02E14CA438D1010E2E6E2E04E3502C
:1035A000006EE8AE05D02E0E0AEC06F0009E00502C
:1035B000080E301805E0090E301802E0005015D052
:1035C00000505E0AD8B4DAD000505D0AD8B4DBD01F
:1035D00000503E0AD8B4DCD000503D0AD8B4DDD04B
:1035E00000505F0AD8B4ECD00050400A22E00050EE
:1035F000570A2BE00050590A5AE00050560A27E0BB
:103600000050510A2EE000503C0A6FE000503E0A84
:103610006EE000505A0A7CE000504B0A7BE00050FC
:10362000490A7AE00050310AD8B4A2EF1BF00050EA
:10363000DAD049AE08D0000EF86E8E0EF76E980EF6
:10364000F66E39EC06F0200ECED0490ECCD01C0E12
:10365000301805E1750E0AEC06F0200EC4D0750E88
:10366000C2D049BE22D0040EE350570A0DE1070E26
:10367000E350540A09E1000EF86E8F0EF76E280E23
:10368000F66E39EC06F0C0D0050EE3504E0A0DE19F
:10369000070EE350520A09E1000EF86E780EF76E3D
:1036A000EE0EF66E39EC06F0AFD04F0E9CD049BE50
:1036B0001AD0050EE350420A05E1070EE350500A06
:1036C00012E108D0040EE350420A0DE1060EE35069
:1036D000500A09E1000EF86E8F0EF76E380EF66E86
:1036E00039EC06F091D0590E7ED04C0E7CD049AE0C
:1036F0000AD0000EF86E8E0EF76EA00EF66E39EC44
:1037000006F0200E70D0200E0AEC06F02D0E6BD0C5
:10371000630E69D0480E67D0080E2E6211D0060ED7
:10372000E3503E0A0DE14EBE5ED0200E0AEC06F0DC
:10373000320E0AEC06F0200E0AEC06F0310E53D0E1
:10374000005051D0060E2E620AD0060EE3504E0AEB
:1037500006E1070EE3504B0A02E1490E44D0010E88
:103760002E620AD0030EE350570A06E1050EE3501D
:10377000570A02E1490E37D0005035D0200E0AEC2E
:1037800006F0320E30D0200E0AEC06F0310E2BD0AF
:10379000200E0AEC06F0300E26D04D0E0AEC06F094
:1037A000690E0AEC06F06E0E0AEC06F0750E0AECD5
:1037B00006F0730E0AEC06F0310E0AEC06F013D098
:1037C0004D0E0AEC06F0690E0AEC06F06E0E0AECDD
:1037D00006F0750E0AEC06F0730E0AEC06F0320ED7
:1037E0000AEC06F000D00AEC06F049AE06D02C0E2A
:1037F0000AEC06F0200E0AEC06F02E2A090E2E62C4
:10380000CDD60D0E0AEC06F0120002C753F103C725
:1038100054F104C755F105C756F106C757F107C75C
:1038200058F108C759F109C75AF10AC75BF10BC72C
:103830005CF112004A9A02C700F053C1E8FF00622F
:103840003AD003C700F054C1E8FF006234D004C787
:1038500000F055C1E8FF00622ED005C700F056C148
:10386000E8FF006228D006C700F057C1E8FF0062F9
:1038700022D007C700F058C1E8FF00621CD008C77B
:1038800000F059C1E8FF006216D04AB606D009C759
:1038900000F05AC1E8FF00620ED04A960AC700F055
:1038A0005BC1E8FF006207D00BC700F05CC1E8FF16
:1038B000006201D001D04A8A120017EE02F0FD0E1C
:1038C0002B24396E2E6EE650200A05E12E2EFBD7F2
:1038D00038C037F00CD019EC1DF04EAA03D04ABC0A
:1038E00059EC1DF0F3EC1CF04EBC06EC1DF0120080
:1038F0004CA004D04EBC76D04EAA74D011EE5EF02F
:1039000007D017EE02F02BC039F0FE0E392625D075
:103910003050080A03E03050090A0EE160C1E8FFA8
:103920002E0AD8B41AEC05F061C1E8FF450A04E19B
:1039300062C1E8FF510A56E05EC1E8FF420A0DE1AC
:103940005FC1E8FF570A09E160C1E8FF200A05E10D
:1039500061C1E8FF200A01E045D039502E6EE650E3
:10396000006E49AE26D0200E001809E1000EF86E58
:103970008E0EF76E980EF66E39EC06F026D02E0EEF
:10398000001809E1000EF86E8E0EF76EA60EF66EA8
:1039900039EC06F01AD02D0E001809E1000EF86E71
:1039A0008E0EF76EA00EF66E39EC06F00ED00050BB
:1039B00000D00AEC06F02E50040A07E163C1E8FFCC
:1039C0002D0A03E1200E0AEC06F049AE06D02C0EBB
:1039D0000AEC06F0200E0AEC06F02E2EC0D70D0ED3
:1039E0000AEC06F0120002C75EF103C75FF104C7DC
:1039F00060F105C761F106C762F107C763F108C747
:103A000064F109C765F10AC766F1120002C769F1DE
:103A100003C76AF104C76BF105C76CF106C76DF106
:103A200007C76EF108C76FF109C770F10AC771F1D6
:103A300012004A9C02C700F05EC1E8FF006237D066
:103A400003C700F05FC1E8FF006231D004C700F097
:103A500060C1E8FF00622BD005C700F061C1E8FF3C
:103A6000006225D006C700F062C1E8FF00621FD0E7
:103A700007C700F063C1E8FF006219D008C700F073
:103A800064C1E8FF006213D0070E396411D009C782
:103A900000F065C1E8FF00620AD0080E396408D062
:103AA0000AC700F066C1E8FF006201D001D04A8C6D
:103AB00012004E9A02C700F069C1E8FF006237D0D9
:103AC00003C700F06AC1E8FF006231D004C700F00C
:103AD0006BC1E8FF00622BD005C700F06CC1E8FFA6
:103AE000006225D006C700F06DC1E8FF00621FD05C
:103AF00007C700F06EC1E8FF006219D008C700F0E8
:103B00006FC1E8FF006213D0070E396411D009C7F6
:103B100000F070C1E8FF00620AD0080E396408D0D6
:103B20000AC700F071C1E8FF006201D001D04E8ADF
:103B30001200000EE8CF5EF1E8CF5FF1E8CF60F150
:103B4000E8CF61F1E8CF62F1E8CF63F1E8CF64F14B
:103B5000E8CF65F1120012C7E8FF0AEC06F013C7C0
:103B6000E8FF0AEC06F014C7E8FF0AEC06F015C7F8
:103B7000E8FF0AEC06F016C7E8FF0AEC06F00D0EA7
:103B80000AEC06F0120002C7E8FFD00FE8CF0AF3F4
:103B900003C7E8FFD00FE8CF0BF304C7E8FFD00F4F
:103BA000E8CF0CF3BCEC05F00EC330F012004B94E0
:103BB0004B924C92C3EC1DF0FF0E306205D04C903E
:103BC0004C92C98A99EF2AF04C80C99AFF0E316253
:103BD00001D04C8230503118D8B405D04B824B986C
:103BE00099EC1DF026D04CB603D04CB81BD021D098
:103BF0004C964CB406D04AAA0CD04CAA1AEC05F04C
:103C00004C9ABEEC1AF04A9A4C94020E376E99EF19
:103C10002AF0060E4BB8376E4B98060E376209D065
:103C200099EF2AF04C984AAC03D078EC1CF04C8AFF
:103C300000D0000EFB6E3C0EFA6ED8903034D8A047
:103C400002D0FA2AFA2AD890E834D8B0FA2A016EBB
:103C50005A0E0124D8B0FA2AF96E2EEF20F03DEF6B
:103C600020F04CEF20F05CEF20F06CEF20F07CEFC8
:103C700020F08BEF20F09AEF20F0ADEF20F0BFEFB7
:103C800020F0D1EF20F0E0EF20F0EFEF20F002EF96
:103C900021F011EF21F020EF21F02FEF21F03EEF86
:103CA00021F04DEF21F05CEF21F06BEF21F07AEF86
:103CB00021F08CEF21F09BEF21F0C1EF21F0D0EF4C
:103CC00021F0DFEF21F0EEEF21F0FDEF21F00CEF1E
:103CD00022F01BEF22F02AEF22F039EF22F048EF1A
:103CE00022F057EF22F066EF22F075EF22F088EF16
:103CF00022F097EF22F0A7EF22F0B7EF22F0C7EF04
:103D000022F0D7EF22F0E6EF22F0F5EF22F004EFF9
:103D100023F013EF23F022EF23F031EF23F040EFF5
:103D200023F04FEF23F05EEF23F06DEF23F07CEFF5
:103D300023F08BEF23F09AEF23F0A9EF23F0B8EFF5
:103D400023F0C7EF23F0D6EF23F0E5EF23F0F4EFF5
:103D500023F003EF24F012EF24F025EF24F034EFEA
:103D600024F043EF24F052EF24F061EF24F070EFE1
:103D700024F07FEF24F092EF24F0A1EF24F0B4EFD1
:103D800024F0C4EF24F0D6EF24F0E5EF24F0F4EFB4
:103D900024F003EF25F012EF25F021EF25F030EFAE
:103DA00025F043EF25F052EF25F062EF25F071EF9B
:103DB00025F080EF25F08FEF25F0A2EF25F0B1EF91
:103DC00025F0C1EF25F0D1EF25F0E1EF25F0F1EF7F
:103DD00025F001EF26F011EF26F020EF26F02FEF6F
:103DE00026F03EEF26F04DEF26F05CEF26F06FEF69
:103DF00026F07EEF26F08DEF26F09CEF26F0AFEF59
:103E000026F0BEEF26F0D1EF26F0E0EF26F0EFEF40
:103E100026F0FEEF26F000EF27F00FEF27F01EEF61
:103E200027F02DEF27F03CEF27F04BEF27F05AEF6C
:103E300027F069EF27F078EF27F087EF27F096EF6C
:103E400027F0A5EF27F0B4EF27F0C3EF27F0D2EF6C
:103E500027F0E1EF27F0F0EF27F0FFEF27F00EEF6C
:103E600028F01DEF28F02CEF28F03BEF28F04AEF68
:103E700028F059EF28F068EF28F077EF28F086EF68
:103E800028F096EF28F0A5EF28F0B4EF28F0C3EF64
:103E900028F0D2EF28F0E1EF28F0F3EF28F002EF5E
:103EA00029F011EF29F020EF29F02FEF29F03EEF54
:103EB00029F04DEF29F05CEF29F06BEF29F07AEF54
:103EC00029F089EF29F098EF29F0A7EF29F0B6EF54
:103ED00029F0C5EF29F0D4EF29F0E3EF29F0F2EF54
:103EE00029F001EF2AF010EF2AF01FEF2AF01FEF60
:103EF0002AF01FEF2AF01FEF2AF01FEF2AF01FEF22
:103F00002AF01FEF2AF01FEF2AF01FEF2AF01FEF11
:103F10002AF01FEF2AF01FEF2AF01FEF2AF01FEF01
:103F20002AF01FEF2AF01FEF2AF01FEF2AF01FEFF1
:103F30002AF01FEF2AF01FEF2AF01FEF2AF01FEFE1
:103F40002AF01FEF2AF01FEF2AF01FEF2AF01FEFD1
:103F50002AF01FEF2AF01FEF2AF01FEF2AF01FEFC1
:103F60002AF01FEF2AF01FEF2AF01FEF2AF01FEFB1
:103F70002AF01FEF2AF01FEF2AF01FEF2AF01FEFA1
:103F80002AF01FEF2AF01FEF2AF01FEF2AF01FEF91
:103F90002AF01FEF2AF01FEF2AF01FEF2AF01FEF81
:103FA0002AF01FEF2AF01FEF2AF01FEF2AF01FEF71
:103FB0002AF01FEF2AF01FEF2AF01FEF2AF01FEF61
:103FC0002AF01FEF2AF01FEF2AF01FEF2AF01FEF51
:103FD0002AF01FEF2AF01FEF2AF01FEF2AF01FEF41
:103FE0002AF01FEF2AF01FEF2AF01FEF2AF01FEF31
:103FF0002AF01FEF2AF01FEF2AF01FEF2AF01FEF21
:104000002AF01FEF2AF01FEF2AF01FEF2AF01FEF10
:104010002AF01FEF2AF01FEF2AF021EF2AF030EFED
:104020002AF03FEF2AF04EEF2AF05DEF2AF06CEF16
:104030002AF07BEF2AF08AEF2AF099EF2AF099EF25
:104040002AF099EF2AF099EF2AF099EF2AF099EFE8
:104050002AF099EF2AF099EF2AF012004BA209D02A
:104060004C84000EF86E820EF76EC20EF66E39ECBE
:1040700006F0020E376E99EF2AF04BA209D04C845D
:10408000000EF86E820EF76ECC0EF66E39EC06F06E
:10409000020E376E99EF2AF04B844BA209D04C8464
:1040A000000EF86E820EF76EDC0EF66E39EC06F03E
:1040B000020E376E99EF2AF04B844BA209D04C8444
:1040C000000EF86E820EF76EEC0EF66E39EC06F00E
:1040D000020E376E99EF2AF04B844BA209D04C8424
:1040E000000EF86E830EF76E000EF66E39EC06F0D9
:1040F000020E376E99EF2AF04BA209D04C84000EC5
:10410000F86E830EF76E160EF66E39EC06F0020EA0
:10411000376E99EF2AF04BA209D04C84000EF86E4E
:10412000830EF76E320EF66E39EC06F0020E376E25
:1041300099EF2AF04E9C4BA20AD04C84000EF86EE8
:10414000830EF76E400EF66E39EC06F04E8C020EC2
:10415000376E4E8A4B8899EF2AF04E9C4BA209D0BD
:104160004C84000EF86E830EF76E540EF66E39EC2A
:1041700006F0020E376E4E8A4B8899EF2AF04E9C5D
:104180004BA209D04C84000EF86E830EF76E6A0EB7
:10419000F66E39EC06F0020E376E4E8A4B8899EFB8
:1041A0002AF04BA209D04C84000EF86E830EF76EF5
:1041B000820EF66E39EC06F0020E376E99EF2AF099
:1041C0004BA209D04C84000EF86E830EF76E900E51
:1041D000F66E39EC06F0020E376E99EF2AF04E9C1F
:1041E0004BA20AD04C84000EF86E830EF76E9E0E22
:1041F000F66E39EC06F04E8C020E376E4E8A4B8806
:1042000099EF2AF04BA209D04C84000EF86E830E71
:10421000F76EAC0EF66E39EC06F0020E376E99EFC3
:104220002AF04BA209D04C84000EF86E830EF76E74
:10423000B80EF66E39EC06F0020E376E99EF2AF0E2
:104240004BA209D04C84000EF86E830EF76EC80E98
:10425000F66E39EC06F0020E376E99EF2AF04BA29B
:1042600009D04C84000EF86E830EF76ED60EF66EF3
:1042700039EC06F0020E376E99EF2AF04BA209D006
:104280004C84000EF86E830EF76EE40EF66E39EC79
:1042900006F0020E376E99EF2AF04BA209D04C843B
:1042A000000EF86E830EF76EF40EF66E39EC06F023
:1042B000020E376E99EF2AF04BA209D04C84000E03
:1042C000F86E840EF76E020EF66E39EC06F0020EF2
:1042D000376E99EF2AF04BA209D04C84000EF86E8D
:1042E000840EF76E120EF66E39EC06F0020E376E83
:1042F00099EF2AF04E9C4BA209D04C84000EF86E28
:10430000840EF76E220EF66E39EC06F0020E376E52
:104310004E8A4B8899EF2AF04BA209D04C84000EAC
:10432000F86E840EF76E340EF66E39EC06F0020E5F
:10433000376E99EF2AF04DB611D04DB40FD04BA285
:1043400009D04C84000EF86E840EF76E480EF66E9F
:1043500039EC06F0020E376E99EF2AF04E9C4BA214
:104360000AD04C84000EF86E840EF76E5A0EF66E6C
:1043700039EC06F04E8C020E376E4E8A4B8899EF60
:104380002AF04BA209D04C84000EF86E840EF76E12
:104390006A0EF66E39EC06F0020E376E99EF2AF0CF
:1043A0004BA209D04C84000EF86E840EF76E7E0E80
:1043B000F66E39EC06F0020E376E99EF2AF04BA23A
:1043C00009D04C84000EF86E840EF76E8E0EF66ED9
:1043D00039EC06F0020E376E99EF2AF04BA209D0A5
:1043E0004C84000EF86E840EF76EA00EF66E39EC5B
:1043F00006F0020E376E99EF2AF04BA209D04C84DA
:10440000000EF86E840EF76EB00EF66E39EC06F004
:10441000020E376E99EF2AF04BA209D04C84000EA1
:10442000F86E840EF76EC60EF66E39EC06F0020ECC
:10443000376E99EF2AF04BA209D04C84000EF86E2B
:10444000840EF76ED00EF66E39EC06F0020E376E63
:1044500099EF2AF04BA209D04C84000EF86E840E1E
:10446000F76EE00EF66E39EC06F0020E376E99EF3D
:104470002AF04BA209D04C84000EF86E840EF76E21
:10448000F20EF66E39EC06F0020E376E99EF2AF056
:104490004BA209D04C84000EF86E850EF76E000E0C
:1044A000F66E39EC06F0020E376E99EF2AF04BA249
:1044B00009D04C84000EF86E850EF76E0C0EF66E69
:1044C00039EC06F0020E376E99EF2AF04BA209D0B4
:1044D0004C84000EF86E850EF76E1A0EF66E39ECEF
:1044E00006F0020E376E99EF2AF04E9C4BA20AD0CE
:1044F0004C84000EF86E850EF76E2C0EF66E39ECBD
:1045000006F04E8C020E376E4E8A4B8899EF2AF0D9
:104510004BA209D04C84000EF86E850EF76E3E0E4D
:10452000F66E39EC06F0020E376E99EF2AF04BA2C8
:1045300009D04C84000EF86E850EF76E540EF66EA0
:1045400039EC06F0020E376E4B8899EF2AF04BA239
:1045500009D04C84000EF86E850EF76E720EF66E62
:1045600039EC06F0020E376E4B8899EF2AF04BA219
:1045700009D04C84000EF86E850EF76E8C0EF66E28
:1045800039EC06F0020E376E4B8899EF2AF04BA2F9
:1045900009D04C84000EF86E850EF76EA40EF66EF0
:1045A00039EC06F0020E376E4B8899EF2AF04BA2D9
:1045B00009D04C84000EF86E850EF76EC40EF66EB0
:1045C00039EC06F0020E376E99EF2AF04BA209D0B3
:1045D0004C84000EF86E850EF76EE20EF66E39EC26
:1045E00006F0020E376E99EF2AF04BA209D04C84E8
:1045F000000EF86E850EF76EFE0EF66E39EC06F0C4
:10460000020E376E99EF2AF04BA209D04C84000EAF
:10461000F86E860EF76E120EF66E39EC06F0020E8C
:10462000376E99EF2AF04BA209D04C84000EF86E39
:10463000860EF76E280EF66E39EC06F0020E376E17
:1046400099EF2AF04BA209D04C84000EF86E860E2A
:10465000F76E440EF66E39EC06F0020E376E99EFE7
:104660002AF04BA209D04C84000EF86E860EF76E2D
:10467000520EF66E39EC06F0020E376E99EF2AF004
:104680004BA209D04C84000EF86E860EF76E5E0EBB
:10469000F66E39EC06F0020E376E99EF2AF04BA257
:1046A00009D04C84000EF86E860EF76E780EF66E0A
:1046B00039EC06F0020E376E99EF2AF04BA209D0C2
:1046C0004C84000EF86E860EF76E920EF66E39EC84
:1046D00006F0020E376E99EF2AF04BA209D04C84F7
:1046E000000EF86E860EF76EA60EF66E39EC06F02A
:1046F000020E376E99EF2AF04BA209D04C84000EBF
:10470000F86E860EF76EB60EF66E39EC06F0020EF7
:10471000376E99EF2AF04BA209D04C84000EF86E48
:10472000860EF76EC60EF66E39EC06F0020E376E88
:1047300099EF2AF04BA209D04C84000EF86E860E39
:10474000F76ED40EF66E39EC06F0020E376E99EF66
:104750002AF04BA209D04C84000EF86E860EF76E3C
:10476000E20EF66E39EC06F0020E376E99EF2AF083
:104770004BA209D04C84000EF86E860EF76EF80E30
:10478000F66E39EC06F0020E376E99EF2AF04BA266
:1047900009D04C84000EF86E870EF76E060EF66E8A
:1047A00039EC06F0020E376E99EF2AF04BA209D0D1
:1047B0004C84000EF86E870EF76E160EF66E39EC0E
:1047C00006F0020E376E99EF2AF04BA209D04C8406
:1047D000000EF86E870EF76E240EF66E39EC06F0BA
:1047E000020E376E99EF2AF04BA209D04C84000ECE
:1047F000F86E870EF76E360EF66E39EC06F0020E86
:10480000376E99EF2AF04BA209D04C84000EF86E57
:10481000870EF76E4C0EF66E39EC06F0020E376E10
:1048200099EF2AF04E9C4BA20AD04C84000EF86EF1
:10483000870EF76E660EF66E39EC06F04E8C020EA1
:10484000376E4E8A4B8899EF2AF04BA209D04C84E0
:10485000000EF86E870EF76E780EF66E39EC06F0E5
:10486000020E376E99EF2AF04BA209D04C84000E4D
:10487000F86E870EF76E880EF66E39EC06F0020EB3
:10488000376E99EF2AF04BA209D04C84000EF86ED7
:10489000870EF76E9C0EF66E39EC06F0020E376E40
:1048A00099EF2AF04BA209D04C84000EF86E870EC7
:1048B000F76EAE0EF66E39EC06F0020E376E99EF1B
:1048C0002AF04BA209D04C84000EF86E870EF76ECA
:1048D000C00EF66E39EC06F0020E376E99EF2AF034
:1048E0004BA209D04C84000EF86E870EF76ED00EE6
:1048F000F66E39EC06F0020E376E99EF2AF04E9CF8
:104900004BA20AD04C84000EF86E870EF76EDE0EB6
:10491000F66E39EC06F04E8C020E376E4E8A4B88DE
:1049200099EF2AF04BA209D04C84000EF86E870E46
:10493000F76EEE0EF66E39EC06F0020E376E99EF5A
:104940002AF04E9C4BA20AD04C84000EF86E870EC3
:10495000F76EFE0EF66E39EC06F04E8C020E376ED8
:104960004E8A4B8899EF2AF04BA209D04C84000E56
:10497000F86E880EF76E0C0EF66E39EC06F0020E2D
:10498000376E4A8699EF2AF04E9C4BA209D04C8490
:10499000000EF86E880EF76E160EF66E39EC06F005
:1049A000020E376E4E8A4B8899EF2AF04BA209D03F
:1049B0004C84000EF86E880EF76E2A0EF66E39ECF7
:1049C00006F0020E376E99EF2AF04BA209D04C8404
:1049D000000EF86E880EF76E3C0EF66E39EC06F09F
:1049E000020E376E99EF2AF04BA209D04C84000ECC
:1049F000F86E880EF76E4A0EF66E39EC06F0020E6F
:104A0000376E99EF2AF04BA209D04C84000EF86E55
:104A1000880EF76E5C0EF66E39EC06F0020E376EFD
:104A200099EF2AF04BA209D04C84000EF86E880E44
:104A3000F76E6A0EF66E39EC06F0020E376E99EFDD
:104A40002AF04BA209D04C84000EF86E880EF76E47
:104A5000780EF66E39EC06F0020E376E99EF2AF0FA
:104A60004E9C4BA20AD04C84000EF86E880EF76E56
:104A7000840EF66E39EC06F04E8C020E376E4E8ABE
:104A80004B8899EF2AF04BA209D04C84000EF86EA7
:104A9000880EF76E920EF66E39EC06F0020E376E47
:104AA00099EF2AF04BA209D04C84000EF86E880EC4
:104AB000F76EA20EF66E39EC06F0020E376E4B88DA
:104AC00099EF2AF04BA209D04C84000EF86E880EA4
:104AD000F76EB20EF66E39EC06F0020E376E99EFF5
:104AE0002AF04BA209D04C84000EF86E880EF76EA7
:104AF000CC0EF66E39EC06F0020E376E99EF2AF006
:104B00004BA209D04C84000EF86E880EF76EDC0EB6
:104B1000F66E39EC06F0020E376E99EF2AF04E9CD5
:104B20004BA20AD04C84000EF86E880EF76EF20E7F
:104B3000F66E39EC06F04E8C020E376E4E8A4B88BC
:104B400099EF2AF04BA209D04C84000EF86E890E22
:104B5000F76E040EF66E39EC06F0020E376E99EF22
:104B60002AF04BA209D04C84000EF86E890EF76E25
:104B7000200EF66E39EC06F0020E376E4B8899EF78
:104B80002AF04BA209D04C84000EF86E890EF76E05
:104B9000380EF66E39EC06F0020E376E4B8899EF40
:104BA0002AF04BA209D04C84000EF86E890EF76EE5
:104BB0004C0EF66E39EC06F0020E376E4B8899EF0C
:104BC0002AF04BA209D04C84000EF86E890EF76EC5
:104BD000600EF66E39EC06F0020E376E4B8899EFD8
:104BE0002AF04BA209D04C84000EF86E890EF76EA5
:104BF000760EF66E39EC06F0020E376E4B8899EFA2
:104C00002AF04BA209D04C84000EF86E890EF76E84
:104C10008E0EF66E39EC06F0020E376E4B8899EF69
:104C20002AF04BA209D04C84000EF86E890EF76E64
:104C3000A60EF66E39EC06F0020E376E99EF2AF0EA
:104C40004BA209D04C84000EF86E890EF76EB20E9E
:104C5000F66E39EC06F0020E376E99EF2AF04BA291
:104C600009D04C84000EF86E890EF76EC20EF66EF7
:104C700039EC06F0020E376E99EF2AF04BA209D0FC
:104C80004C84000EF86E890EF76ED80EF66E39EC75
:104C900006F0020E376E99EF2AF04BA209D04C8431
:104CA000000EF86E890EF76EEA0EF66E39EC06F01D
:104CB000020E376E99EF2AF04E9C4BA20AD04C841C
:104CC000000EF86E8A0EF76E040EF66E39EC06F0E2
:104CD0004E8C020E376E4E8A4B8899EF2AF04BA20B
:104CE00009D04C84000EF86E8A0EF76E140EF66E24
:104CF00039EC06F0020E376E99EF2AF04BA209D07C
:104D00004C84000EF86E8A0EF76E220EF66E39ECA9
:104D100006F0020E376E99EF2AF04BA209D04C84B0
:104D2000000EF86E8A0EF76E320EF66E39EC06F053
:104D3000020E376E99EF2AF04E9C4BA20AD04C849B
:104D4000000EF86E8A0EF76E400EF66E39EC06F025
:104D50004E8C020E376E4E8A4B8899EF2AF04BA28A
:104D600009D04C84000EF86E8A0EF76E5E0EF66E59
:104D700039EC06F0020E376E99EF2AF04E9C4BA2EA
:104D80000AD04C84000EF86E8A0EF76E6E0EF66E28
:104D900039EC06F04E8C020E376E4E8A4B8899EF36
:104DA0002AF04BA209D04C84000EF86E8A0EF76EE2
:104DB000820EF66E39EC06F0020E376E99EF2AF08D
:104DC0004BA209D04C84000EF86E8A0EF76E940E3A
:104DD000F66E39EC06F0020E376E99EF2AF04BA210
:104DE00009D04C84000EF86E8A0EF76EA40EF66E93
:104DF00039EC06F0020E376E99EF2AF099EF2AF09F
:104E00004BA209D04C84000EF86E8A0EF76EBA0ED3
:104E1000F66E39EC06F0020E376E99EF2AF04BA2CF
:104E200009D04C84000EF86E8A0EF76EC60EF66E30
:104E300039EC06F0020E376E99EF2AF04BA209D03A
:104E40004C84000EF86E8A0EF76ED40EF66E39ECB6
:104E500006F0020E376E99EF2AF04BA209D04C846F
:104E6000000EF86E8A0EF76EE20EF66E39EC06F062
:104E7000020E376E99EF2AF04BA209D04C84000E37
:104E8000F86E8A0EF76EF20EF66E39EC06F0020E30
:104E9000376E99EF2AF04BA209D04C84000EF86EC1
:104EA0008B0EF76E000EF66E39EC06F0020E376EC2
:104EB00099EF2AF04BA209D04C84000EF86E8B0EAD
:104EC000F76E100EF66E39EC06F0020E376E99EFA3
:104ED0002AF04BA209D04C84000EF86E8B0EF76EB0
:104EE000200EF66E39EC06F0020E376E99EF2AF0BE
:104EF0004BA209D04C84000EF86E8B0EF76E2E0E6E
:104F0000F66E39EC06F0020E376E99EF2AF04BA2DE
:104F100009D04C84000EF86E8B0EF76E480EF66EBC
:104F200039EC06F0020E376E99EF2AF04BA209D049
:104F30004C84000EF86E8B0EF76E560EF66E39EC42
:104F400006F0020E376E99EF2AF04BA209D04C847E
:104F5000000EF86E8B0EF76E640EF66E39EC06F0EE
:104F6000020E376E99EF2AF04BA209D04C84000E46
:104F7000F86E8B0EF76E740EF66E39EC06F0020EBC
:104F8000376E99EF2AF04BA209D04C84000EF86ED0
:104F90008B0EF76E800EF66E39EC06F0020E376E51
:104FA00099EF2AF04BA209D04C84000EF86E8B0EBC
:104FB000F76E920EF66E39EC06F0020E376E99EF30
:104FC0002AF04BA209D04C84000EF86E8B0EF76EBF
:104FD000A20EF66E39EC06F0020E376E99EF2AF04B
:104FE0004BA209D04C84000EF86E8B0EF76EB00EFB
:104FF000F66E39EC06F0020E376E99EF2AF04BA2EE
:1050000009D04C84000EF86E8B0EF76EC60EF66E4D
:1050100039EC06F0020E376E99EF2AF04BA209D058
:105020004C84000EF86E8B0EF76ED60EF66E39ECD1
:1050300006F0020E376E99EF2AF04BA209D04C848D
:10504000000EF86E8B0EF76EE60EF66E39EC06F07B
:10505000020E376E99EF2AF04BA209D04C84000E55
:10506000F86E8B0EF76EF40EF66E39EC06F0020E4B
:10507000376E99EF2AF04BA209D04C84000EF86EDF
:105080008C0EF76E020EF66E39EC06F0020E376EDD
:1050900099EF2AF04BA209D04C84000EF86E8C0ECA
:1050A000F76E180EF66E39EC06F0020E376E99EFB9
:1050B0002AF04BA209D04C84000EF86E8C0EF76ECD
:1050C000260EF66E39EC06F0020E376E99EF2AF0D6
:1050D0004BA209D04C84000EF86E8C0EF76E360E83
:1050E000F66E39EC06F0020E376E99EF2AF04BA2FD
:1050F00009D04C84000EF86E8C0EF76E440EF66EDE
:1051000039EC06F0020E376E99EF2AF04BA209D067
:105110004C84000EF86E8C0EF76E500EF66E39EC65
:1051200006F0020E376E4A8699EF2AF04BA209D09C
:105130004C84000EF86E8C0EF76E780EF66E39EC1D
:1051400006F0020E376E99EF2AF04BA209D04C847C
:10515000000EF86E8C0EF76E860EF66E39EC06F0C9
:10516000020E376E99EF2AF04BA209D04C84000E44
:10517000F86E8C0EF76EA80EF66E39EC06F0020E85
:10518000376E99EF2AF04BA209D04C84000EF86ECE
:105190008C0EF76EB60EF66E39EC06F0020E376E18
:1051A00099EF2AF04BA209D04C84000EF86E8C0EB9
:1051B000F76EC80EF66E39EC06F0020E376E99EFF8
:1051C0002AF04E9C4BA209D04C84000EF86E8C0E37
:1051D000F76ED60EF66E39EC06F0020E376E4E8A7A
:1051E0004B8899EF2AF04BA209D04C84000EF86E40
:1051F0008C0EF76EEE0EF66E39EC06F0020E376E80
:1052000099EF2AF04BA209D04C84000EF86E8C0E58
:10521000F76EFE0EF66E39EC06F0020E376E99EF61
:105220002AF04BA209D04C84000EF86E8D0EF76E5A
:10523000140EF66E39EC06F0020E376E99EF2AF076
:105240004BA209D04C84000EF86E8D0EF76E280E1E
:10525000F66E39EC06F0020E376E99EF2AF04BA28B
:1052600009D04C84000EF86E8D0EF76E3A0EF66E75
:1052700039EC06F0020E376E99EF2AF04BA209D0F6
:105280004C84000EF86E8D0EF76E440EF66E39ECFF
:1052900006F0020E376E99EF2AF04BA209D04C842B
:1052A000000EF86E8D0EF76E500EF66E39EC06F0AD
:1052B000020E376E99EF2AF04BA209D04C84000EF3
:1052C000F86E8D0EF76E580EF66E39EC06F0020E83
:1052D000376E99EF2AF04BA209D04C84000EF86E7D
:1052E0008D0EF76E660EF66E39EC06F0020E376E16
:1052F00099EF2AF04BA209D04C84000EF86E8D0E67
:10530000F76E720EF66E39EC06F0020E376E99EFFC
:105310002AF04BA209D04C84000EF86E8D0EF76E69
:10532000800EF66E39EC06F0020E376E99EF2AF019
:105330004BA209D04C84000EF86E8D0EF76E8C0EC9
:10534000F66E39EC06F0020E376E99EF2AF04BA29A
:1053500009D04C84000EF86E8D0EF76E980EF66E26
:1053600039EC06F0020E376E99EF2AF04BA209D005
:105370004C84000EF86E8D0EF76EA20EF66E39ECB0
:1053800006F0020E376E99EF2AF04BA209D04C843A
:10539000000EF86E8D0EF76EB40EF66E39EC06F058
:1053A000020E376E99EF2AF04BA209D04C84000E02
:1053B000F86E8D0EF76EBE0EF66E39EC06F0020E2C
:1053C000376E99EF2AF04BA209D04C84000EF86E8C
:1053D0008D0EF76ECE0EF66E39EC06F0020E376EBD
:1053E00099EF2AF04BA209D04C84000EF86E8D0E76
:1053F000F76EDE0EF66E39EC06F0020E376E99EFA0
:105400002AF04BA209D04C84000EF86E8D0EF76E78
:10541000EE0EF66E39EC06F0020E376E99EF2AF0BA
:105420004BA209D04C84000EF86E8D0EF76EFA0E6A
:10543000F66E39EC06F0020E376E99EF2AF099EF0E
:105440002AF04BA209D04C84000EF86E8E0EF76E37
:10545000080EF66E39EC06F0020E376E99EF2AF060
:105460004BA209D04C84000EF86E8E0EF76E140E0F
:10547000F66E39EC06F0020E376E99EF2AF04BA269
:1054800009D04C84000EF86E8E0EF76E200EF66E6C
:1054900039EC06F0020E376E99EF2AF04BA209D0D4
:1054A0004C84000EF86E8E0EF76E2C0EF66E39ECF4
:1054B00006F0020E376E99EF2AF04BA209D04C8409
:1054C000000EF86E8E0EF76E380EF66E39EC06F0A2
:1054D000020E376E99EF2AF04BA209D04C84000ED1
:1054E000F86E8E0EF76E440EF66E39EC06F0020E74
:1054F000376E99EF2AF04BA209D04C84000EF86E5B
:105500008E0EF76E500EF66E39EC06F0020E376E08
:1055100099EF2AF04BA209D04C84000EF86E8E0E43
:10552000F76E5C0EF66E39EC06F0020E376E99EFF0
:105530002AF030C031F0120002C7E8FF006EF4C15B
:10554000E8FF001804E000C0F4F1040E376E12000A
:1055500002C7E8FF240A16E1000EF86E7B0EF76E14
:10556000160EF66E39EC06F0000EE8CF0AF305C70A
:10557000E8FFD00FE8CF0BF306C7E8FFD00FE8CF66
:105580000CF30DD0000EE8CF0AF304C7E8FFD00FEC
:10559000E8CF0BF305C7E8FFD00FE8CF0CF3530EAD
:1055A0000AEC06F0BCEC05F00EC300F0000EFB6E3A
:1055B000550EFA6E0044016EC20E0124D8B0FA2ACC
:1055C000F96E17D01AD01DD020D023D026D029D0E4
:1055D0002CD02FD032D035D03ED04AD056D062D049
:1055E0006ED07AD086D092D09ED0AAD0B6D0B5D088
:1055F000C0D0300E0AEC06F0BCD0310E0AEC06F03A
:10560000B8D0320E0AEC06F0B4D0330E0AEC06F035
:10561000B0D0340E0AEC06F0ACD0350E0AEC06F031
:10562000A8D0360E0AEC06F0A4D0370E0AEC06F02D
:10563000A0D0380E0AEC06F09CD0390E0AEC06F029
:1056400098D0390E0AEC06F02B0E0AEC06F0350E57
:105650000AEC06F08ED0390E0AEC06F02B0E0AEC9E
:1056600006F0310E0AEC06F0300E0AEC06F081D09E
:10567000390E0AEC06F02B0E0AEC06F0310E0AEC9D
:1056800006F0350E0AEC06F074D0390E0AEC06F07E
:105690002B0E0AEC06F0320E0AEC06F0300E0AEC85
:1056A00006F067D0390E0AEC06F02B0E0AEC06F075
:1056B000320E0AEC06F0350E0AEC06F05AD0390E1E
:1056C0000AEC06F02B0E0AEC06F0330E0AEC06F09C
:1056D000300E0AEC06F04DD0390E0AEC06F02B0E17
:1056E0000AEC06F0330E0AEC06F0350E0AEC06F072
:1056F00040D0390E0AEC06F02B0E0AEC06F0340E00
:105700000AEC06F0300E0AEC06F033D0390E0AEC43
:1057100006F02B0E0AEC06F0340E0AEC06F0350EFD
:105720000AEC06F026D0390E0AEC06F02B0E0AEC35
:1057300006F0350E0AEC06F0300E0AEC06F019D031
:10574000390E0AEC06F02B0E0AEC06F0350E0AECC8
:1057500006F0350E0AEC06F00CD0390E0AEC06F015
:105760002B0E0AEC06F0360E0AEC06F0300E0AECB0
:1057700006F00D0E0AEC06F0120004C7E8FF300A2E
:1057800006E103C7E8FF300AD8B40EEF2CF0000E94
:10579000E8CF0AF303C7E8FFD00FE8CF0BF304C745
:1057A000E8FFD00FE8CF0CF3BCEC05F00EC33FF0E0
:1057B00017EE05F021EEC0F03CC03DF03FC041F0D7
:1057C000E650006E3C5000C0DBFF3C2A300E3C1817
:1057D000D8B43C6A412EF4D73FC041F0406A3D50F6
:1057E0004024006E402A300E006002D0005002D0EB
:1057F000D00E0024DBCFE8FF006EC60F0A0FD8B032
:105800004E88200E0018D8B44E862A0E0018D8B440
:105810004E864EB60FEC2CF0412EE1D712004050D0
:105820003D26300E3D18D8B43D6A3E503D6403D04D
:105830003D5C426E06D0300E006E3E50005C3D2452
:10584000426E3E50DB50006E3E2A300E3E18D8B4F9
:105850003E6A2A0E001807E100501B660AEC06F0AB
:10586000200E006E1FD05F0E001804E10D0E0AEC32
:1058700006F018D02F0E001815E1200E0AEC06F0E5
:10588000530E0AEC06F06C0E0AEC06F0610E0AEC00
:1058900006F0730E0AEC06F0680E0AEC06F0200E15
:1058A0000AEC06F000500AEC06F04EA809D00050B1
:1058B000410A03E1270E0AEC06F00D0E0AEC06F091
:1058C000422EBFD70D0E0AEC06F04E964E98406A57
:1058D0001200000EF86E7C0EF76EF40EF66E39ECC8
:1058E00006F005C7E8FF300A1AE004C7E8FF320AED
:1058F00009E1000EF86E7A0EF76E220EF66E39ECA4
:1059000006F015D004C7E8FF340A11E1000EF86E66
:105910007A0EF76E300EF66E39EC06F008D0000EF7
:10592000F86E770EF76E580EF66E39EC06F0120030
:10593000000EF86E7B0EF76EF80EF66E39EC06F080
:1059400005C7E8FF300A10E002C7E8FF0AEC06F0DE
:1059500003C7E8FF0AEC06F004C7E8FF0AEC06F00C
:10596000570E0AEC06F013D002C7E8FF0AEC06F067
:1059700003C7E8FF0AEC06F02E0E0AEC06F004C797
:10598000E8FF0AEC06F0570E0AEC06F000D00D0E08
:105990000AEC06F01200020E2D6EE350240A09E113
:1059A000000EF86E7B0EF76E160EF66E39EC06F0F2
:1059B0002D2A000EF86E7C0EF76E1C0EF66E39EC7A
:1059C00006F04DA21FD02D2A2D50E350300A06E1DB
:1059D0002D062D50E350300A1AE02D2A2D062D50A9
:1059E000E3500AEC06F02D2A2D50E3500AEC06F0A5
:1059F000440E0AEC06F0420E0AEC06F00D0E0AEC1C
:105A000006F016D02D2A2D50E350300A09E1000E81
:105A1000F86E770EF76E580EF66E39EC06F008D079
:105A2000000EF86E770EF76E640EF66E39EC06F027
:105A30001200020E2D6EE350240A09E1000EF86EEA
:105A40007B0EF76E160EF66E39EC06F02D2A2D50F1
:105A5000E350300A09E1000EF86E770EF76E580E2B
:105A6000F66E39EC06F008D0000EF86E770EF76E81
:105A7000640EF66E39EC06F0120002C7E8FF240A45
:105A80001DE1000EF86E7B0EF76E160EF66E39EC09
:105A900006F0000EF86E7B0EF76E720EF66E39ECA5
:105AA00006F003C7E8FF0AEC06F004C7E8FF0AECBB
:105AB00006F005C7E8FF0AEC06F014D0000EF86EF9
:105AC0007B0EF76E720EF66E39EC06F002C7E8FF39
:105AD0000AEC06F003C7E8FF0AEC06F004C7E8FF8B
:105AE0000AEC06F00D0E0AEC06F01200000EF86E3D
:105AF0007B0EF76E7C0EF66E39EC06F002C7E8FFFF
:105B00000AEC06F00D0E0AEC06F0120002C7E8FFE0
:105B10000AEC06F003C7E8FF0AEC06F004C7E8FF4A
:105B20000AEC06F00D0E0AEC06F01200000EF86EFC
:105B30007B0EF76E920EF66E39EC06F002C7E8FFA8
:105B40000AEC06F003C7E8FF0AEC06F004C7E8FF1A
:105B50000AEC06F00D0E0AEC06F012001AEC05F045
:105B60004C9C02C7E8FF240A11E14C8C000EF86E31
:105B70007B0EF76E160EF66E39EC06F003C702F7D1
:105B800004C703F705C704F706C705F717EE02F0C9
:105B900021EEA8F0040E2E6E1DEC03F04AA82AD0C8
:105BA000000EF86E7B0EF76EB60EF66E39EC06F050
:105BB00002C7E8FF0AEC06F003C7E8FF0AEC06F0AC
:105BC0002E0E0AEC06F004C7E8FF0AEC06F005C743
:105BD000E8FF300A04E005C7E8FF0AEC06F00D0E06
:105BE0000AEC06F002C7A8F103C7A9F104C7AAF19D
:105BF00005C7ABF1120003C7F5F104C7F6F105C7FD
:105C0000F7F106C7F8F1440EE8CFB0F1420EE8CF45
:105C1000B1F13B0EE8CFB2F116EC34F04EA216D043
:105C200002C7E8FF4C0A0DE002C7E8FF480A09E096
:105C300002C7E8FF460A05E002C7E8FF420A01E0A2
:105C400005D01AEC05F081EC1CF038D0F5C103F753
:105C5000F6C104F7F7C105F7F8C106F717EE03F030
:105C600021EEA4F0040E2E6E1DEC03F04AA826D0FF
:105C70002C0E0AEC06F0000EF86E7C0EF76EFE0E8F
:105C8000F66E39EC06F003C7E8FF0AEC06F004C72D
:105C9000E8FF0AEC06F005C7E8FF0AEC06F006C7C5
:105CA000E8FF0AEC06F00D0E0AEC06F003C7A4F1BB
:105CB00004C7A5F105C7A6F106C7A7F11200000E9B
:105CC000F86E7B0EF76ED00EF66E39EC06F002C75A
:105CD000E8FF0AEC06F003C7E8FF0AEC06F004C789
:105CE000E8FF0AEC06F00D0E0AEC06F01200000EBA
:105CF000F86E7B0EF76EC40EF66E39EC06F002C736
:105D0000E8FF0AEC06F003C7E8FF0AEC06F004C758
:105D1000E8FF0AEC06F00D0E0AEC06F01200000E89
:105D2000F86E7B0EF76EDE0EF66E39EC06F002C7EB
:105D3000E8FF0AEC06F003C7E8FF0AEC06F004C728
:105D4000E8FF0AEC06F00D0E0AEC06F0120002C79E
:105D5000E8FF240A1DE1000EF86E7B0EF76E160EAA
:105D6000F66E39EC06F0000EF86E820EF76E660ED7
:105D7000F66E39EC06F003C7E8FF0AEC06F004C73C
:105D8000E8FF0AEC06F005C7E8FF0AEC06F014D0BD
:105D9000000EF86E820EF76E660EF66E39EC06F0A7
:105DA00002C7E8FF0AEC06F003C7E8FF0AEC06F0BA
:105DB00004C7E8FF0AEC06F00D0E0AEC06F012002C
:105DC000020E2D6EE350240A09E1000EF86E7B0EE0
:105DD000F76E160EF66E39EC06F02D2A000EF86EF0
:105DE0007B0EF76EEE0EF66E39EC06F02D50E3509A
:105DF000300A09E1000EF86E770EF76E580EF66E57
:105E000039EC06F00FD02D50E350320A03E1320E88
:105E10000AEC06F0000EF86E770EF76E640EF66E62
:105E200039EC06F012000E01C6914A94CE6ACD6A92
:105E3000CE91C681120005EC05F0000EFB6E5E0EE1
:105E4000FA6E0444016E500E0124D8B0FA2AF96E9D
:105E500010D030D056D074D0B6D0D8D000D122D106
:105E600058D179D195D1B3D1E4D100D226D25CD228
:105E7000120048BE12D049AA03D059EC09F0A8D2AA
:105E800049B808D049B603D084EC0BF0A1D2E4ECB9
:105E900015F09ED24BEC0CF09BD249BA91D249B886
:105EA00008D049B603D0B2EC0BF092D275EC16F0E4
:105EB0008FD286D248BE14D049AA03D059EC09F03B
:105EC00087D249B80AD049B604D0499E6AEC0BF093
:105ED0007FD2498E6AEC0BF07BD25EEC0AF078D26E
:105EE00049BA6ED249B80AD049B604D0499E50EC9E
:105EF0000BF06ED2498E50EC0BF06AD2C7EC0AF070
:105F000067D248BE10D049AA03D059EC09F060D23C
:105F100049B808D049B603D092EC34F059D292EC8B
:105F200007F056D24DD249BA4BD249B808D049B63B
:105F300003D0DBEC07F04CD249EC07F049D240D259
:105F400048BE2CD049BA3CD249B61BD049A80CD087
:105F500000D049964998000EF86E780EF76ED40E70
:105F6000F66E39EC06F037D249864998000EF86E85
:105F7000780EF76EC20EF66E39EC06F0CBEC04F03C
:105F80002AD249884996000EF86E780EF76ECA0E2E
:105F9000F66E39EC06F0CBEC04F01DD249BA10D203
:105FA00049B60ED249B80CD247820FC000F0000E9D
:105FB0000F6E4688458430EC37F04698459400C013
:105FC0000FF0479205D248BE12D049AA03D059EC2F
:105FD00009F0FED149B80AD049B604D04E9416EC67
:105FE00012F0F6D14E944EEC12F0F2D1E9D149BA4A
:105FF000E7D149B80AD049B604D04E8416EC12F065
:10600000E7D14E844EEC12F0E3D1DAD148BE0ED087
:1060100049AA03D059EC09F0DBD149B806D049B6FA
:1060200003D034EC0CF0D4D1CBD1CAD149BAC8D109
:1060300049B808D049B603D012EC13F0C9D151ECDD
:1060400013F0C6D1000EF86E8F0EF76E400EF66E8E
:1060500039EC06F04E8E51EC13F04E9EB9D148BE8D
:1060600012D049AA03D059EC09F0B2D149B80AD0EC
:1060700049B604D04E94E3EC0BF0AAD14E94C4EC94
:1060800016F0A6D19DD149BA9BD149B80AD049B6DC
:1060900004D04E84E3EC0BF09BD14E84C4EC16F09C
:1060A00097D18ED148BE1ED049B81BD049B618D062
:1060B00049BA0CD0498A000EF86E7D0EF76E760E46
:1060C000F66E39EC06F0CBEC04F085D1499A000E5F
:1060D000F86E7D0EF76E7C0EF66E39EC06F078D118
:1060E0006FD16ED149BA6CD149B812D049B60FD030
:1060F00047800FC000F0000E0F6E4688458430ECDC
:1061000037F04698459400C00FF0479061D158D1C0
:1061100057D148BE11D049AA03D059EC09F058D143
:1061200049B809D049B604D04E9482EC0EF050D153
:1061300048EC08F04DD144D149BA42D149B80AD00F
:1061400049B604D04E8482EC0EF042D14E8407EC66
:1061500009F03ED135D148BE10D049AA03D059EC40
:1061600009F036D149B808D049B603D0E9EC0FF0B0
:106170002FD112EC0DF02CD123D149BA21D149B83D
:1061800006D049B603D020EC0EF022D119D118D197
:1061900048BE10D049AA03D059EC09F019D149B82A
:1061A00008D049B603D05CEC11F012D145EC0AF0EE
:1061B0000FD106D149BA04D149B808D049B603D0A5
:1061C00037EC12F005D137EC0EF002D1F9D048BE11
:1061D00019D049AA01D0F4D049B813D049B610D08B
:1061E00047800FC000F00C0E0F6E4688458430ECDF
:1061F00037F04698459400C00FF04790479AE8D092
:10620000DFD0DED049BADCD049B812D049B60FD0C1
:10621000000EF86E780EF76E4E0EF66E39EC06F044
:10622000456A4584468830EC37F04698C6D0C8D0D9
:10623000C7D048BE0FD049AA01D0C2D049B809D0B2
:1062400049B604D04E94E7EC12F0C2D02CEC0AF020
:10625000BFD0B6D049BAB4D049B807D049B604D0F7
:106260004E84E7EC12F0B4D0ABD0AAD048BE14D024
:1062700049AA03D059EC09F0ABD049B809D049B6C6
:1062800004D04E9429EC0DF0A3D06FEC12F0A0D006
:106290004E948EEC08F09CD049BA92D049B809D0FF
:1062A00049B604D04E8429EC0DF092D076EC15F06E
:1062B0008FD04E848EEC08F08BD048BE28D049AAEF
:1062C00001D07ED049B822D049B615D04CBE07D0F7
:1062D000000EF86E7B0EF76E6A0EF66E06D0000E9C
:1062E000F86E7B0EF76E6E0EF66E39EC06F0036AF2
:1062F000456A458262D0000EF86E780EF76E9A0EEF
:10630000F66E39EC06F0B0EC33F062D059D049BAF1
:1063100057D049B808D049B603D09FEC15F058D0F3
:10632000E1EC33F055D04CD048BE18D049AA01D08A
:1063300047D049B812D049B60FD047800FC000F0FF
:106340000B0E0F6E4688458430EC37F04698459426
:1063500000C00FF047903CD00AD032D049BA30D0BC
:1063600049B810D049B603D0EEEC36F031D0000E6B
:10637000F86E7E0EF76E680EF66E39EC06F0456A22
:10638000458A26D04DB203D04DB00CD019D0000EA6
:10639000F86E820EF76E040EF66E39EC06F04D8044
:1063A0004D9216D0000EF86E820EF76E080EF66E45
:1063B00039EC06F04D824D900BD0CBEC04F008D0B8
:1063C000000EF86E770EF76ECE0EF66E39EC06F014
:1063D00049964998499A046A0E01C699000112002B
:1063E000000EFB6E630EFA6E0444016EF60E01247D
:1063F000D8B0FA2AF96E10D01DD02AD037D03DD0AF
:106400004AD057D064D06CD079D086D093D09BD06E
:10641000B2D0BFD0E5D01200000EF86E760EF76E47
:10642000320EF66E39EC06F0032A310E046EC7EC1C
:1064300034F0E4D0000EF86E760EF76E360EF66E7F
:1064400039EC06F0032A320E046EC7EC34F0D6D0D5
:10645000000EF86E760EF76E3A0EF66E39EC06F018
:10646000032A330E046EC7EC34F0C8D0000EF86E69
:10647000770EF76ECE0EF66EC1D0000EF86E760E69
:10648000F76E420EF66E39EC06F0032A340E046EF7
:10649000C7EC34F0B3D0000EF86E760EF76E460EF1
:1064A000F66E39EC06F0032A350E046EC7EC34F0B4
:1064B000A5D0000EF86E760EF76E4A0EF66E39EC29
:1064C00006F0032A360E046EC7EC34F097D0000EA7
:1064D000F86E770EF76ECE0EF66E39EC06F08ED0B3
:1064E000000EF86E760EF76E520EF66E39EC06F070
:1064F000032A370E046EC7EC34F080D0000EF86E1D
:10650000760EF76E560EF66E39EC06F0032A380E4C
:10651000046EC7EC34F072D0000EF86E760EF76E93
:106520005A0EF66E39EC06F0032A390E046EC7ECEB
:1065300034F064D0000EF86E770EF76ECE0EF66E65
:1065400039EC06F05BD008664BD0060E031807E165
:10655000000EF86E770EF76ECE0EF66E4FD0000E70
:10656000F86E760EF76E680EF66E39EC06F003C024
:1065700008F0082A43D0000EF86E760EF76E700E03
:10658000F66E39EC06F0032A300E046EC7EC34F0D8
:1065900035D00352D8A416D04CBE0AD0000EF86EE7
:1065A0007B0EF76E6E0EF66E39EC06F04C8E26D032
:1065B000000EF86E7B0EF76E6A0EF66E39EC06F082
:1065C0004C9E1CD0000EF86E760EF76E7C0EF66EAA
:1065D00039EC06F0456A458002EC33F0036A10D0CE
:1065E000000EF86E780EF76EA20EF66E39EC06F01D
:1065F000456A4580486A036A086A02D0CBEC04F019
:10660000046A1200300E006E01EE30F003C025F077
:106610000852D8B404D0081C070F076E61D0030ECF
:10662000031824E1000EEB50390A20E1010EEB5073
:10663000390A1CE1020EEB50390A18E1320ED4EC93
:1066400005F0000EF86E790EF76EC20EF66E39EC9C
:1066500006F0C80ED4EC05F0F29EF29CE4EC3AF0A1
:10666000F5EC3AF0C80ED4EC05F0FF00030E031869
:1066700018E1000EEB50370A14E1010EEB50370A17
:1066800010E1020EEB50370A0CE1320ED4EC05F0AB
:10669000000EF86E8F0EF76E5A0EF66E39EC06F09D
:1066A0005ED0040E076E010E03181AE0030E076E8B
:1066B000020E031815E0020E076E030E031810E019
:1066C000040E076E040E03180BE0030E076E050E92
:1066D000031806E0020E076E060E031801E03FD015
:1066E00025062550EBCF2AF000C0EBFF07242AC077
:1066F000EBFF2552D8A4F4D7460E9CEC02F0410ED5
:106700004CBE420E9CEC02F04CAE48844CBE488617
:106710000B0E256E076A01EE30F00750EBCFE8FF55
:106720009CEC02F0072A252EF6D73B0E9CEC02F0DB
:10673000086A30C1A1F531C1A2F532C1A3F533C158
:10674000A4F534C1A5F535C1A6F536C1A7F537C105
:10675000A8F538C1A9F539C1AAF53AC1ABF51200BF
:106760004AA4FED726EC03F0D3EC05F0A1C5E8FF60
:10677000000A09E1000EF86E7B0EF76E540EF66EFD
:1067800039EC06F01DD0460E9CEC02F0410E4CBEDA
:10679000420E9CEC02F04CAE48844CBE48860B0E78
:1067A000256E076A05EEA1F00750EBCFE8FF9CECE1
:1067B00002F0072A252EF6D73B0E9CEC02F0086A61
:1067C00012004AA4FED726EC03F0D3EC05F0460EE7
:1067D000E8CFB0F1410E4CBE420EE8CFB1F13B0E16
:1067E000E8CFB2F116EC34F04EA21ED002C7A1F5EC
:1067F00003C7A2F504C7A3F505C7A4F506C7A5F509
:1068000007C7A6F508C7A7F509C7A8F50AC7A9F5D8
:106810000BC7AAF50CC7ABF5000EF86E780EF76E35
:10682000920EF66E39EC06F02B6A1200F6EC04F0CC
:106830004E92498011EEB0F0180E2B6EE6CF43F069
:1068400043509CEC02F043503B0A0CE02B06D8A4CA
:10685000F5D7000EF86E7A0EF76E8A0EF66E39ECEA
:1068600006F02AD026EC03F05DEC34F049A024D0E9
:1068700000C743F0B0C1E8FF431807E101C743F088
:10688000B1C1E8FF431801E103D085EC05F0D2D790
:1068900000C743F0440A0FE101C743F0530A0BE17C
:1068A00017EE02F0080E2E6EE650400A04E12E2E7E
:1068B000FBD74984BFD74E82120046968E50000007
:1068C0000F01126B0E01C289000149902B6A205002
:1068D0003B6E2B6604D0DCEC04F046B613D04EECD5
:1068E00003F047BE09D017EE00F02B5009C0E3FFBC
:1068F0002B2A09503B0A14E04BA0EBD726EC03F0FF
:106900003B2EE7D71AEC05F0000EF86E780EF76E06
:10691000F60EF66E39EC06F020503B6E4B8001D03F
:10692000498012004AA4FED726EC03F0D3EC05F010
:1069300085EC05F0490EE8CFB0F1460EE8CFB1F195
:106940003B0EE8CFB2F116EC34F04EA21FD017EE9A
:1069500002F021EE80F0210E2E6EE650DE6E2E2E1D
:10696000FCD785EC05F02B6A9EC100F0000EF86E96
:106970007C0EF76E3A0EF66E39EC06F0310E001A08
:1069800003E140EC07F002D037EC07F012000350AF
:10699000010A08E10B0E256E300E01EE30F0EE6EAE
:1069A000252EFDD70C0E031804E10306CBEC04F0F2
:1069B00006D001EE30F00350E80604C0EBFF1200F1
:1069C00001C7E8FF410A02E1489C0FD001C7E8FF78
:1069D000420A02E1488C09D0000EF86E7A0EF76E7A
:1069E000CE0EF66E39EC06F0E1D044C0E8FF020AA4
:1069F00002E147BC3FD048B402D048A60CD017EE05
:106A000002F021EE3CF048BC21EE48F0E0EC35F01D
:106A10004AA0CCD02FD04AA400D048B22ED047BA3A
:106A20002CD017EE02F021EE3CF048BC21EE48F0ED
:106A3000E0EC35F04AA0BAD01C52D8B49AD00E017E
:106A4000C6B906D0000148AC488848BC488A0FD077
:106A5000000148AC01D003D048AA09D002D048A810
:106A600006D00E01C69900014898489A82D033ECAE
:106A700003F07FD0000E1B647CD0479A17EE02F023
:106A8000300EE66209D0E6620BD0E6620DD0E66217
:106A90000FD0E66211D014D002C7E8FF0AEC06F06E
:106AA00003C7E8FF0AEC06F004C7E8FF0AEC06F0AB
:106AB00005C7E8FF0AEC06F006C7E8FF0AEC06F097
:106AC0002E0E0AEC06F007C7E8FF0AEC06F008C72E
:106AD000E8FF0AEC06F009C7E8FF0AEC06F017EE3B
:106AE0000CF0300EE56205D0E5621FD0E56232D0D1
:106AF0003ED0640E0AEC06F06F0E0AEC06F0740E3F
:106B00000AEC06F00AC7E8FF0AEC06F0200E0AECD1
:106B100006F00BC7E8FF0AEC06F0200E0AEC06F0C0
:106B20000CC7E8FF0AEC06F022D0640E0AEC06F06F
:106B30006F0E0AEC06F0740E0AEC06F00AC7E8FFC6
:106B40000AEC06F0200E0AEC06F00BC7E8FF0AEC90
:106B500006F00DD0640E0AEC06F06F0E0AEC06F09B
:106B6000740E0AEC06F00AC7E8FF0AEC06F021EC06
:106B700005F017EE02F021EE3CF048BC21EE48F0A3
:106B8000E6CFDEFFE6CFDEFFE6CFDEFFE6CFDEFFBD
:106B9000E6CFDEFFE6CFDEFFE6CFDEFFE6CFDEFFAD
:106BA000E6CFDEFFE6CFDEFFE6CFDEFF4A9048AC61
:106BB000489448BC489647AC02D048BC479C120059
:106BC0004A90E650DE621FD0E650DE621CD0E650EE
:106BD000DE6219D0E650DE6216D0E650DE6213D0D7
:106BE000E650DE6210D0E650DE620DD0E650DE6286
:106BF0000AD0E650DE6207D0E650DE6204D0E650EE
:106C0000DE6201D001D04A801200000EFB6E6C0ED5
:106C1000FA6E0444016E200E0124D8B0FA2AF96EEF
:106C200010D013D016D019D01CD01FD022D025D010
:106C300028D02BD02ED031D034D037D03AD03DD040
:106C4000120056D863D896D84DD052D85FD89FD866
:106C500049D04ED85BD8A8D845D04AD857D8B1D853
:106C600041D046D860D886D83DD042D85CD88FD89D
:106C700039D03ED858D898D835D03AD854D8A1D899
:106C800031D036D85DD876D82DD032D859D87FD8E3
:106C900029D02ED855D888D825D02AD851D891D8DF
:106CA00021D026D85AD866D81DD022D856D86FD829
:106CB00019D01ED852D878D815D005EC05F048BEAA
:106CC00004D016D84AD87DD80DD0000EF86E7E0EAE
:106CD000F76E820EF66E39EC06F0456A4580486A1A
:106CE000036A04D009EC06F0CBEC04F0046A12004D
:106CF000010E0AEC06F02150300F0AEC06F0300EBF
:106D00000AEC06F04A0E0AEC06F01200300E0AEC0D
:106D100006F0360E0AEC06F0390E0AEC06F0370ED5
:106D20000AEC06F01200300E0AEC06F0370E0AEC00
:106D300006F0370E0AEC06F0300E0AEC06F01200F0
:106D4000300E0AEC06F0380E0AEC06F0350E0AECAE
:106D500006F0320E0AEC06F01200300E0AEC06F0D5
:106D6000390E0AEC06F0340E0AEC06F0310E0AEC8D
:106D700006F01200310E0AEC06F0320E0AEC06F0B4
:106D8000300E0AEC06F0390E0AEC06F01200310E55
:106D90000AEC06F0330E0AEC06F0330E0AEC06F0AD
:106DA000360E0AEC06F01200310E0AEC06F0340E34
:106DB0000AEC06F0370E0AEC06F0370E0AEC06F085
:106DC0001200310E0AEC06F0360E0AEC06F0330E15
:106DD0000AEC06F0330E0AEC06F0120046AC0DD0B9
:106DE000000EF86E790EF76E060EF66E39EC06F0B0
:106DF000226A06EC03F0469C0CD0000EF86E790E69
:106E0000F76E0E0EF66E39EC06F0228011EC03F0F0
:106E1000468C010E3B6E4B8043EC03F00E01C69195
:106E2000C695C699CA9BCE91CE95CE990F01126B8D
:106E30000001036A46904692236A49964998499A06
:106E4000120047B0260647B2262A2628285CD8B466
:106E500029C026F02928266028C026F026501200D6
:106E6000000EFB6E6E0EFA6E0F44016E760E01245C
:106E7000D8B0FA2AF96E14D03CD064D08CD0B4D0FB
:106E8000DCD004D12CD154D17FD1A5D1D1D1F7D12F
:106E90001DD238D25ED284D29FD2BAD2E0D21200B2
:106EA00010C026F0090E296E21EC37F0106E010E8D
:106EB0000AEC06F010C0E8FFADEC06F0560E0AEC46
:106EC00006F00D0E0AEC06F046A808D0000EF86E8B
:106ED000760EF76E880EF66E39EC06F045A456EF86
:106EE0003AF01050ADEC06F00D0E0AEC06F056EF3D
:106EF0003AF011C026F00D0E296E21EC37F0116E1C
:106F0000010E0AEC06F011C0E8FFADEC06F0530EDE
:106F10000AEC06F00D0E0AEC06F046A808D0000EAA
:106F2000F86E760EF76E920EF66E39EC06F045A40A
:106F300056EF3AF01150ADEC06F00D0E0AEC06F0EB
:106F400056EF3AF012C026F0630E296E21EC37F0AE
:106F5000126E010E0AEC06F012C0E8FFADEC06F06E
:106F6000500E0AEC06F00D0E0AEC06F046A808D00A
:106F7000000EF86E760EF76E9A0EF66E39EC06F08D
:106F800045A456EF3AF01250ADEC06F00D0E0AECA7
:106F900006F056EF3AF013C026F0090E296E21ECE8
:106FA00037F0136E010E0AEC06F013C0E8FFADECEB
:106FB00006F0410E0AEC06F00D0E0AEC06F046A8AB
:106FC00008D0000EF86E760EF76EA20EF66E39EC53
:106FD00006F045A456EF3AF01350ADEC06F00D0E56
:106FE0000AEC06F056EF3AF014C026F0090E296EAE
:106FF00021EC37F0146E010E0AEC06F014C0E8FF25
:10700000ADEC06F0450E0AEC06F00D0E0AEC06F0AB
:1070100046A808D0000EF86E760EF76EB20EF66E29
:1070200039EC06F045A456EF3AF01450ADEC06F0FA
:107030000D0E0AEC06F056EF3AF015C026F0090ED8
:10704000296E21EC37F0156E010E0AEC06F015C022
:10705000E8FFADEC06F0520E0AEC06F00D0E0AEC5D
:1070600006F046A808D0000EF86E760EF76EC00E39
:10707000F66E39EC06F045A456EF3AF01550ADEC3B
:1070800006F00D0E0AEC06F056EF3AF016C026F0A8
:10709000630E296E21EC37F0166E010E0AEC06F035
:1070A00016C0E8FFADEC06F0460E0AEC06F00D0E39
:1070B0000AEC06F046A808D0000EF86E760EF76EC1
:1070C000CA0EF66E39EC06F045A456EF3AF01650AB
:1070D000ADEC06F00D0E0AEC06F056EF3AF017C0D4
:1070E00026F0020E296E21EC37F0176E010E0AEC25
:1070F00006F017C0E8FFADEC06F0580E0AEC06F0FB
:107100000D0E0AEC06F046A808D0000EF86E760EBA
:10711000F76EDE0EF66E39EC06F045A456EF3AF047
:107120001750ADEC06F00D0E0AEC06F056EF3AF0F3
:1071300018C026F00A0E296E21EC37F0186E010EE9
:107140000AEC06F018C0E8FFADEC06F04F0E0AECB2
:1071500006F00D0E0AEC06F046A808D0000EF86EF8
:10716000760EF76EE60EF66E39EC06F045A456EF95
:107170003AF01850ADEC06F00D0E0AEC06F045B4EE
:1071800058EC3AF056EF3AF019C026F0010E296E8D
:1071900021EC37F0196E46A808D0000EF86E760E76
:1071A000F76EEE0EF66E39EC06F045A47FD1196647
:1071B00009D0000EF86E770EF76E580EF66E39ECA9
:1071C00006F074D1000EF86E770EF76E640EF66E50
:1071D00039EC06F06BD11AC026F01E0E296E040E93
:1071E000286E21EC37F01A6E040A02E0468401D0C2
:1071F000469446A808D0000EF86E770EF76E080E7B
:10720000F66E39EC06F045A451D11A50040A09E192
:10721000000EF86E770EF76E580EF66E39EC06F02B
:1072200045D11A50ADEC06F00D0E0AEC06F03ED139
:107230001BC026F0010E296E21EC37F01B6E46A80C
:1072400008D0000EF86E770EF76E200EF66E39EC51
:1072500006F045A42BD11B6609D0000EF86E770E00
:10726000F76E580EF66E39EC06F020D1000EF86E6F
:10727000770EF76E640EF66E39EC06F017D11CC06F
:1072800026F0010E296E21EC37F01C6E46A808D0BE
:10729000000EF86E7A0EF76E980EF66E39EC06F068
:1072A00045A404D11C6609D0000EF86E770EF76E67
:1072B000580EF66E39EC06F0F9D0000EF86E770E27
:1072C000F76E640EF66E39EC06F0F0D01DC026F0B5
:1072D000320E296E0C0E286E21EC37F01D6E46A87A
:1072E00008D0000EF86E7A0EF76EB00EF66E39EC1E
:1072F00006F045A4DBD01D50ADEC06F00D0E0AECF7
:1073000006F0D4D01EC026F0010E296E21EC37F015
:107310001E6E46A808D0000EF86E7A0EF76EE40EC8
:10732000F66E39EC06F045A4C1D01E6609D0000EF9
:10733000F86E770EF76E580EF66E39EC06F0B6D092
:10734000000EF86E770EF76E640EF66E39EC06F0EE
:10735000ADD01FC026F0010E296E21EC37F01F6E54
:1073600046A808D0000EF86E7B0EF76E000EF66E83
:1073700039EC06F045A49AD01F6609D0000EF86ECD
:10738000770EF76E580EF66E39EC06F08FD0000EC1
:10739000F86E770EF76E640EF66E39EC06F086D056
:1073A00020C026F0140E296E050E286E21EC37F051
:1073B000206E46A808D0000EF86E770EF76E2C0EE1
:1073C000F66E39EC06F045A471D02050ADEC06F015
:1073D0000D0E0AEC06F06AD021C026F0050E296ECB
:1073E000010E286E21EC37F0216E46A808D0000E61
:1073F000F86E7E0EF76E6E0EF66E39EC06F045A452
:1074000055D02150ADEC06F00D0E0AEC06F04ED032
:1074100022C026F0010E296E21EC37F0226E46A81C
:1074200008D0000EF86E790EF76E160EF66E39EC77
:1074300006F045A43BD0226609D0000EF86E790E06
:10744000F76E060EF66E39EC06F030D0000EF86ED0
:10745000790EF76E0E0EF66E39EC06F027D023C0CB
:1074600026F0010E296E21EC37F0236E45A41ED0C4
:10747000236609D0000EF86E790EF76E460EF66E92
:1074800039EC06F013D0000EF86E790EF76E240E6C
:10749000F66E39EC06F00AD045A408D0000EF86E5E
:1074A000770EF76ECE0EF66E39EC06F0286A1200F3
:1074B000050E136E050E146E156A010E176E000E82
:1074C000FB6E740EFA6E1844016ED40E0124D8B00F
:1074D000FA2AF96E0BD00FD019D01FD029D02FD097
:1074E00039D043D04BD051D057D01200320E126E4B
:1074F000320E166E57D00A0E126E040E136E060E62
:10750000146E030E156E280E166E4CD0280E126ED9
:107510002E0E166E000E176E45D03C0E126E060E25
:10752000136E040E146E340E166E020E176E3AD0E1
:10753000280E126E090E156E320E166E33D0320EF4
:10754000126E060E136E070E146E280E166E000EC7
:10755000176E28D0320E126E060E136E070E146EC2
:10756000280E166E000E176E1DD0500E126E000EF5
:10757000146E060E156E360E166E14D0140E126EA4
:10758000020E156E0F0E166E0DD03C0E126E620EB0
:10759000166E020E176E06D0630E126E430E166E36
:1075A000020E176E120000EE0FF0150E256E010E82
:1075B0007F6E000E7E6E819C819E81808050EE6E7B
:1075C0007E2A252EF8D7120000EE0FF0150E256E3C
:1075D000010E7F6E600E7E6E819C819E8180805048
:1075E000EE6E7E2A252EF8D7120000EE0FF0010E67
:1075F0007F6E000E7E6E256E25507E6EEE50806E84
:10760000819C819E8184F29EF29C550E826EAA0E10
:10761000826E818281B2FED7D19B8194252A25502A
:10762000150AEAE1F28EF28C120048616D506F6427
:107630000D00310D0000320D0000330D0000410D32
:107640000000340D0000350D0000360D0000420D25
:107650000000370D0000380D0000390D0000430D0B
:107660000000737461720D00506F696E740D00003C
:10767000300D0000706F756E640D0000456E74650E
:10768000720D0000440D000020566F6C756D652072
:107690000000207370656564200020706974636861
:1076A0002000206172746963756C6174696F6E206B
:1076B00000002065787072657373696F6E2000003A
:1076C0002072657665726220000020666F726D61BF
:1076D0006E74206672657175656E63792000207422
:1076E0006F6E6520000020766F6963652000204B77
:1076F000657920426565702000004B6579205469EA
:107700006D65204F757420004B65792054696D6557
:10771000204F7574204475726174696F6E2000008B
:10772000566572626F73697479200000436F6D6DE6
:10773000756E69636174696F6E732054696D654F0E
:10774000757420002041626F72742C200D0020455A
:107750006E61626C65640D002044697361626C65E2
:10776000640D00004F6E200D00004F6666200D0076
:1077700020537065656368204F6E0D00205370655F
:107780006563682064697361626C65640D002053F1
:1077900070656563682069732064697361626C65F4
:1077A000640D00002001324A323530303030303044
:1077B0000D001E01324A33303030303030300D0091
:1077C0002001324A32303030303030300D0020016C
:1077D000324A31303030303530300D002001303316
:1077E0006A30363030303030300D200130356A307C
:1077F000353030303030300D0000200130376A3005
:10780000363030303030300D200130376A3035308E
:1078100030303030300D0000200130376A303530E4
:1078200030303030300D200130376A303630303073
:107830003030300D00002001326A303830303035C1
:1078400030300D0054696D65204F75740D00436F25
:107850006E66696775726174696F6E204D6F6465DD
:107860000D00436F6E66696775726174696F6E2093
:1078700053617665640D0000436F6E6669677572CB
:107880006174696F6E206E6F742073617665640D2C
:10789000000053617665640D0000526543616C6CB5
:1078A0000D00436C6561720D0000436C65617220D0
:1078B000456E7472790D0000556E6B6E6F776E0DAC
:1078C000000053686966740D00005368696674208F
:1078D000320D00005368696674204F66660D000023
:1078E000436865636B20526164696F0D00004E6FE1
:1078F000726D616C0D00526164696F2054696D6531
:10790000204F75740D00506F727420310D00506F50
:10791000727420320D00506F776572204F6E2074A4
:107920006F200000456E74657220746F205265737D
:107930006574206F72205374617220746F20466CDE
:107940006173680D0000526573657420616E642078
:10795000466C617368696E672044697361626C6527
:10796000640D000052657365740D00005265736507
:1079700074204E6F773F0D00526573746F726520EF
:10798000746F20466163746F727920446566617517
:107990006C74733F2C2050726573732031746F20A8
:1079A000726573746F72652C20616E79206F7468D4
:1079B0006572206B657920746F2061626F72742E1E
:1079C0000D0044656661756C747320726573746F25
:1079D0007265642C20506572666F726D696E6720E7
:1079E00052657365740D000057616974696E672094
:1079F000666F72204669726D776172652120416EF3
:107A000079204B657920546F2041626F72740D00AC
:107A1000466C617368696E670D004175746F200D67
:107A20000000466173740D004D656469756D0D004D
:107A3000536C6F770D0045786974205761746368E3
:107A40000D00535752206973200D0000496E766176
:107A50006C696420446174610D0044617461204C60
:107A6000656E677468204572726F720D0000496E12
:107A700076616C6964204865616465720D004461DB
:107A80007461204572726F720D00517565727920B4
:107A90004572726F720D00004672657175656E6396
:107AA0007920416E6E6F756E63656D656E74200032
:107AB0004672657175656E637920416E6E6F756E85
:107AC00063656D656E742044656C617920004620A5
:107AD000412720422C202044617461204572726F3E
:107AE000720D00004127204620616E6420722046FE
:107AF00020616E6E6F756E63656D656E742000003B
:107B00004672657175656E637920506C7573204D92
:107B10006F6465200000537562200D00422053659C
:107B200074204F6E2C200D004E6F742061766169B9
:107B30006C61626C652077697468204220536574BB
:107B4000204F6E2C200D00004672657175656E63C6
:107B5000790D00002C20496E76616C6964204672B4
:107B6000657175656E63790D000041200D0042203E
:107B70000D00412046204761696E0D00416E74651D
:107B80006E6E610D0000525820416E74656E6E611C
:107B90000D00436F6D7072657373696F6E0D000039
:107BA00043205720616E64204461746120537461E6
:107BB0007475730D000046696C74657220576964B2
:107BC00074680D004D696B65204761696E0D00009A
:107BD0004B657965722053706565640D00004D6FCB
:107BE0006E69746F72204C6576656C0D0000507282
:107BF0006520416D700D0000506F7765720D0000BB
:107C00004E6F69736520426C616E6B65720D00008A
:107C10004E42204C6576656C200D00004174746501
:107C20006E756174696F6E0D000046696C746572E3
:107C3000204E756D6265720D000053706C69742082
:107C40000D0041204D0D00004D6F6465200D0000BA
:107C50004320570D0000432057205265766572730C
:107C600065640D00446174610D00446174612052CB
:107C7000657665727365640D000046204D0D000049
:107C800055205320420D00004C205320420D00008F
:107C900041272046534B0D0046534B0D0000462014
:107CA00053204B2052657665727365640D00505306
:107CB0004B0D00004E6F69736520526564756374E7
:107CC000696F6E200D004E6F746368200D00417562
:107CD000746F204E6F746368200D00004D616E75E7
:107CE000616C204E6F746368200D00004D616E75ED
:107CF000616C0D00412720472043200D00004920E2
:107D0000462053686966740D0000522049205420B3
:107D10000D005820492054200D00522049205420A5
:107D2000616E642058204920542044697361626C5C
:107D300065640D005472616E736D6974204F6E201E
:107D4000562046204F204127200D00005472616EBE
:107D5000736D6974204F6E20562046204F204220BC
:107D60000D00564F582069732044697361626C6539
:107D7000642C200D000042616E640D0042616E644F
:107D8000204F66660D003136306D0D0038306D0DB8
:107D9000000036306D0D000034306D0D00003330C2
:107DA0006D0D000032306D0D000031376D0D00009B
:107DB00031356D0D000031326D0D000031306D0D2B
:107DC0000000366D0D00326D0D0056204820460D26
:107DD000000037302063206D0D0055204820460DEF
:107DE0000000312E322047487A0D000047656E0DA5
:107DF00000004127204C20430D00506C75730D008E
:107E00004D696E75730D00004D656D6F72790D00D3
:107E100042616E6B0D004368616E6E656C0D000013
:107E200045786974204D656D6F72790D000054724C
:107E3000616E736665720D00546F20562046204FA8
:107E40002041270D0000546F20562046204F20422D
:107E50000D00456D7074790D00004E6172726F7780
:107E60000D00576964650D0044544D460D0044549F
:107E70004D4620546F6E65204475726174696F6E53
:107E80000D00457869742044544D460D0000426150
:107E9000722047726170680D00002C204475616C7F
:107EA00020506173732042616E64206F7220412004
:107EB000502046206973206F6E0D00002C20447501
:107EC000616C20546F6E652046696C746572206920
:107ED00073206F6E0D002C20462053204B205472CF
:107EE000616E736D697420506F6C61726974792072
:107EF000697320496E7665727465640D00002C20EC
:107F000053796E6320446174610D00002C20546528
:107F1000787420746F205465726D696E616C20698D
:107F200073204F6E0D00566F696365204D6F646559
:107F300073205374617475730D002C2045205320F9
:107F4000532042206973204F6E0D00002C204E6F8D
:107F50006973652047617465206973204F6E0D0059
:107F60002C204127204D2053796E63206973204FC8
:107F70006E0D00002C207769746820552053204234
:107F80002053656C65637465640D00002C2077696F
:107F90007468204C205320422053656C65637465DF
:107FA000640D00002C2046204D2050204C20697389
:107FB000204F6E0D00002C20526570656174657253
:107FC000204F666673657420697320506C75730D5D
:107FD00000002C205265706561746572204F6666E2
:107FE000736574206973204D696E75730D002C20C4
:107FF0004E6F6D696E616C0D00004D69736B20539F
:1080000074617475730D00002C2054205820546541
:1080100073740D002C204D696C6C69205761747469
:1080200020506F776572204D6F64650D00002C2025
:108030004D6573736167652042616E6B20310D0081
:108040002C204D6573736167652042616E6B203231
:108050000D002C204D65737361676520506C61794C
:10806000696E670D00002C20507265736574204E98
:10807000756D62657220310D00002C2050726573A1
:108080006574204E756D62657220320D00002C20E3
:10809000446976657273697479204F6E0D002C20E7
:1080A0005375622052656365697665722069732035
:1080B0004F66660D00002C20537562205265636583
:1080C00069766572204F6E0D00002C204475616C3E
:1080D000205761746368204F6E0D00002C204D61A5
:1080E000696E2052656365697665722069732053F5
:1080F0007175656C636865640D002C205375622092
:108100005265636569766572206973205371756580
:108110006C636865640D00002C20562046204F20BB
:1081200042204C20452044206973204F6E0D0000F2
:108130002C204F20462053204C204520442069739A
:10814000204F6E0D00002C205375622052582041A4
:108150006E74656E6E610D002C205375622052584E
:1081600020416E74656E6E6120746F204D61696E82
:108170000D002C2053756220525820416E74656E9C
:108180006E6120746F20204F580D00002C20537515
:108190006220525820417578696C69617279206358
:1081A0006F6E6E656374656420746F2C204E6F6E05
:1081B00020545820412054205520416E74656E6E25
:1081C000610D00002C2053756220525820417578B3
:1081D000696C6961727920636F6E6E656374656442
:1081E00020746F2C20417578696C69617279205216
:1081F00020462042204E20430D004B33204F6E6C12
:10820000790D00004B330D004B33530D00004B58DC
:10821000320D00004B58330D00004C696E6B0D00A1
:108220004453502054312C200000445350205432E9
:108230002C2000004453502054332C2000004920AF
:10824000462054312C2000004920462054322C2056
:1082500000004920462054332C2000004C657665F0
:108260006C2049732000522046204761696E0D0042
:108270005465787420427566666572200D0051530E
:108280004B20696E2046756C6C0D000051534B20DD
:10829000696E2053656D690D0000564F58203420DB
:1082A000566F696365206973204F6E2C200D0000A6
:1082B000564F582034204357206973204F6E2C208E
:1082C0000D002018416C61726D200D00201843577D
:1082D000204920416D626963200D000020184C4345
:1082E000442041646A757374200D000020184C43CB
:1082F00044204272696768746E657373200D0000D4
:1083000020184C20452044204272696768746E65CD
:108310007373200D000020184D657373616765202D
:1083200053656C65637420496E74657276616C2068
:108330000D002018435720506164646C65200D00C7
:1083400020185265706561746572204F66667365AA
:1083500074200D00201852656365697665204571AB
:1083600075616C697A6572200D0020185472616E17
:10837000736D697420457175616C697A6572200D41
:1083800000002018564F58204761696E200D0000EC
:108390002018416E746920564F58200D0000201897
:1083A000435720576569676874200D0020183220F4
:1083B000546F6E65200D0000201841204620562085
:1083C00054696D65200D000020184D696B652B4CBC
:1083D000696E65200D0020185420582044656C619A
:1083E00079200D002018412047204320536C6F70E6
:1083F00065200D00201846204D204D6F6465200D2E
:10840000000020184469676974616C204F757420FE
:108410000D002018412047204320486F6C64200D38
:108420000000201846204D20446576696174696F0C
:108430006E200D00201845787465726E616C2041C5
:10844000204C2043200D000020184B2041205420B8
:10845000332054756E6572200D0020184120542081
:1084600055204D6F6465200D000020184261747422
:10847000657279204D696E696D756D200D0020184B
:1084800054205820496E6869626974200D002018D4
:1084900053657269616C204E756D626572200D00C6
:1084A00020185420582047205620432045200D00F6
:1084B00020184669726D776172652056657273691E
:1084C0006F6E73200D00201844617465200D00004C
:1084D00020184461746520466F726D6174200D0030
:1084E0002018444453204672657175656E63792087
:1084F0000D0020184C696E65204F7574200D00002A
:1085000020184B2049204F2033200D0020184120F7
:1085100044204320526566200D002018522046203A
:108520004920446574656374200D000020184420C0
:1085300056205220737461747573200D000020184A
:10854000412047204320446563617920536C6F7755
:10855000200D000020184372797374616C20466905
:108560006C7465722042616E647769647468200D72
:10857000000020184372797374616C2046696C7432
:108580006572204F6666736574200D002018437273
:10859000797374616C2046696C74657220476169F7
:1085A0006E200D0020184372797374616C20466947
:1085B0006C74657220417661696C6162696C697482
:1085C00079200D0020185472616E736D6974204615
:1085D000696C7465722053656C656374696F6E2095
:1085E0000D00201846726F6E742050616E656C200D
:1085F00054656D7065726174757265200D00201888
:10860000462053204B20506F6C6172697479200DA5
:10861000000020184175746F20496E666F726D619D
:1086200074696F6E200D0000201847656E657261D9
:108630006C20636F766572616765206D6F64756C21
:1086400065200D0020184146204C696D6974200D8D
:10865000000020184B204E20422033200D0020180F
:108660004B2052204320322042616E6420446563D7
:108670006F646572200D000020184B205220582096
:108680003320537562205265636569766572200DEB
:10869000000020184B205820562033204F7074695A
:1086A0006F6E200D000020184C204320442054659C
:1086B0007374200D000020184D696B652053656CA4
:1086C000656374200D0020184E20422053617665AA
:1086D000200D000020184B20502041272033200D72
:1086E00000002018502041272054656D706572618C
:1086F00074757265200D000020185220532032201E
:108700003332200D0000201854756E6520506F77AD
:108710006572200D0000201853796E632044617447
:1087200061200D00201853204D65746572204D6F37
:108730006465200D00002018412047204320446537
:108740006361792046617374200D00002018526522
:10875000666572656E6365204F7363696C6C6174E6
:108760006F72200D000020184D61696E20537175E5
:10877000656C6368200D00002018537562205371EA
:1087800075656C6368200D00201853204D65746575
:1087900072204F6666736574200D00002018532008
:1087A0004D65746572205363616C65200D0020185F
:1087B00053204D65746572205065616B200D00007B
:1087C0002018536176652053706C6974200D000089
:1087D0002018537065616B657273200D00002018BE
:1087E0005377697463682054657374200D002018F2
:1087F00053776974636820546F6E65200D002018EC
:1088000054656368204D6F6465200D00201854691D
:108810006D65200D0000201841204720432054683A
:10882000726573686F6C64200D002018502054200E
:10883000542052656C65617365200D0020184261FB
:108840006E64204D6170200D0000201854205420CB
:1088500059204C6574746572200D00002018542056
:10886000582041204C2043200D002018542058202F
:108870004761696E200D0000201853756220412069
:1088800046200D002018506F7765722053657420C4
:108890000D0020184D696B6520427574746F6E2051
:1088A0000D002018562043204F204D6F6465200D89
:1088B00000002018562046204F20436F756E7473B9
:1088C00020506572205475726E200D0020185620BD
:1088D00046204F2046617374200D0000201856205A
:1088E00046204F20496E646570656E64656E742025
:1088F0000D002018562046204F204F666673657481
:10890000200D0000201857617474204D6574657245
:108910002043616C6962726174696F6E200D0000A2
:1089200020185472616E73766572746572204F6E92
:108930002F4F6666200D000020185472616E73760A
:10894000657274657220522046200D002018547202
:10895000616E7376657274657220492046200D0041
:1089600020185472616E7376657274657220506F50
:10897000776572200D0020185472616E73766572EF
:10898000746572204F6666736574200D00002018B0
:108990005472616E7376657274657220416464729C
:1089A000657373200D0020184146204761696E20D1
:1089B0000D002018542058204520532053204220D9
:1089C0000D002018537065616B6572202B20506874
:1089D0006F6E6573200D00002018562046204F2032
:1089E000412720746F2042200D002018412047208D
:1089F000432050756C73652052656A656374696FB6
:108A00006E200D002018522049205420436C6561CF
:108A100072200D0020185420582047617465200DE5
:108A2000000020184D656D203020746F2039200D16
:108A3000000020185020542054204B6579200D0050
:108A40002018562046204F20436F617273652054D2
:108A5000756E696E672052617465200D00002018E4
:108A60004120462058204D6F6465200D00002018DD
:108A70005369676E616C2052656D6F76616C200D75
:108A8000000020184120462053204B2C2054205811
:108A9000200D0000201841204720432044656361D9
:108AA00079200D0020185061737362616E64204359
:108AB0006F6E74726F6C200D000020184C204D6991
:108AC000782052200D002018435720512052205169
:108AD000200D0000201854205820442056205220F9
:108AE0000D002018542058204D6F6E69746F72204D
:108AF0000D0020184475616C20502042200D0000AC
:108B00002018562046204F204C696E6B200D000027
:108B10002018417474656E756174696F6E200D0064
:108B2000201850726520416D702032200D002018F1
:108B3000562046204F204E6F69736520526564753C
:108B40006374696F6E200D0020184357204B6579C0
:108B50002031200D000020184357204B657920322A
:108B6000200D00002018564F5820496E6869626930
:108B700074200D00201852205820492051200D004B
:108B800020185220582049736F6C6174696F6E20F1
:108B90000D00201852205820532042204E204C20F7
:108BA0000D00201841204D204D6F6465200D000000
:108BB00020185458205369646562616E64204E75B4
:108BC0006C6C200D000020184120472043204D6F81
:108BD0006465200D00002018412047204320537079
:108BE000656564200D002018542058204269617387
:108BF000200D00002018542058204761696E200D78
:108C00000000201854205820436172726965722058
:108C10004E756C6C200D000020184175746F204F4C
:108C20006666200D000020185220582046696C749A
:108C30006572200D000020184D696B652042696146
:108C400073200D00201850726520416D70200D00BA
:108C50002018426174746572792043686172676597
:108C60007220616E64205265616C2054696D6520CC
:108C7000436C6F636B200D0020184261636B6C695D
:108C8000676874200D002018436172726965722054
:108C90004F706572617465642052656C6179204C17
:108CA0006576656C200D000020184475616C2052BB
:108CB0002058200D00002018412720432043203257
:108CC0002C2049204F200D00201852205820536896
:108CD000696674200D002018522058204E6F697369
:108CE0006520526564756374696F6E200D002018ED
:108CF0005020422054205320532042200D002018A1
:108D00004C20452044204272696768746E65737315
:108D1000200D00002018506F77657220416D702083
:108D20004D6F6465200D0000201832204D6574657C
:108D300072204D6F6465200D000020185069746327
:108D400068200D002018416C74204D44200D000057
:108D50002018435754200D002018416D7020486F93
:108D6000757273200D002018564F58204D44200D69
:108D700000002018564F582044656C6179200D0082
:108D80002018545820434D50200D00002018524602
:108D9000204761696E200D0020185820492054207A
:108DA0000D002018416E7420646F742058205357B2
:108DB000200D000020184B58494F32200D0020187C
:108DC0005254432041646A757374200D00002018CA
:108DD000417578696C617272792031200D0020181C
:108DE000417578696C617272792032200D0020180B
:108DF0004C6F6767696E67200D00201846204D2074
:108E0000546F6E65200D000020184D6163726F2055
:108E100031200D0020184D6163726F2032200D004B
:108E200020184D6163726F2033200D0020184D61B2
:108E300063726F2034200D0020184D6163726F2023
:108E400035200D0020184D6163726F2036200D0013
:108E500020184D6163726F2037200D0020184D617E
:108E600063726F2038200D004C696E6B6564204F73
:108E70006E200D00562046204F204127204C6F6366
:108E80006B6564200D00562046204F2042204C6F19
:108E9000636B6564200D000053706163650D000015
:108EA000646173680D00506F696E740D0000446951
:108EB00073706C61792042205761746368204F6E33
:108EC0000D00446973706C617920412720576174EB
:108ED0006368204F6E0D00004475616C2044697317
:108EE000706C617920412720416E642042205761D7
:108EF000746368204F6E0D004572726F722C2049AA
:108F00006E204D656E75204D6F64650D00004572D5
:108F1000726F722C20496E205472616E736D697489
:108F2000204D6F64650D00004E6F7420496E7374A0
:108F3000616C6C65640D00004279706173730D00A3
:108F40005357522057617463680D00005072657664
:108F5000696F7573205357520D002048616D506F33
:108F600064204B33205265616465722C2056657213
:108F700073696F6E20322E32302C206279204B20A4
:0A8F800036204420512C200D000083
:020000040030CA
:01000000FA05
:01000100D727
:01000200DD20
:01000300FFFD
:010004009F5C
:01000500FFFB
:01000600FFFA
:01000700CF29
:01000800FFF8
:01000A00FFF6
:01000B00FFF5
:020000040031C9
:1001000000040632030300320100011E0101140045
:050110000105020000E2
:1001600000040632030300320100011E01011400E5
:05017000010502000082
:0603CA0048616D506F64F4
:1003D000204B332052656164657220436F707972DF
:1003E0006967687420526F62657274204D2E2053C5
:0C03F000616E74656C6C6F20323032312D
:00000001FF
